"'@timestamp","_index"
"2026-06-04 07:52:46","servicenow-incidents-000001"
"2026-05-17 21:35:24","servicenow-incidents-000001"
"2026-05-29 16:47:57","servicenow-incidents-000001"
"2026-05-29 16:47:57","servicenow-incidents-000001"
"2026-05-29 16:47:56","servicenow-incidents-000001"
"2026-05-29 13:05:12","servicenow-incidents-000001"
"2026-05-28 08:44:22","servicenow-incidents-000001"
"2026-05-29 14:03:16","servicenow-incidents-000001"
"2026-05-29 16:48:37","servicenow-incidents-000001"
"2026-05-28 10:57:39","servicenow-incidents-000001"
"2026-05-21 10:06:45","servicenow-incidents-000001"
"2026-05-29 16:10:36","servicenow-incidents-000001"
"2026-05-29 07:32:06","servicenow-incidents-000001"
"2026-05-29 09:20:51","servicenow-incidents-000001"
"2026-05-29 16:06:44","servicenow-incidents-000001"
"2026-05-29 12:16:04","servicenow-incidents-000001"
"2026-05-29 08:49:12","servicenow-incidents-000001"
"2026-05-29 14:53:01","servicenow-incidents-000001"
"2026-05-29 10:31:57","servicenow-incidents-000001"
"2026-05-29 13:53:34","servicenow-incidents-000001"
"2026-05-29 15:41:50","servicenow-incidents-000001"
"2026-05-29 11:15:20","servicenow-incidents-000001"
"2026-05-15 13:21:50","servicenow-incidents-000001"
"2026-05-29 15:32:56","servicenow-incidents-000001"
"2026-05-22 22:52:58","servicenow-incidents-000001"
"2026-05-28 13:11:53","servicenow-incidents-000001"
"2026-05-29 08:42:14","servicenow-incidents-000001"
"2026-05-28 10:03:32","servicenow-incidents-000001"
"2026-05-26 13:47:02","servicenow-incidents-000001"
"2026-05-22 09:22:56","servicenow-incidents-000001"
"2026-05-22 14:52:12","servicenow-incidents-000001"
"2026-05-29 06:04:29","servicenow-incidents-000001"
"2026-05-29 07:10:04","servicenow-incidents-000001"
"2026-05-29 01:34:38","servicenow-incidents-000001"
"2026-05-22 09:36:52","servicenow-incidents-000001"
"2026-05-29 14:57:12","servicenow-incidents-000001"
"2026-05-20 08:05:56","servicenow-incidents-000001"
"2026-05-29 13:20:26","servicenow-incidents-000001"
"2026-05-27 11:49:09","servicenow-incidents-000001"
"2026-05-29 11:23:25","servicenow-incidents-000001"
"2026-05-13 16:33:12","servicenow-incidents-000001"
"2026-05-27 14:42:08","servicenow-incidents-000001"
"2026-05-29 12:43:45","servicenow-incidents-000001"
"2026-05-29 14:21:59","servicenow-incidents-000001"
"2026-05-29 14:16:28","servicenow-incidents-000001"
"2026-05-29 14:58:49","servicenow-incidents-000001"
"2026-05-29 09:09:39","servicenow-incidents-000001"
"2026-05-28 09:25:39","servicenow-incidents-000001"
"2026-05-21 14:41:45","servicenow-incidents-000001"
"2026-05-21 19:58:16","servicenow-incidents-000001"
"2026-06-03 12:09:34","servicenow-incidents-000001"
"2026-06-02 11:36:04","servicenow-incidents-000001"
"2026-05-27 10:24:19","servicenow-incidents-000001"
"2026-05-29 14:11:06","servicenow-incidents-000001"
"2026-05-29 11:54:53","servicenow-incidents-000001"
"2026-05-29 13:56:23","servicenow-incidents-000001"
"2026-05-28 14:14:33","servicenow-incidents-000001"
"2026-05-22 13:11:02","servicenow-incidents-000001"
"2026-05-29 13:45:53","servicenow-incidents-000001"
"2026-05-29 13:51:26","servicenow-incidents-000001"
"2026-05-27 14:15:43","servicenow-incidents-000001"
"2026-05-29 12:21:20","servicenow-incidents-000001"
"2026-05-28 05:18:32","servicenow-incidents-000001"
"2026-05-28 08:37:35","servicenow-incidents-000001"
"2026-05-29 13:36:55","servicenow-incidents-000001"
"2026-05-28 23:36:52","servicenow-incidents-000001"
"2026-05-29 10:59:40","servicenow-incidents-000001"
"2026-05-20 07:53:21","servicenow-incidents-000001"
"2026-05-28 20:57:38","servicenow-incidents-000001"
"2026-05-27 10:26:21","servicenow-incidents-000001"
"2026-05-29 12:53:45","servicenow-incidents-000001"
"2026-05-29 12:16:13","servicenow-incidents-000001"
"2026-05-27 12:38:05","servicenow-incidents-000001"
"2026-05-29 14:26:04","servicenow-incidents-000001"
"2026-05-13 14:45:36","servicenow-incidents-000001"
"2026-05-11 10:18:06","servicenow-incidents-000001"
"2026-05-29 14:16:55","servicenow-incidents-000001"
"2026-05-29 14:23:49","servicenow-incidents-000001"
"2026-05-28 09:48:24","servicenow-incidents-000001"
"2026-05-26 14:57:01","servicenow-incidents-000001"
"2026-05-29 10:44:37","servicenow-incidents-000001"
"2026-05-29 11:54:39","servicenow-incidents-000001"
"2026-05-29 11:18:02","servicenow-incidents-000001"
"2026-05-26 16:37:43","servicenow-incidents-000001"
"2026-05-28 14:16:03","servicenow-incidents-000001"
"2026-05-20 10:33:32","servicenow-incidents-000001"
"2026-06-03 14:14:06","servicenow-incidents-000001"
"2026-05-28 11:37:01","servicenow-incidents-000001"
"2026-05-26 10:10:43","servicenow-incidents-000001"
"2026-05-28 14:04:05","servicenow-incidents-000001"
"2026-05-26 18:36:59","servicenow-incidents-000001"
"2026-05-21 09:23:18","servicenow-incidents-000001"
"2026-05-23 10:42:24","servicenow-incidents-000001"
"2026-05-28 19:24:05","servicenow-incidents-000001"
"2026-05-29 13:00:01","servicenow-incidents-000001"
"2026-05-28 10:20:17","servicenow-incidents-000001"
"2026-05-27 11:27:56","servicenow-incidents-000001"
"2026-05-15 14:46:42","servicenow-incidents-000001"
"2026-05-18 07:56:00","servicenow-incidents-000001"
"2026-05-29 10:43:08","servicenow-incidents-000001"
"2026-05-21 11:25:30","servicenow-incidents-000001"
"2026-05-26 12:00:21","servicenow-incidents-000001"
"2026-05-29 13:15:57","servicenow-incidents-000001"
"2026-05-18 08:37:06","servicenow-incidents-000001"
"2026-05-29 13:09:34","servicenow-incidents-000001"
"2026-05-26 12:35:33","servicenow-incidents-000001"
"2026-05-27 01:33:37","servicenow-incidents-000001"
"2026-05-29 12:49:59","servicenow-incidents-000001"
"2026-05-28 13:41:33","servicenow-incidents-000001"
"2026-05-28 07:12:42","servicenow-incidents-000001"
"2026-05-28 12:04:29","servicenow-incidents-000001"
"2026-05-28 15:59:30","servicenow-incidents-000001"
"2026-05-29 10:00:29","servicenow-incidents-000001"
"2026-05-29 08:37:51","servicenow-incidents-000001"
"2026-05-26 10:30:27","servicenow-incidents-000001"
"2026-05-29 08:42:58","servicenow-incidents-000001"
"2026-05-29 11:28:27","servicenow-incidents-000001"
"2026-05-28 07:14:50","servicenow-incidents-000001"
"2026-06-02 09:51:22","servicenow-incidents-000001"
"2026-05-21 09:07:42","servicenow-incidents-000001"
"2026-05-26 12:47:47","servicenow-incidents-000001"
"2026-05-28 05:09:20","servicenow-incidents-000001"
"2026-05-29 12:35:40","servicenow-incidents-000001"
"2026-05-29 10:46:00","servicenow-incidents-000001"
"2026-05-29 11:27:37","servicenow-incidents-000001"
"2026-05-28 05:13:30","servicenow-incidents-000001"
"2026-05-26 14:49:34","servicenow-incidents-000001"
"2026-05-29 12:07:38","servicenow-incidents-000001"
"2026-05-27 14:11:02","servicenow-incidents-000001"
"2026-05-28 09:13:41","servicenow-incidents-000001"
"2026-05-20 12:11:50","servicenow-incidents-000001"
"2026-05-29 07:58:32","servicenow-incidents-000001"
"2026-05-20 07:27:15","servicenow-incidents-000001"
"2026-05-27 13:30:42","servicenow-incidents-000001"
"2026-05-29 12:13:52","servicenow-incidents-000001"
"2026-05-29 11:59:03","servicenow-incidents-000001"
"2026-05-27 13:12:33","servicenow-incidents-000001"
"2026-05-29 11:22:23","servicenow-incidents-000001"
"2026-05-29 10:32:20","servicenow-incidents-000001"
"2026-05-25 13:50:47","servicenow-incidents-000001"
"2026-05-29 07:54:59","servicenow-incidents-000001"
"2026-05-26 15:32:00","servicenow-incidents-000001"
"2026-05-27 11:50:05","servicenow-incidents-000001"
"2026-05-29 07:36:41","servicenow-incidents-000001"
"2026-05-27 10:31:43","servicenow-incidents-000001"
"2026-05-29 08:34:38","servicenow-incidents-000001"
"2026-05-29 08:17:03","servicenow-incidents-000001"
"2026-05-28 11:16:29","servicenow-incidents-000001"
"2026-05-29 00:28:33","servicenow-incidents-000001"
"2026-05-28 13:58:58","servicenow-incidents-000001"
"2026-05-28 19:01:41","servicenow-incidents-000001"
"2026-05-26 14:55:19","servicenow-incidents-000001"
"2026-05-29 11:18:49","servicenow-incidents-000001"
"2026-05-29 09:44:09","servicenow-incidents-000001"
"2026-05-29 07:31:54","servicenow-incidents-000001"
"2026-05-26 08:57:14","servicenow-incidents-000001"
"2026-05-28 15:04:59","servicenow-incidents-000001"
"2026-05-29 11:40:00","servicenow-incidents-000001"
"2026-05-27 11:39:58","servicenow-incidents-000001"
"2026-05-29 12:01:14","servicenow-incidents-000001"
"2026-05-28 10:47:10","servicenow-incidents-000001"
"2026-05-28 20:22:32","servicenow-incidents-000001"
"2026-05-29 07:13:50","servicenow-incidents-000001"
"2026-05-05 02:58:37","servicenow-incidents-000001"
"2026-05-01 11:08:47","servicenow-incidents-000001"
"2026-05-29 11:26:25","servicenow-incidents-000001"
"2026-05-22 15:04:56","servicenow-incidents-000001"
"2026-05-21 07:16:09","servicenow-incidents-000001"
"2026-05-25 05:06:41","servicenow-incidents-000001"
"2026-05-28 13:59:56","servicenow-incidents-000001"
"2026-05-29 09:20:51","servicenow-incidents-000001"
"2026-06-03 00:16:50","servicenow-incidents-000001"
"2026-06-03 09:12:22","servicenow-incidents-000001"
"2026-05-27 16:08:01","servicenow-incidents-000001"
"2026-05-29 11:37:02","servicenow-incidents-000001"
"2026-05-26 15:11:00","servicenow-incidents-000001"
"2026-05-27 14:32:54","servicenow-incidents-000001"
"2026-05-19 15:54:59","servicenow-incidents-000001"
"2026-05-29 10:23:25","servicenow-incidents-000001"
"2026-05-28 08:07:20","servicenow-incidents-000001"
"2026-05-29 10:01:04","servicenow-incidents-000001"
"2026-05-29 11:11:53","servicenow-incidents-000001"
"2026-05-26 13:18:12","servicenow-incidents-000001"
"2026-05-26 15:30:04","servicenow-incidents-000001"
"2026-05-20 06:46:41","servicenow-incidents-000001"
"2026-05-29 11:22:31","servicenow-incidents-000001"
"2026-05-28 15:27:38","servicenow-incidents-000001"
"2026-05-28 14:51:18","servicenow-incidents-000001"
"2026-05-28 19:03:41","servicenow-incidents-000001"
"2026-05-27 11:08:45","servicenow-incidents-000001"
"2026-05-28 16:18:25","servicenow-incidents-000001"
"2026-05-28 14:43:44","servicenow-incidents-000001"
"2026-05-28 12:12:01","servicenow-incidents-000001"
"2026-05-27 11:02:07","servicenow-incidents-000001"
"2026-05-27 06:44:28","servicenow-incidents-000001"
"2026-05-22 17:01:30","servicenow-incidents-000001"
"2026-05-27 10:44:10","servicenow-incidents-000001"
"2026-05-22 12:04:24","servicenow-incidents-000001"
"2026-05-26 00:14:08","servicenow-incidents-000001"
"2026-05-29 03:47:36","servicenow-incidents-000001"
"2026-05-29 10:31:56","servicenow-incidents-000001"
"2026-05-26 13:39:25","servicenow-incidents-000001"
"2026-05-28 10:32:43","servicenow-incidents-000001"
"2026-05-29 10:42:00","servicenow-incidents-000001"
"2026-05-29 07:04:18","servicenow-incidents-000001"
"2026-05-29 03:14:23","servicenow-incidents-000001"
"2026-05-28 11:20:03","servicenow-incidents-000001"
"2026-05-26 14:48:41","servicenow-incidents-000001"
"2026-05-27 15:15:04","servicenow-incidents-000001"
"2026-05-25 01:25:19","servicenow-incidents-000001"
"2026-05-27 15:08:55","servicenow-incidents-000001"
"2026-05-27 12:41:04","servicenow-incidents-000001"
"2026-05-29 11:11:34","servicenow-incidents-000001"
"2026-05-29 11:16:18","servicenow-incidents-000001"
"2026-05-29 04:25:47","servicenow-incidents-000001"
"2026-05-06 11:20:15","servicenow-incidents-000001"
"2026-05-05 10:39:26","servicenow-incidents-000001"
"2026-05-29 05:11:19","servicenow-incidents-000001"
"2026-05-29 07:02:12","servicenow-incidents-000001"
"2026-05-08 02:47:08","servicenow-incidents-000001"
"2026-06-03 08:23:52","servicenow-incidents-000001"
"2026-05-29 10:35:14","servicenow-incidents-000001"
"2026-05-14 12:21:46","servicenow-incidents-000001"
"2026-05-28 02:17:03","servicenow-incidents-000001"
"2026-05-29 09:15:07","servicenow-incidents-000001"
"2026-05-29 03:29:30","servicenow-incidents-000001"
"2026-05-29 02:51:55","servicenow-incidents-000001"
"2026-05-29 10:22:01","servicenow-incidents-000001"
"2026-05-29 10:16:43","servicenow-incidents-000001"
"2026-05-26 12:55:16","servicenow-incidents-000001"
"2026-05-29 10:28:38","servicenow-incidents-000001"
"2026-05-29 10:27:47","servicenow-incidents-000001"
"2026-05-29 09:19:54","servicenow-incidents-000001"
"2026-05-29 10:21:39","servicenow-incidents-000001"
"2026-05-28 15:01:44","servicenow-incidents-000001"
"2026-05-28 10:30:43","servicenow-incidents-000001"
"2026-05-29 10:15:00","servicenow-incidents-000001"
"2026-05-21 12:48:20","servicenow-incidents-000001"
"2026-05-26 10:38:42","servicenow-incidents-000001"
"2026-05-29 09:42:51","servicenow-incidents-000001"
"2026-05-28 21:38:43","servicenow-incidents-000001"
"2026-05-21 07:22:25","servicenow-incidents-000001"
"2026-05-28 15:44:56","servicenow-incidents-000001"
"2026-05-26 08:13:30","servicenow-incidents-000001"
"2026-05-28 12:51:09","servicenow-incidents-000001"
"2026-05-28 14:59:27","servicenow-incidents-000001"
"2026-05-29 10:21:51","servicenow-incidents-000001"
"2026-05-27 12:13:04","servicenow-incidents-000001"
"2026-05-29 10:16:54","servicenow-incidents-000001"
"2026-05-28 15:14:42","servicenow-incidents-000001"
"2026-05-28 12:11:30","servicenow-incidents-000001"
"2026-05-29 08:30:01","servicenow-incidents-000001"
"2026-05-29 09:05:03","servicenow-incidents-000001"
"2026-05-29 09:59:32","servicenow-incidents-000001"
"2026-05-28 15:29:44","servicenow-incidents-000001"
"2026-05-27 06:23:47","servicenow-incidents-000001"
"2026-05-26 03:08:04","servicenow-incidents-000001"
"2026-05-29 00:41:57","servicenow-incidents-000001"
"2026-05-29 08:55:48","servicenow-incidents-000001"
"2026-05-27 11:20:47","servicenow-incidents-000001"
"2026-05-29 00:22:00","servicenow-incidents-000001"
"2026-05-26 15:21:30","servicenow-incidents-000001"
"2026-05-28 07:10:38","servicenow-incidents-000001"
"2026-05-28 17:18:48","servicenow-incidents-000001"
"2026-05-29 08:32:15","servicenow-incidents-000001"
"2026-05-29 03:01:55","servicenow-incidents-000001"
"2026-05-29 10:24:15","servicenow-incidents-000001"
"2026-05-28 09:21:23","servicenow-incidents-000001"
"2026-05-29 00:14:39","servicenow-incidents-000001"
"2026-05-26 13:31:45","servicenow-incidents-000001"
"2026-05-29 08:57:02","servicenow-incidents-000001"
"2026-01-27 10:05:22","servicenow-incidents-000001"
"2026-05-20 06:46:04","servicenow-incidents-000001"
"2026-05-28 21:30:34","servicenow-incidents-000001"
"2026-05-27 21:31:07","servicenow-incidents-000001"
"2026-05-26 21:27:20","servicenow-incidents-000001"
"2026-05-25 01:46:33","servicenow-incidents-000001"
"2026-05-24 21:20:58","servicenow-incidents-000001"
"2026-05-08 21:46:07","servicenow-incidents-000001"
"2026-05-07 21:45:11","servicenow-incidents-000001"
"2026-05-06 21:44:43","servicenow-incidents-000001"
"2026-05-28 21:33:08","servicenow-incidents-000001"
"2026-05-28 21:33:08","servicenow-incidents-000001"
"2026-05-27 21:25:13","servicenow-incidents-000001"
"2026-05-27 21:25:08","servicenow-incidents-000001"
"2026-05-27 21:15:00","servicenow-incidents-000001"
"2026-05-25 20:59:08","servicenow-incidents-000001"
"2026-05-25 07:47:14","servicenow-incidents-000001"
"2026-05-25 07:47:11","servicenow-incidents-000001"
"2026-05-22 21:27:45","servicenow-incidents-000001"
"2026-05-22 21:27:43","servicenow-incidents-000001"
"2026-05-21 23:27:21","servicenow-incidents-000001"
"2026-05-21 23:24:52","servicenow-incidents-000001"
"2026-05-21 20:18:08","servicenow-incidents-000001"
"2026-05-19 22:36:42","servicenow-incidents-000001"
"2026-05-19 20:40:19","servicenow-incidents-000001"
"2026-05-17 21:07:43","servicenow-incidents-000001"
"2026-05-17 20:45:50","servicenow-incidents-000001"
"2026-05-16 20:47:58","servicenow-incidents-000001"
"2026-05-16 20:58:58","servicenow-incidents-000001"
"2026-05-15 21:24:38","servicenow-incidents-000001"
"2026-05-15 21:24:41","servicenow-incidents-000001"
"2026-05-15 00:16:39","servicenow-incidents-000001"
"2026-05-14 20:50:18","servicenow-incidents-000001"
"2026-05-11 05:27:02","servicenow-incidents-000001"
"2026-05-09 20:36:26","servicenow-incidents-000001"
"2026-05-09 20:35:21","servicenow-incidents-000001"
"2026-05-09 20:29:19","servicenow-incidents-000001"
"2026-05-07 20:30:29","servicenow-incidents-000001"
"2026-05-07 00:31:22","servicenow-incidents-000001"
"2026-05-06 23:28:26","servicenow-incidents-000001"
"2026-05-06 23:58:32","servicenow-incidents-000001"
"2026-05-06 22:08:49","servicenow-incidents-000001"
"2026-05-04 21:34:15","servicenow-incidents-000001"
"2026-05-01 04:22:22","servicenow-incidents-000001"
"2026-04-30 21:29:06","servicenow-incidents-000001"
"2026-04-21 16:23:42","servicenow-incidents-000001"
"2026-04-27 21:50:32","servicenow-incidents-000001"
"2026-04-21 13:52:32","servicenow-incidents-000001"
"2026-06-03 09:12:53","servicenow-incidents-000001"
"2026-06-03 08:45:14","servicenow-incidents-000001"
"2026-05-27 09:56:16","servicenow-incidents-000001"
"2026-05-28 17:18:50","servicenow-incidents-000001"
"2026-05-28 09:04:27","servicenow-incidents-000001"
"2026-05-29 09:27:42","servicenow-incidents-000001"
"2026-05-28 22:59:28","servicenow-incidents-000001"
"2026-05-29 08:37:06","servicenow-incidents-000001"
"2026-05-28 17:44:34","servicenow-incidents-000001"
"2026-05-27 16:13:11","servicenow-incidents-000001"
"2026-05-28 07:44:53","servicenow-incidents-000001"
"2026-05-19 12:17:21","servicenow-incidents-000001"
"2026-05-28 16:10:57","servicenow-incidents-000001"
"2026-05-27 10:40:31","servicenow-incidents-000001"
"2026-05-29 09:17:38","servicenow-incidents-000001"
"2026-05-20 07:11:25","servicenow-incidents-000001"
"2026-05-28 04:08:56","servicenow-incidents-000001"
"2026-05-26 02:27:11","servicenow-incidents-000001"
"2026-05-29 08:41:06","servicenow-incidents-000001"
"2026-05-29 04:03:21","servicenow-incidents-000001"
"2026-05-28 14:34:18","servicenow-incidents-000001"
"2026-05-29 08:54:58","servicenow-incidents-000001"
"2026-05-27 11:08:53","servicenow-incidents-000001"
"2026-05-27 14:14:03","servicenow-incidents-000001"
"2026-05-29 08:19:33","servicenow-incidents-000001"
"2026-05-29 08:50:25","servicenow-incidents-000001"
"2026-05-22 19:39:57","servicenow-incidents-000001"
"2026-05-06 08:29:24","servicenow-incidents-000001"
"2026-05-29 08:23:31","servicenow-incidents-000001"
"2026-05-29 08:14:27","servicenow-incidents-000001"
"2026-05-29 08:51:55","servicenow-incidents-000001"
"2026-05-29 06:08:12","servicenow-incidents-000001"
"2026-05-27 12:15:30","servicenow-incidents-000001"
"2026-05-29 08:12:29","servicenow-incidents-000001"
"2026-05-25 04:40:05","servicenow-incidents-000001"
"2026-05-29 06:04:20","servicenow-incidents-000001"
"2026-05-29 08:42:36","servicenow-incidents-000001"
"2026-05-28 11:19:23","servicenow-incidents-000001"
"2026-05-29 09:00:43","servicenow-incidents-000001"
"2026-05-27 15:10:32","servicenow-incidents-000001"
"2026-05-29 08:09:32","servicenow-incidents-000001"
"2026-05-28 15:29:47","servicenow-incidents-000001"
"2026-05-29 07:54:29","servicenow-incidents-000001"
"2026-05-29 08:25:08","servicenow-incidents-000001"
"2026-05-26 11:40:03","servicenow-incidents-000001"
"2026-05-28 20:28:37","servicenow-incidents-000001"
"2026-06-03 04:51:40","servicenow-incidents-000001"
"2026-06-03 09:17:17","servicenow-incidents-000001"
"2026-05-29 13:44:49","servicenow-incidents-000001"
"2026-05-28 12:05:20","servicenow-incidents-000001"
"2026-05-28 12:05:20","servicenow-incidents-000001"
"2026-05-28 12:05:00","servicenow-incidents-000001"
"2026-05-28 12:05:13","servicenow-incidents-000001"
"2026-05-28 12:04:59","servicenow-incidents-000001"
"2026-05-28 12:04:59","servicenow-incidents-000001"
"2026-05-28 12:04:53","servicenow-incidents-000001"
"2026-05-28 12:04:50","servicenow-incidents-000001"
"2026-05-28 12:04:50","servicenow-incidents-000001"
"2026-05-28 12:04:48","servicenow-incidents-000001"
"2026-05-28 12:04:48","servicenow-incidents-000001"
"2026-04-28 02:38:44","servicenow-incidents-000001"
"2026-04-28 02:38:43","servicenow-incidents-000001"
"2026-04-28 02:38:37","servicenow-incidents-000001"
"2026-04-28 02:38:37","servicenow-incidents-000001"
"2026-04-28 02:38:29","servicenow-incidents-000001"
"2026-04-28 02:38:28","servicenow-incidents-000001"
"2026-04-28 02:38:27","servicenow-incidents-000001"
"2026-04-28 02:38:27","servicenow-incidents-000001"
"2026-04-28 02:38:27","servicenow-incidents-000001"
"2026-04-28 02:38:26","servicenow-incidents-000001"
"2026-04-28 02:38:23","servicenow-incidents-000001"
"2026-04-28 02:38:17","servicenow-incidents-000001"
"2026-04-28 02:38:10","servicenow-incidents-000001"
"2026-04-28 02:38:10","servicenow-incidents-000001"
"2026-04-28 02:38:09","servicenow-incidents-000001"
"2026-04-28 02:38:08","servicenow-incidents-000001"
"2026-04-28 02:37:59","servicenow-incidents-000001"
"2026-04-28 02:37:58","servicenow-incidents-000001"
"2026-04-28 02:37:58","servicenow-incidents-000001"
"2026-04-28 02:37:56","servicenow-incidents-000001"
"2026-04-28 02:37:56","servicenow-incidents-000001"
"2026-04-28 02:36:54","servicenow-incidents-000001"
"2026-04-28 02:36:54","servicenow-incidents-000001"
"2026-04-28 02:36:53","servicenow-incidents-000001"
"2026-04-28 02:36:52","servicenow-incidents-000001"
"2026-04-28 02:36:40","servicenow-incidents-000001"
"2026-04-28 02:36:36","servicenow-incidents-000001"
"2026-04-28 02:36:35","servicenow-incidents-000001"
"2026-04-28 02:36:35","servicenow-incidents-000001"
"2026-04-28 02:36:16","servicenow-incidents-000001"
"2026-04-28 02:36:16","servicenow-incidents-000001"
"2026-04-28 02:35:56","servicenow-incidents-000001"
"2026-04-28 02:35:56","servicenow-incidents-000001"
"2026-04-28 02:35:56","servicenow-incidents-000001"
"2026-05-29 08:22:36","servicenow-incidents-000001"
"2026-06-01 13:32:14","servicenow-incidents-000001"
"2026-05-28 05:58:13","servicenow-incidents-000001"
"2026-05-28 04:47:52","servicenow-incidents-000001"
"2026-05-15 01:45:24","servicenow-incidents-000001"
"2026-05-28 01:48:39","servicenow-incidents-000001"
"2026-05-28 03:28:11","servicenow-incidents-000001"
"2026-05-25 13:15:21","servicenow-incidents-000001"
"2026-05-27 08:32:09","servicenow-incidents-000001"
"2026-05-26 09:24:08","servicenow-incidents-000001"
"2026-05-28 00:48:26","servicenow-incidents-000001"
"2026-05-18 00:29:05","servicenow-incidents-000001"
"2026-05-26 05:30:36","servicenow-incidents-000001"
"2026-05-27 07:48:27","servicenow-incidents-000001"
"2026-05-22 11:31:28","servicenow-incidents-000001"
"2026-05-27 14:27:17","servicenow-incidents-000001"
"2026-05-26 16:41:38","servicenow-incidents-000001"
"2026-05-15 14:19:19","servicenow-incidents-000001"
"2026-05-26 16:20:43","servicenow-incidents-000001"
"2026-05-29 03:22:58","servicenow-incidents-000001"
"2026-05-27 03:21:49","servicenow-incidents-000001"
"2026-05-26 09:57:13","servicenow-incidents-000001"
"2026-05-29 08:32:02","servicenow-incidents-000001"
"2026-05-26 08:33:17","servicenow-incidents-000001"
"2026-05-22 10:03:31","servicenow-incidents-000001"
"2026-05-29 08:26:18","servicenow-incidents-000001"
"2026-05-28 01:44:10","servicenow-incidents-000001"
"2026-05-29 06:06:52","servicenow-incidents-000001"
"2026-05-29 06:06:12","servicenow-incidents-000001"
"2026-05-29 08:31:51","servicenow-incidents-000001"
"2026-05-29 06:33:29","servicenow-incidents-000001"
"2026-05-29 08:16:59","servicenow-incidents-000001"
"2026-05-26 10:18:21","servicenow-incidents-000001"
"2026-05-26 06:02:50","servicenow-incidents-000001"
"2026-05-29 08:05:19","servicenow-incidents-000001"
"2026-05-28 12:00:01","servicenow-incidents-000001"
"2026-05-28 14:38:24","servicenow-incidents-000001"
"2026-05-28 10:31:03","servicenow-incidents-000001"
"2026-05-29 07:22:34","servicenow-incidents-000001"
"2026-05-27 11:44:35","servicenow-incidents-000001"
"2026-05-26 07:56:08","servicenow-incidents-000001"
"2026-05-28 11:56:28","servicenow-incidents-000001"
"2026-05-29 06:46:34","servicenow-incidents-000001"
"2026-05-21 07:07:53","servicenow-incidents-000001"
"2026-05-29 06:05:21","servicenow-incidents-000001"
"2026-05-29 07:52:10","servicenow-incidents-000001"
"2026-05-29 06:57:32","servicenow-incidents-000001"
"2026-05-21 17:17:27","servicenow-incidents-000001"
"2026-05-29 06:53:36","servicenow-incidents-000001"
"2026-05-28 13:46:30","servicenow-incidents-000001"
"2026-05-27 05:25:47","servicenow-incidents-000001"
"2026-05-26 12:50:23","servicenow-incidents-000001"
"2026-05-28 23:04:39","servicenow-incidents-000001"
"2026-05-29 07:28:20","servicenow-incidents-000001"
"2026-05-26 12:26:58","servicenow-incidents-000001"
"2026-05-19 07:20:05","servicenow-incidents-000001"
"2026-05-14 08:59:38","servicenow-incidents-000001"
"2026-05-26 11:06:54","servicenow-incidents-000001"
"2026-05-28 12:14:07","servicenow-incidents-000001"
"2026-05-20 11:59:13","servicenow-incidents-000001"
"2026-05-24 21:44:40","servicenow-incidents-000001"
"2026-05-26 08:44:08","servicenow-incidents-000001"
"2026-05-28 10:32:09","servicenow-incidents-000001"
"2026-05-28 14:18:00","servicenow-incidents-000001"
"2026-05-27 12:16:54","servicenow-incidents-000001"
"2026-05-27 23:51:00","servicenow-incidents-000001"
"2026-05-29 07:24:47","servicenow-incidents-000001"
"2026-05-28 16:54:37","servicenow-incidents-000001"
"2026-05-28 14:53:49","servicenow-incidents-000001"
"2026-05-28 07:45:53","servicenow-incidents-000001"
"2026-05-27 20:08:09","servicenow-incidents-000001"
"2026-05-29 05:24:31","servicenow-incidents-000001"
"2026-05-29 03:34:31","servicenow-incidents-000001"
"2026-05-29 06:19:31","servicenow-incidents-000001"
"2026-05-29 05:19:36","servicenow-incidents-000001"
"2026-05-29 03:49:34","servicenow-incidents-000001"
"2026-05-29 06:34:35","servicenow-incidents-000001"
"2026-05-29 06:09:38","servicenow-incidents-000001"
"2026-05-28 09:03:23","servicenow-incidents-000001"
"2026-05-27 12:09:36","servicenow-incidents-000001"
"2026-05-27 15:04:55","servicenow-incidents-000001"
"2026-05-27 09:52:40","servicenow-incidents-000001"
"2026-05-28 22:13:43","servicenow-incidents-000001"
"2026-05-26 02:05:35","servicenow-incidents-000001"
"2026-05-29 06:36:43","servicenow-incidents-000001"
"2026-05-28 22:20:48","servicenow-incidents-000001"
"2026-05-29 04:50:55","servicenow-incidents-000001"
"2026-05-18 23:56:47","servicenow-incidents-000001"
"2026-05-29 04:04:35","servicenow-incidents-000001"
"2026-05-29 04:04:36","servicenow-incidents-000001"
"2026-05-28 23:27:59","servicenow-incidents-000001"
"2026-05-28 23:04:30","servicenow-incidents-000001"
"2026-05-28 21:31:40","servicenow-incidents-000001"
"2026-05-26 11:26:09","servicenow-incidents-000001"
"2026-05-29 00:58:33","servicenow-incidents-000001"
"2026-05-28 20:22:23","servicenow-incidents-000001"
"2026-05-27 13:34:07","servicenow-incidents-000001"
"2026-05-19 21:52:52","servicenow-incidents-000001"
"2026-05-27 19:00:40","servicenow-incidents-000001"
"2026-05-28 23:34:34","servicenow-incidents-000001"
"2026-05-27 20:14:50","servicenow-incidents-000001"
"2026-05-22 17:24:09","servicenow-incidents-000001"
"2026-05-25 05:15:02","servicenow-incidents-000001"
"2026-05-29 00:29:39","servicenow-incidents-000001"
"2026-05-24 23:06:09","servicenow-incidents-000001"
"2026-05-29 03:19:43","servicenow-incidents-000001"
"2026-05-29 03:06:58","servicenow-incidents-000001"
"2026-05-29 05:21:01","servicenow-incidents-000001"
"2026-05-27 14:57:59","servicenow-incidents-000001"
"2026-05-28 09:13:28","servicenow-incidents-000001"
"2026-05-29 02:19:33","servicenow-incidents-000001"
"2026-05-26 16:47:08","servicenow-incidents-000001"
"2026-05-27 12:00:43","servicenow-incidents-000001"
"2026-05-27 05:11:07","servicenow-incidents-000001"
"2026-05-14 19:41:47","servicenow-incidents-000001"
"2026-05-28 16:31:28","servicenow-incidents-000001"
"2026-05-26 15:41:30","servicenow-incidents-000001"
"2026-05-23 02:04:55","servicenow-incidents-000001"
"2026-05-27 11:42:38","servicenow-incidents-000001"
"2026-05-22 07:51:41","servicenow-incidents-000001"
"2026-05-26 00:44:42","servicenow-incidents-000001"
"2026-05-28 23:18:55","servicenow-incidents-000001"
"2026-05-14 00:01:31","servicenow-incidents-000001"
"2026-05-29 00:06:55","servicenow-incidents-000001"
"2026-05-29 04:27:15","servicenow-incidents-000001"
"2026-05-21 14:10:27","servicenow-incidents-000001"
"2026-05-27 03:28:36","servicenow-incidents-000001"
"2026-05-28 16:56:50","servicenow-incidents-000001"
"2026-05-28 17:22:50","servicenow-incidents-000001"
"2026-05-29 03:54:01","servicenow-incidents-000001"
"2026-04-21 14:22:57","servicenow-incidents-000001"
"2026-05-05 07:56:08","servicenow-incidents-000001"
"2026-05-29 03:41:43","servicenow-incidents-000001"
"2026-05-29 04:05:22","servicenow-incidents-000001"
"2026-05-29 03:17:07","servicenow-incidents-000001"
"2026-05-28 21:06:53","servicenow-incidents-000001"
"2026-05-28 19:57:58","servicenow-incidents-000001"
"2026-05-28 21:19:37","servicenow-incidents-000001"
"2026-05-29 05:15:10","servicenow-incidents-000001"
"2026-05-28 22:37:21","servicenow-incidents-000001"
"2026-05-28 23:49:34","servicenow-incidents-000001"
"2026-05-18 09:07:28","servicenow-incidents-000001"
"2026-05-29 00:32:49","servicenow-incidents-000001"
"2026-05-26 10:06:24","servicenow-incidents-000001"
"2026-05-28 23:55:19","servicenow-incidents-000001"
"2026-05-29 03:11:57","servicenow-incidents-000001"
"2026-05-28 23:05:42","servicenow-incidents-000001"
"2026-05-29 03:05:42","servicenow-incidents-000001"
"2026-05-28 22:11:46","servicenow-incidents-000001"
"2026-05-29 02:34:35","servicenow-incidents-000001"
"2026-05-28 22:04:32","servicenow-incidents-000001"
"2026-05-28 16:41:48","servicenow-incidents-000001"
"2026-05-28 17:00:51","servicenow-incidents-000001"
"2026-05-25 02:59:00","servicenow-incidents-000001"
"2026-05-27 04:01:46","servicenow-incidents-000001"
"2026-05-29 00:57:01","servicenow-incidents-000001"
"2026-05-27 02:24:17","servicenow-incidents-000001"
"2026-05-29 02:08:20","servicenow-incidents-000001"
"2026-05-29 00:39:38","servicenow-incidents-000001"
"2026-05-28 23:20:57","servicenow-incidents-000001"
"2026-05-28 22:10:10","servicenow-incidents-000001"
"2026-05-28 20:32:07","servicenow-incidents-000001"
"2026-05-28 20:02:53","servicenow-incidents-000001"
"2026-05-27 22:56:09","servicenow-incidents-000001"
"2026-05-29 02:30:11","servicenow-incidents-000001"
"2026-05-29 01:04:34","servicenow-incidents-000001"
"2026-05-28 21:24:34","servicenow-incidents-000001"
"2026-05-27 08:29:43","servicenow-incidents-000001"
"2026-05-28 17:52:57","servicenow-incidents-000001"
"2026-05-27 04:05:09","servicenow-incidents-000001"
"2026-05-29 02:39:57","servicenow-incidents-000001"
"2026-05-27 23:05:31","servicenow-incidents-000001"
"2026-05-29 02:09:44","servicenow-incidents-000001"
"2026-05-28 19:34:34","servicenow-incidents-000001"
"2026-05-28 23:49:38","servicenow-incidents-000001"
"2026-05-21 11:23:49","servicenow-incidents-000001"
"2026-05-28 14:54:26","servicenow-incidents-000001"
"2026-05-29 01:04:33","servicenow-incidents-000001"
"2026-05-25 02:58:57","servicenow-incidents-000001"
"2026-05-21 09:02:35","servicenow-incidents-000001"
"2026-05-28 19:44:27","servicenow-incidents-000001"
"2026-05-28 08:35:06","servicenow-incidents-000001"
"2026-05-20 22:29:02","servicenow-incidents-000001"
"2026-05-24 20:04:14","servicenow-incidents-000001"
"2026-05-26 09:18:35","servicenow-incidents-000001"
"2026-05-29 00:39:58","servicenow-incidents-000001"
"2026-05-28 06:43:09","servicenow-incidents-000001"
"2026-05-28 23:54:48","servicenow-incidents-000001"
"2026-05-28 23:48:09","servicenow-incidents-000001"
"2026-05-28 18:46:50","servicenow-incidents-000001"
"2026-05-28 06:39:53","servicenow-incidents-000001"
"2026-05-28 18:03:14","servicenow-incidents-000001"
"2026-05-29 00:22:00","servicenow-incidents-000001"
"2026-05-22 00:06:03","servicenow-incidents-000001"
"2026-05-28 17:37:53","servicenow-incidents-000001"
"2026-05-21 13:20:04","servicenow-incidents-000001"
"2026-05-28 11:07:52","servicenow-incidents-000001"
"2026-05-28 07:23:39","servicenow-incidents-000001"
"2026-05-28 23:19:30","servicenow-incidents-000001"
"2026-05-23 02:34:59","servicenow-incidents-000001"
"2026-05-28 22:33:10","servicenow-incidents-000001"
"2026-05-27 09:13:14","servicenow-incidents-000001"
"2026-05-28 05:05:00","servicenow-incidents-000001"
"2026-05-28 19:04:57","servicenow-incidents-000001"
"2026-05-28 04:49:12","servicenow-incidents-000001"
"2026-05-28 19:29:33","servicenow-incidents-000001"
"2026-05-24 20:05:23","servicenow-incidents-000001"
"2026-05-28 23:34:34","servicenow-incidents-000001"
"2026-05-27 21:40:45","servicenow-incidents-000001"
"2026-05-28 21:04:34","servicenow-incidents-000001"
"2026-05-28 22:51:55","servicenow-incidents-000001"
"2026-05-24 22:45:23","servicenow-incidents-000001"
"2026-05-28 22:41:41","servicenow-incidents-000001"
"2026-05-28 21:51:48","servicenow-incidents-000001"
"2026-05-27 03:09:27","servicenow-incidents-000001"
"2026-05-28 19:30:37","servicenow-incidents-000001"
"2026-05-28 21:34:39","servicenow-incidents-000001"
"2026-05-24 22:55:28","servicenow-incidents-000001"
"2026-05-28 22:21:51","servicenow-incidents-000001"
"2026-05-28 21:21:56","servicenow-incidents-000001"
"2026-05-24 22:25:24","servicenow-incidents-000001"
"2026-05-26 20:56:16","servicenow-incidents-000001"
"2026-05-28 21:21:55","servicenow-incidents-000001"
"2026-05-28 17:46:42","servicenow-incidents-000001"
"2026-05-26 05:02:50","servicenow-incidents-000001"
"2026-05-28 09:38:21","servicenow-incidents-000001"
"2026-05-28 20:21:20","servicenow-incidents-000001"
"2026-05-28 20:51:50","servicenow-incidents-000001"
"2026-05-28 22:06:50","servicenow-incidents-000001"
"2026-05-27 08:16:54","servicenow-incidents-000001"
"2026-05-28 21:11:50","servicenow-incidents-000001"
"2026-05-28 22:11:37","servicenow-incidents-000001"
"2026-05-28 18:04:32","servicenow-incidents-000001"
"2026-05-28 18:07:58","servicenow-incidents-000001"
"2026-05-28 20:51:59","servicenow-incidents-000001"
"2026-05-25 03:20:05","servicenow-incidents-000001"
"2026-05-21 10:31:28","servicenow-incidents-000001"
"2026-05-28 20:37:59","servicenow-incidents-000001"
"2026-05-28 20:33:08","servicenow-incidents-000001"
"2026-05-28 20:29:55","servicenow-incidents-000001"
"2026-05-28 20:25:49","servicenow-incidents-000001"
"2026-05-28 20:11:42","servicenow-incidents-000001"
"2026-05-28 17:11:52","servicenow-incidents-000001"
"2026-05-28 20:25:48","servicenow-incidents-000001"
"2026-05-28 20:16:07","servicenow-incidents-000001"
"2026-05-25 06:35:08","servicenow-incidents-000001"
"2026-05-28 20:51:41","servicenow-incidents-000001"
"2026-05-28 12:56:07","servicenow-incidents-000001"
"2026-05-26 08:10:12","servicenow-incidents-000001"
"2026-05-28 20:41:01","servicenow-incidents-000001"
"2026-05-27 10:45:08","servicenow-incidents-000001"
"2026-05-28 20:41:57","servicenow-incidents-000001"
"2026-05-11 15:50:43","servicenow-incidents-000001"
"2026-05-28 18:27:44","servicenow-incidents-000001"
"2026-05-28 17:43:24","servicenow-incidents-000001"
"2026-05-28 18:01:44","servicenow-incidents-000001"
"2026-05-28 18:04:13","servicenow-incidents-000001"
"2026-05-28 11:24:58","servicenow-incidents-000001"
"2026-05-28 17:37:43","servicenow-incidents-000001"
"2026-05-28 17:42:51","servicenow-incidents-000001"
"2026-05-27 12:32:38","servicenow-incidents-000001"
"2026-05-28 16:41:21","servicenow-incidents-000001"
"2026-05-28 13:22:07","servicenow-incidents-000001"
"2026-05-28 17:03:28","servicenow-incidents-000001"
"2026-05-28 16:56:51","servicenow-incidents-000001"
"2026-05-28 17:07:50","servicenow-incidents-000001"
"2026-05-28 19:42:05","servicenow-incidents-000001"
"2026-05-28 18:07:54","servicenow-incidents-000001"
"2026-05-28 16:16:28","servicenow-incidents-000001"
"2026-05-28 18:17:04","servicenow-incidents-000001"
"2026-05-26 15:11:50","servicenow-incidents-000001"
"2026-05-28 17:31:51","servicenow-incidents-000001"
"2026-05-28 17:01:46","servicenow-incidents-000001"
"2026-05-28 17:11:52","servicenow-incidents-000001"
"2026-05-28 17:11:53","servicenow-incidents-000001"
"2026-05-26 11:16:34","servicenow-incidents-000001"
"2026-05-28 17:20:32","servicenow-incidents-000001"
"2026-05-28 17:01:37","servicenow-incidents-000001"
"2026-05-27 05:37:10","servicenow-incidents-000001"
"2026-05-27 05:37:06","servicenow-incidents-000001"
"2026-05-27 05:37:06","servicenow-incidents-000001"
"2026-05-27 05:37:10","servicenow-incidents-000001"
"2026-05-28 13:41:06","servicenow-incidents-000001"
"2026-04-25 19:02:12","servicenow-incidents-000001"
"2026-04-25 19:02:12","servicenow-incidents-000001"
"2026-04-25 19:02:09","servicenow-incidents-000001"
"2026-04-25 19:02:12","servicenow-incidents-000001"
"2026-04-25 19:02:09","servicenow-incidents-000001"
"2026-04-23 00:42:48","servicenow-incidents-000001"
"2026-04-23 00:42:48","servicenow-incidents-000001"
"2026-04-23 00:42:46","servicenow-incidents-000001"
"2026-04-23 00:42:46","servicenow-incidents-000001"
"2026-04-23 00:42:35","servicenow-incidents-000001"
"2026-04-13 00:31:19","servicenow-incidents-000001"
"2026-04-13 00:31:19","servicenow-incidents-000001"
"2026-04-13 00:31:05","servicenow-incidents-000001"
"2026-04-13 00:31:05","servicenow-incidents-000001"
"2026-04-13 00:31:04","servicenow-incidents-000001"
"2026-05-08 23:23:54","servicenow-incidents-000001"
"2026-05-08 23:25:43","servicenow-incidents-000001"
"2026-05-08 23:23:50","servicenow-incidents-000001"
"2026-05-08 23:23:46","servicenow-incidents-000001"
"2026-04-21 08:56:01","servicenow-incidents-000001"
"2026-04-21 08:56:10","servicenow-incidents-000001"
"2026-04-21 08:55:55","servicenow-incidents-000001"
"2026-04-21 08:55:54","servicenow-incidents-000001"
"2026-06-02 20:23:37","servicenow-incidents-000001"
"2026-06-02 15:09:53","servicenow-incidents-000001"
"2026-04-21 08:35:04","servicenow-incidents-000001"
"2026-06-02 15:25:16","servicenow-incidents-000001"
"2026-06-02 10:01:43","servicenow-incidents-000001"
"2026-06-03 04:52:04","servicenow-incidents-000001"
"2026-06-03 04:29:29","servicenow-incidents-000001"
"2026-06-03 03:35:10","servicenow-incidents-000001"
"2026-05-29 04:53:07","servicenow-incidents-000001"
"2026-06-01 03:52:26","servicenow-incidents-000001"
"2026-06-01 00:25:25","servicenow-incidents-000001"
"2026-06-02 22:45:56","servicenow-incidents-000001"
"2026-06-01 16:21:41","servicenow-incidents-000001"
"2026-05-28 16:59:02","servicenow-incidents-000001"
"2026-05-28 16:07:59","servicenow-incidents-000001"
"2026-05-28 16:12:24","servicenow-incidents-000001"
"2026-05-28 12:15:37","servicenow-incidents-000001"
"2026-05-28 16:44:58","servicenow-incidents-000001"
"2026-05-11 11:24:49","servicenow-incidents-000001"
"2026-05-12 08:40:04","servicenow-incidents-000001"
"2026-05-28 16:26:43","servicenow-incidents-000001"
"2026-05-28 16:23:28","servicenow-incidents-000001"
"2026-05-28 16:23:39","servicenow-incidents-000001"
"2026-05-28 15:29:05","servicenow-incidents-000001"
"2026-05-28 09:56:50","servicenow-incidents-000001"
"2026-05-28 16:35:30","servicenow-incidents-000001"
"2026-05-21 16:05:10","servicenow-incidents-000001"
"2026-05-28 07:51:16","servicenow-incidents-000001"
"2026-05-28 08:10:54","servicenow-incidents-000001"
"2026-05-28 15:16:59","servicenow-incidents-000001"
"2026-05-28 16:10:39","servicenow-incidents-000001"
"2026-05-28 15:17:07","servicenow-incidents-000001"
"2026-05-28 10:20:53","servicenow-incidents-000001"
"2026-05-28 15:17:01","servicenow-incidents-000001"
"2026-05-26 00:44:55","servicenow-incidents-000001"
"2026-05-28 14:53:29","servicenow-incidents-000001"
"2026-05-27 07:24:07","servicenow-incidents-000001"
"2026-05-26 08:00:06","servicenow-incidents-000001"
"2026-05-21 14:47:34","servicenow-incidents-000001"
"2026-05-28 07:49:44","servicenow-incidents-000001"
"2026-05-28 15:26:08","servicenow-incidents-000001"
"2026-05-28 14:03:22","servicenow-incidents-000001"
"2026-05-22 11:33:44","servicenow-incidents-000001"
"2026-05-28 15:29:14","servicenow-incidents-000001"
"2026-05-28 14:32:48","servicenow-incidents-000001"
"2026-05-28 14:27:59","servicenow-incidents-000001"
"2026-05-28 14:21:27","servicenow-incidents-000001"
"2026-05-28 14:43:16","servicenow-incidents-000001"
"2026-05-28 13:52:36","servicenow-incidents-000001"
"2026-05-28 15:09:17","servicenow-incidents-000001"
"2026-05-18 16:02:02","servicenow-incidents-000001"
"2026-05-28 13:36:55","servicenow-incidents-000001"
"2026-05-27 08:27:48","servicenow-incidents-000001"
"2026-05-28 08:51:45","servicenow-incidents-000001"
"2026-05-28 13:12:12","servicenow-incidents-000001"
"2026-05-28 14:39:56","servicenow-incidents-000001"
"2026-05-28 11:46:01","servicenow-incidents-000001"
"2026-05-28 14:41:12","servicenow-incidents-000001"
"2026-05-28 14:54:03","servicenow-incidents-000001"
"2026-05-28 02:16:44","servicenow-incidents-000001"
"2026-05-27 13:51:59","servicenow-incidents-000001"
"2026-05-28 00:29:43","servicenow-incidents-000001"
"2026-05-27 16:44:36","servicenow-incidents-000001"
"2026-05-27 08:17:35","servicenow-incidents-000001"
"2026-05-27 12:01:47","servicenow-incidents-000001"
"2026-05-27 13:47:26","servicenow-incidents-000001"
"2026-05-22 12:16:06","servicenow-incidents-000001"
"2026-05-28 14:10:14","servicenow-incidents-000001"
"2026-05-28 13:50:00","servicenow-incidents-000001"
"2026-05-28 14:40:47","servicenow-incidents-000001"
"2026-05-19 09:10:48","servicenow-incidents-000001"
"2026-05-26 12:40:14","servicenow-incidents-000001"
"2026-05-28 14:32:53","servicenow-incidents-000001"
"2026-05-28 14:08:33","servicenow-incidents-000001"
"2026-05-28 12:51:18","servicenow-incidents-000001"
"2026-05-28 14:34:14","servicenow-incidents-000001"
"2026-05-28 11:35:17","servicenow-incidents-000001"
"2026-05-26 15:14:44","servicenow-incidents-000001"
"2026-05-26 14:28:29","servicenow-incidents-000001"
"2026-05-25 08:02:02","servicenow-incidents-000001"
"2026-05-28 11:28:30","servicenow-incidents-000001"
"2026-05-28 12:03:22","servicenow-incidents-000001"
"2026-05-28 11:36:17","servicenow-incidents-000001"
"2026-05-27 16:40:16","servicenow-incidents-000001"
"2026-05-26 13:10:18","servicenow-incidents-000001"
"2026-05-28 13:12:27","servicenow-incidents-000001"
"2026-05-05 12:19:57","servicenow-incidents-000001"
"2026-05-27 11:28:11","servicenow-incidents-000001"
"2026-05-26 15:37:50","servicenow-incidents-000001"
"2026-05-28 14:39:32","servicenow-incidents-000001"
"2026-05-28 13:43:20","servicenow-incidents-000001"
"2026-05-25 03:45:26","servicenow-incidents-000001"
"2026-05-28 11:18:13","servicenow-incidents-000001"
"2026-05-27 08:42:17","servicenow-incidents-000001"
"2026-05-27 21:13:09","servicenow-incidents-000001"
"2026-05-27 21:10:19","servicenow-incidents-000001"
"2026-05-27 21:23:08","servicenow-incidents-000001"
"2026-05-27 17:42:20","servicenow-incidents-000001"
"2026-05-28 13:20:03","servicenow-incidents-000001"
"2026-05-26 13:16:47","servicenow-incidents-000001"
"2026-05-28 10:00:28","servicenow-incidents-000001"
"2026-05-28 13:25:05","servicenow-incidents-000001"
"2026-05-28 11:13:56","servicenow-incidents-000001"
"2026-05-28 13:03:43","servicenow-incidents-000001"
"2026-05-28 13:11:52","servicenow-incidents-000001"
"2026-05-28 13:24:35","servicenow-incidents-000001"
"2026-05-22 07:37:54","servicenow-incidents-000001"
"2026-05-26 19:04:23","servicenow-incidents-000001"
"2026-05-28 08:57:47","servicenow-incidents-000001"
"2026-05-28 10:38:05","servicenow-incidents-000001"
"2026-05-28 13:11:52","servicenow-incidents-000001"
"2026-05-27 09:19:35","servicenow-incidents-000001"
"2026-05-28 13:03:23","servicenow-incidents-000001"
"2026-05-28 12:11:37","servicenow-incidents-000001"
"2026-05-28 11:57:22","servicenow-incidents-000001"
"2026-05-21 10:43:36","servicenow-incidents-000001"
"2026-05-28 13:23:11","servicenow-incidents-000001"
"2026-05-26 11:35:31","servicenow-incidents-000001"
"2026-05-28 10:18:54","servicenow-incidents-000001"
"2026-05-19 16:16:08","servicenow-incidents-000001"
"2026-05-27 15:41:53","servicenow-incidents-000001"
"2026-05-21 16:08:06","servicenow-incidents-000001"
"2026-05-28 17:01:22","servicenow-incidents-000001"
"2026-06-02 02:59:21","servicenow-incidents-000001"
"2026-04-27 16:15:42","servicenow-incidents-000001"
"2026-05-05 10:07:54","servicenow-incidents-000001"
"2026-05-19 06:09:50","servicenow-incidents-000001"
"2026-05-12 17:04:18","servicenow-incidents-000001"
"2026-05-28 10:24:18","servicenow-incidents-000001"
"2026-05-27 09:16:08","servicenow-incidents-000001"
"2026-05-28 11:58:52","servicenow-incidents-000001"
"2026-05-28 09:44:51","servicenow-incidents-000001"
"2026-05-28 12:04:03","servicenow-incidents-000001"
"2026-05-19 05:38:51","servicenow-incidents-000001"
"2026-05-27 06:49:21","servicenow-incidents-000001"
"2026-05-28 09:50:50","servicenow-incidents-000001"
"2026-05-26 11:47:26","servicenow-incidents-000001"
"2026-05-26 11:31:54","servicenow-incidents-000001"
"2026-05-28 10:47:19","servicenow-incidents-000001"
"2026-05-26 14:56:31","servicenow-incidents-000001"
"2026-05-28 08:12:26","servicenow-incidents-000001"
"2026-05-28 11:45:29","servicenow-incidents-000001"
"2026-05-28 10:03:34","servicenow-incidents-000001"
"2026-05-28 05:31:21","servicenow-incidents-000001"
"2026-06-02 10:06:48","servicenow-incidents-000001"
"2026-06-01 18:07:23","servicenow-incidents-000001"
"2026-05-27 22:14:47","servicenow-incidents-000001"
"2026-05-04 14:23:21","servicenow-incidents-000001"
"2026-05-28 11:41:05","servicenow-incidents-000001"
"2026-05-25 17:26:36","servicenow-incidents-000001"
"2026-05-26 08:23:01","servicenow-incidents-000001"
"2026-05-25 07:13:53","servicenow-incidents-000001"
"2026-05-26 15:27:53","servicenow-incidents-000001"
"2026-05-27 14:10:54","servicenow-incidents-000001"
"2026-05-28 10:09:58","servicenow-incidents-000001"
"2026-05-28 11:37:20","servicenow-incidents-000001"
"2026-05-28 08:31:11","servicenow-incidents-000001"
"2026-05-26 16:50:19","servicenow-incidents-000001"
"2026-05-27 11:49:33","servicenow-incidents-000001"
"2026-05-28 10:18:41","servicenow-incidents-000001"
"2026-05-28 11:07:56","servicenow-incidents-000001"
"2026-05-28 09:59:48","servicenow-incidents-000001"
"2026-05-28 09:32:44","servicenow-incidents-000001"
"2026-05-21 08:01:09","servicenow-incidents-000001"
"2026-05-28 10:42:10","servicenow-incidents-000001"
"2026-05-28 06:00:22","servicenow-incidents-000001"
"2026-05-21 07:11:28","servicenow-incidents-000001"
"2026-05-27 09:04:55","servicenow-incidents-000001"
"2026-05-28 09:36:43","servicenow-incidents-000001"
"2026-05-26 09:52:58","servicenow-incidents-000001"
"2026-05-27 20:15:39","servicenow-incidents-000001"
"2026-04-20 14:54:40","servicenow-incidents-000001"
"2026-05-20 11:50:24","servicenow-incidents-000001"
"2026-05-22 16:19:29","servicenow-incidents-000001"
"2026-05-26 16:51:47","servicenow-incidents-000001"
"2026-05-20 10:30:17","servicenow-incidents-000001"
"2026-05-28 10:30:35","servicenow-incidents-000001"
"2026-05-28 07:55:56","servicenow-incidents-000001"
"2026-05-25 12:34:14","servicenow-incidents-000001"
"2026-05-27 12:49:40","servicenow-incidents-000001"
"2026-05-26 08:10:45","servicenow-incidents-000001"
"2026-05-26 18:09:12","servicenow-incidents-000001"
"2026-05-28 10:07:11","servicenow-incidents-000001"
"2026-05-28 09:11:11","servicenow-incidents-000001"
"2026-05-28 10:12:37","servicenow-incidents-000001"
"2026-05-28 10:06:18","servicenow-incidents-000001"
"2026-05-27 08:37:32","servicenow-incidents-000001"
"2026-05-21 08:09:54","servicenow-incidents-000001"
"2026-05-20 15:44:22","servicenow-incidents-000001"
"2026-05-19 12:30:49","servicenow-incidents-000001"
"2026-05-27 20:14:10","servicenow-incidents-000001"
"2026-05-28 10:11:43","servicenow-incidents-000001"
"2026-05-28 09:24:39","servicenow-incidents-000001"
"2026-05-28 04:15:43","servicenow-incidents-000001"
"2026-05-27 22:04:59","servicenow-incidents-000001"
"2026-05-28 07:57:09","servicenow-incidents-000001"
"2026-05-28 07:24:17","servicenow-incidents-000001"
"2026-05-28 09:53:07","servicenow-incidents-000001"
"2026-05-28 07:44:55","servicenow-incidents-000001"
"2026-05-28 07:50:15","servicenow-incidents-000001"
"2026-05-14 13:38:39","servicenow-incidents-000001"
"2026-05-26 14:59:38","servicenow-incidents-000001"
"2026-05-28 08:01:51","servicenow-incidents-000001"
"2026-06-02 10:16:11","servicenow-incidents-000001"
"2026-06-01 10:16:02","servicenow-incidents-000001"
"2026-05-27 06:54:45","servicenow-incidents-000001"
"2026-05-27 15:11:25","servicenow-incidents-000001"
"2026-05-27 08:36:07","servicenow-incidents-000001"
"2026-05-27 13:34:16","servicenow-incidents-000001"
"2026-05-27 12:36:54","servicenow-incidents-000001"
"2026-05-14 18:37:55","servicenow-incidents-000001"
"2026-05-22 08:08:08","servicenow-incidents-000001"
"2026-05-27 08:53:25","servicenow-incidents-000001"
"2026-05-22 09:34:45","servicenow-incidents-000001"
"2026-05-20 10:31:04","servicenow-incidents-000001"
"2026-05-27 11:34:16","servicenow-incidents-000001"
"2026-05-28 07:25:50","servicenow-incidents-000001"
"2026-05-28 08:50:34","servicenow-incidents-000001"
"2026-05-19 08:45:16","servicenow-incidents-000001"
"2026-05-20 04:13:37","servicenow-incidents-000001"
"2026-05-28 08:29:37","servicenow-incidents-000001"
"2026-05-27 08:51:22","servicenow-incidents-000001"
"2026-05-27 15:09:02","servicenow-incidents-000001"
"2026-05-22 08:04:55","servicenow-incidents-000001"
"2026-05-26 13:25:38","servicenow-incidents-000001"
"2026-05-21 23:15:20","servicenow-incidents-000001"
"2026-05-26 10:33:28","servicenow-incidents-000001"
"2026-05-27 09:03:05","servicenow-incidents-000001"
"2026-05-28 06:59:21","servicenow-incidents-000001"
"2026-05-28 09:07:59","servicenow-incidents-000001"
"2026-05-28 07:36:00","servicenow-incidents-000001"
"2026-05-28 09:06:42","servicenow-incidents-000001"
"2026-05-28 08:19:59","servicenow-incidents-000001"
"2026-05-26 12:19:24","servicenow-incidents-000001"
"2026-05-28 08:00:34","servicenow-incidents-000001"
"2026-05-26 14:49:17","servicenow-incidents-000001"
"2026-05-28 08:44:25","servicenow-incidents-000001"
"2026-05-21 14:30:21","servicenow-incidents-000001"
"2026-05-19 09:24:14","servicenow-incidents-000001"
"2026-05-28 05:44:36","servicenow-incidents-000001"
"2026-05-26 22:10:14","servicenow-incidents-000001"
"2026-04-27 19:00:41","servicenow-incidents-000001"
"2026-05-28 04:15:41","servicenow-incidents-000001"
"2026-05-27 22:55:02","servicenow-incidents-000001"
"2026-05-28 04:01:21","servicenow-incidents-000001"
"2026-04-27 20:00:58","servicenow-incidents-000001"
"2026-05-28 05:29:42","servicenow-incidents-000001"
"2026-05-27 11:22:42","servicenow-incidents-000001"
"2026-05-28 04:53:31","servicenow-incidents-000001"
"2026-05-26 16:44:33","servicenow-incidents-000001"
"2026-05-27 06:02:03","servicenow-incidents-000001"
"2026-05-28 04:05:03","servicenow-incidents-000001"
"2026-05-22 11:33:49","servicenow-incidents-000001"
"2026-05-26 12:44:38","servicenow-incidents-000001"
"2026-05-27 14:48:58","servicenow-incidents-000001"
"2026-05-28 04:28:05","servicenow-incidents-000001"
"2026-05-28 04:10:21","servicenow-incidents-000001"
"2026-05-26 05:23:10","servicenow-incidents-000001"
"2026-05-28 04:17:04","servicenow-incidents-000001"
"2026-05-24 13:11:18","servicenow-incidents-000001"
"2026-05-25 05:36:45","servicenow-incidents-000001"
"2026-05-28 04:05:03","servicenow-incidents-000001"
"2026-05-27 08:01:04","servicenow-incidents-000001"
"2026-05-27 04:44:25","servicenow-incidents-000001"
"2026-05-28 04:20:35","servicenow-incidents-000001"
"2026-05-28 03:41:03","servicenow-incidents-000001"
"2026-05-26 07:19:38","servicenow-incidents-000001"
"2026-05-28 01:17:57","servicenow-incidents-000001"
"2026-05-28 03:20:53","servicenow-incidents-000001"
"2026-05-27 16:23:58","servicenow-incidents-000001"
"2026-05-27 06:07:43","servicenow-incidents-000001"
"2026-05-25 01:06:21","servicenow-incidents-000001"
"2026-05-27 23:05:32","servicenow-incidents-000001"
"2026-05-26 10:23:04","servicenow-incidents-000001"
"2026-05-28 02:11:06","servicenow-incidents-000001"
"2026-05-28 02:10:03","servicenow-incidents-000001"
"2026-05-26 06:25:20","servicenow-incidents-000001"
"2026-05-27 21:38:23","servicenow-incidents-000001"
"2026-05-28 01:57:12","servicenow-incidents-000001"
"2026-05-28 00:35:08","servicenow-incidents-000001"
"2026-05-28 01:45:43","servicenow-incidents-000001"
"2026-05-25 06:25:30","servicenow-incidents-000001"
"2026-05-28 02:15:04","servicenow-incidents-000001"
"2026-05-28 01:23:38","servicenow-incidents-000001"
"2026-05-07 12:22:16","servicenow-incidents-000001"
"2026-05-26 15:28:57","servicenow-incidents-000001"
"2026-05-28 01:01:20","servicenow-incidents-000001"
"2026-05-04 09:22:32","servicenow-incidents-000001"
"2026-05-28 00:04:39","servicenow-incidents-000001"
"2026-05-28 00:22:01","servicenow-incidents-000001"
"2026-05-28 00:20:06","servicenow-incidents-000001"
"2026-05-26 20:12:21","servicenow-incidents-000001"
"2026-05-23 04:40:11","servicenow-incidents-000001"
"2026-05-27 21:25:02","servicenow-incidents-000001"
"2026-05-27 00:00:17","servicenow-incidents-000001"
"2026-05-23 02:31:21","servicenow-incidents-000001"
"2026-05-27 20:06:18","servicenow-incidents-000001"
"2026-05-27 20:06:18","servicenow-incidents-000001"
"2026-05-13 13:43:56","servicenow-incidents-000001"
"2026-05-24 23:46:05","servicenow-incidents-000001"
"2026-05-27 19:04:35","servicenow-incidents-000001"
"2026-05-25 06:08:32","servicenow-incidents-000001"
"2026-05-27 18:40:20","servicenow-incidents-000001"
"2026-05-20 23:14:59","servicenow-incidents-000001"
"2026-05-27 22:50:26","servicenow-incidents-000001"
"2026-05-26 06:30:16","servicenow-incidents-000001"
"2026-05-23 06:29:51","servicenow-incidents-000001"
"2026-05-23 06:29:50","servicenow-incidents-000001"
"2026-05-26 01:10:10","servicenow-incidents-000001"
"2026-05-25 20:49:38","servicenow-incidents-000001"
"2026-05-27 18:02:13","servicenow-incidents-000001"
"2026-05-27 13:11:10","servicenow-incidents-000001"
"2026-05-27 22:33:56","servicenow-incidents-000001"
"2026-05-26 13:46:36","servicenow-incidents-000001"
"2026-05-16 23:52:08","servicenow-incidents-000001"
"2026-05-19 13:24:32","servicenow-incidents-000001"
"2026-04-14 16:05:22","servicenow-incidents-000001"
"2026-05-27 17:04:31","servicenow-incidents-000001"
"2026-05-27 08:45:29","servicenow-incidents-000001"
"2026-05-23 18:10:22","servicenow-incidents-000001"
"2026-05-27 22:20:33","servicenow-incidents-000001"
"2026-05-27 22:11:22","servicenow-incidents-000001"
"2026-05-27 22:04:59","servicenow-incidents-000001"
"2026-05-27 22:05:01","servicenow-incidents-000001"
"2026-05-27 22:10:15","servicenow-incidents-000001"
"2026-05-26 10:15:13","servicenow-incidents-000001"
"2026-05-27 21:11:24","servicenow-incidents-000001"
"2026-05-27 19:31:57","servicenow-incidents-000001"
"2026-05-27 21:12:23","servicenow-incidents-000001"
"2026-05-27 10:05:03","servicenow-incidents-000001"
"2026-05-27 20:57:23","servicenow-incidents-000001"
"2026-05-27 18:40:19","servicenow-incidents-000001"
"2026-05-27 18:40:20","servicenow-incidents-000001"
"2026-05-27 20:46:28","servicenow-incidents-000001"
"2026-05-27 20:46:26","servicenow-incidents-000001"
"2026-05-27 20:41:20","servicenow-incidents-000001"
"2026-05-27 20:46:29","servicenow-incidents-000001"
"2026-05-27 20:47:57","servicenow-incidents-000001"
"2026-05-27 20:29:08","servicenow-incidents-000001"
"2026-05-27 20:39:52","servicenow-incidents-000001"
"2026-05-26 19:33:38","servicenow-incidents-000001"
"2026-05-27 07:34:32","servicenow-incidents-000001"
"2026-05-26 15:01:55","servicenow-incidents-000001"
"2026-05-26 12:48:26","servicenow-incidents-000001"
"2026-05-20 16:51:16","servicenow-incidents-000001"
"2026-05-22 18:04:58","servicenow-incidents-000001"
"2026-05-26 11:04:36","servicenow-incidents-000001"
"2026-05-27 15:06:40","servicenow-incidents-000001"
"2026-05-22 08:22:55","servicenow-incidents-000001"
"2026-05-26 01:58:07","servicenow-incidents-000001"
"2026-05-20 00:06:35","servicenow-incidents-000001"
"2026-05-28 04:07:14","servicenow-incidents-000001"
"2026-05-19 08:46:45","servicenow-incidents-000001"
"2026-05-28 05:30:08","servicenow-incidents-000001"
"2026-05-28 04:45:02","servicenow-incidents-000001"
"2026-05-27 22:25:09","servicenow-incidents-000001"
"2026-05-15 07:47:55","servicenow-incidents-000001"
"2026-05-28 08:17:37","servicenow-incidents-000001"
"2026-05-28 08:01:02","servicenow-incidents-000001"
"2026-05-26 09:14:33","servicenow-incidents-000001"
"2026-05-25 13:25:07","servicenow-incidents-000001"
"2026-05-28 08:27:07","servicenow-incidents-000001"
"2026-05-28 08:30:03","servicenow-incidents-000001"
"2026-05-27 01:10:12","servicenow-incidents-000001"
"2026-05-22 03:22:29","servicenow-incidents-000001"
"2026-05-26 17:10:18","servicenow-incidents-000001"
"2026-05-28 07:53:21","servicenow-incidents-000001"
"2026-05-26 17:10:17","servicenow-incidents-000001"
"2026-05-28 07:53:22","servicenow-incidents-000001"
"2026-05-28 00:45:04","servicenow-incidents-000001"
"2026-05-28 07:47:15","servicenow-incidents-000001"
"2026-05-28 03:40:08","servicenow-incidents-000001"
"2026-05-28 05:00:33","servicenow-incidents-000001"
"2026-05-27 09:31:41","servicenow-incidents-000001"
"2026-05-28 08:02:03","servicenow-incidents-000001"
"2026-05-26 09:44:41","servicenow-incidents-000001"
"2026-05-20 11:56:46","servicenow-incidents-000001"
"2026-05-21 08:05:01","servicenow-incidents-000001"
"2026-05-28 07:32:40","servicenow-incidents-000001"
"2026-05-25 13:12:08","servicenow-incidents-000001"
"2026-05-21 09:25:03","servicenow-incidents-000001"
"2026-05-27 23:25:06","servicenow-incidents-000001"
"2026-05-28 07:30:10","servicenow-incidents-000001"
"2026-05-28 03:54:19","servicenow-incidents-000001"
"2026-05-04 08:05:13","servicenow-incidents-000001"
"2026-05-28 06:27:55","servicenow-incidents-000001"
"2026-05-26 11:17:33","servicenow-incidents-000001"
"2026-05-25 04:32:46","servicenow-incidents-000001"
"2026-05-28 07:29:12","servicenow-incidents-000001"
"2026-05-28 03:26:19","servicenow-incidents-000001"
"2026-05-27 21:20:05","servicenow-incidents-000001"
"2026-05-27 22:05:00","servicenow-incidents-000001"
"2026-05-27 21:50:08","servicenow-incidents-000001"
"2026-02-18 13:44:14","servicenow-incidents-000001"
"2026-05-28 05:00:26","servicenow-incidents-000001"
"2026-02-12 10:00:38","servicenow-incidents-000001"
"2026-06-02 07:58:52","servicenow-incidents-000001"
"2026-05-02 07:04:04","servicenow-incidents-000001"
"2026-06-01 09:02:36","servicenow-incidents-000001"
"2026-06-02 00:32:54","servicenow-incidents-000001"
"2026-03-31 00:11:25","servicenow-incidents-000001"
"2026-03-28 00:14:39","servicenow-incidents-000001"
"2026-05-23 13:31:45","servicenow-incidents-000001"
"2026-05-27 16:54:13","servicenow-incidents-000001"
"2026-05-27 14:17:42","servicenow-incidents-000001"
"2026-05-19 03:47:22","servicenow-incidents-000001"
"2026-05-11 18:32:38","servicenow-incidents-000001"
"2026-05-21 14:23:18","servicenow-incidents-000001"
"2026-05-25 13:07:05","servicenow-incidents-000001"
"2026-05-21 11:44:34","servicenow-incidents-000001"
"2026-05-27 13:31:06","servicenow-incidents-000001"
"2026-05-21 15:24:22","servicenow-incidents-000001"
"2026-05-27 13:44:24","servicenow-incidents-000001"
"2026-05-22 09:49:19","servicenow-incidents-000001"
"2026-05-27 16:04:00","servicenow-incidents-000001"
"2026-05-27 08:38:32","servicenow-incidents-000001"
"2026-05-18 16:30:13","servicenow-incidents-000001"
"2026-05-26 14:32:53","servicenow-incidents-000001"
"2026-05-24 21:32:08","servicenow-incidents-000001"
"2026-05-27 15:44:19","servicenow-incidents-000001"
"2026-05-27 15:30:24","servicenow-incidents-000001"
"2026-05-27 15:48:30","servicenow-incidents-000001"
"2026-05-27 15:30:14","servicenow-incidents-000001"
"2026-05-27 15:16:42","servicenow-incidents-000001"
"2026-05-19 10:06:50","servicenow-incidents-000001"
"2026-06-01 12:12:37","servicenow-incidents-000001"
"2026-05-22 07:42:43","servicenow-incidents-000001"
"2026-05-26 15:29:31","servicenow-incidents-000001"
"2026-05-27 08:51:13","servicenow-incidents-000001"
"2026-05-24 14:50:32","servicenow-incidents-000001"
"2026-05-27 14:29:53","servicenow-incidents-000001"
"2026-05-27 08:05:19","servicenow-incidents-000001"
"2026-05-27 14:25:18","servicenow-incidents-000001"
"2026-05-27 12:10:26","servicenow-incidents-000001"
"2026-05-27 14:35:05","servicenow-incidents-000001"
"2026-05-27 08:11:59","servicenow-incidents-000001"
"2026-05-26 07:36:32","servicenow-incidents-000001"
"2026-05-27 14:38:48","servicenow-incidents-000001"
"2026-05-21 13:21:17","servicenow-incidents-000001"
"2026-05-22 14:10:57","servicenow-incidents-000001"
"2026-05-21 13:21:17","servicenow-incidents-000001"
"2026-05-27 14:58:43","servicenow-incidents-000001"
"2026-05-27 14:43:16","servicenow-incidents-000001"
"2026-05-27 14:20:03","servicenow-incidents-000001"
"2026-05-27 14:18:30","servicenow-incidents-000001"
"2026-05-27 14:14:52","servicenow-incidents-000001"
"2026-05-25 05:26:08","servicenow-incidents-000001"
"2026-06-01 08:09:22","servicenow-incidents-000001"
"2026-06-01 14:50:03","servicenow-incidents-000001"
"2026-05-27 08:57:00","servicenow-incidents-000001"
"2026-05-21 13:36:24","servicenow-incidents-000001"
"2026-05-22 11:37:38","servicenow-incidents-000001"
"2026-05-18 13:11:48","servicenow-incidents-000001"
"2026-05-27 14:16:28","servicenow-incidents-000001"
"2026-05-27 02:13:34","servicenow-incidents-000001"
"2026-05-27 11:45:32","servicenow-incidents-000001"
"2026-05-26 14:51:21","servicenow-incidents-000001"
"2026-05-27 01:32:12","servicenow-incidents-000001"
"2026-05-22 20:01:53","servicenow-incidents-000001"
"2026-05-26 07:48:29","servicenow-incidents-000001"
"2026-05-27 14:03:28","servicenow-incidents-000001"
"2026-05-26 08:13:30","servicenow-incidents-000001"
"2026-05-27 12:26:20","servicenow-incidents-000001"
"2026-05-27 12:57:08","servicenow-incidents-000001"
"2026-05-14 14:37:51","servicenow-incidents-000001"
"2026-05-25 15:59:21","servicenow-incidents-000001"
"2026-05-27 13:33:06","servicenow-incidents-000001"
"2026-04-23 09:50:42","servicenow-incidents-000001"
"2026-05-12 10:30:49","servicenow-incidents-000001"
"2026-05-22 08:58:53","servicenow-incidents-000001"
"2026-06-01 14:32:00","servicenow-incidents-000001"
"2026-05-28 10:48:09","servicenow-incidents-000001"
"2026-05-26 20:01:00","servicenow-incidents-000001"
"2026-05-26 12:44:04","servicenow-incidents-000001"
"2026-05-27 07:12:05","servicenow-incidents-000001"
"2026-05-27 13:24:09","servicenow-incidents-000001"
"2026-05-27 12:02:38","servicenow-incidents-000001"
"2026-05-24 14:38:47","servicenow-incidents-000001"
"2026-05-27 12:17:55","servicenow-incidents-000001"
"2026-05-27 09:38:32","servicenow-incidents-000001"
"2026-03-25 08:51:38","servicenow-incidents-000001"
"2026-05-26 15:11:18","servicenow-incidents-000001"
"2026-05-26 14:43:47","servicenow-incidents-000001"
"2026-05-27 12:04:25","servicenow-incidents-000001"
"2026-05-26 16:50:37","servicenow-incidents-000001"
"2026-05-27 09:14:14","servicenow-incidents-000001"
"2026-05-27 12:16:26","servicenow-incidents-000001"
"2026-05-27 11:45:37","servicenow-incidents-000001"
"2026-05-27 11:50:12","servicenow-incidents-000001"
"2026-05-27 11:50:14","servicenow-incidents-000001"
"2026-05-27 11:45:47","servicenow-incidents-000001"
"2026-05-27 13:00:32","servicenow-incidents-000001"
"2026-05-27 11:45:29","servicenow-incidents-000001"
"2026-05-27 11:45:36","servicenow-incidents-000001"
"2026-05-27 11:45:27","servicenow-incidents-000001"
"2026-05-27 11:45:05","servicenow-incidents-000001"
"2026-05-27 11:45:27","servicenow-incidents-000001"
"2026-05-27 11:45:46","servicenow-incidents-000001"
"2026-05-27 11:45:36","servicenow-incidents-000001"
"2026-05-27 11:45:28","servicenow-incidents-000001"
"2026-05-27 11:45:17","servicenow-incidents-000001"
"2026-05-27 11:50:14","servicenow-incidents-000001"
"2026-05-27 11:45:05","servicenow-incidents-000001"
"2026-05-27 11:45:18","servicenow-incidents-000001"
"2026-05-27 11:45:17","servicenow-incidents-000001"
"2026-05-27 09:20:58","servicenow-incidents-000001"
"2026-06-01 09:54:11","servicenow-incidents-000001"
"2026-05-28 08:40:17","servicenow-incidents-000001"
"2026-05-12 10:59:19","servicenow-incidents-000001"
"2026-05-19 09:14:32","servicenow-incidents-000001"
"2026-05-19 04:21:31","servicenow-incidents-000001"
"2026-05-27 12:31:07","servicenow-incidents-000001"
"2026-05-27 10:47:33","servicenow-incidents-000001"
"2026-05-27 11:36:01","servicenow-incidents-000001"
"2026-05-14 12:53:00","servicenow-incidents-000001"
"2026-05-27 09:37:30","servicenow-incidents-000001"
"2026-05-26 14:50:48","servicenow-incidents-000001"
"2026-05-27 08:42:53","servicenow-incidents-000001"
"2026-05-26 09:23:30","servicenow-incidents-000001"
"2026-05-26 10:11:25","servicenow-incidents-000001"
"2026-05-21 08:59:09","servicenow-incidents-000001"
"2026-05-27 09:04:45","servicenow-incidents-000001"
"2026-05-26 22:23:03","servicenow-incidents-000001"
"2026-05-27 08:45:30","servicenow-incidents-000001"
"2026-05-26 08:48:19","servicenow-incidents-000001"
"2026-05-15 00:28:39","servicenow-incidents-000001"
"2026-05-22 08:20:34","servicenow-incidents-000001"
"2026-05-26 13:12:17","servicenow-incidents-000001"
"2026-05-27 11:54:47","servicenow-incidents-000001"
"2026-05-27 10:03:53","servicenow-incidents-000001"
"2026-05-20 17:41:09","servicenow-incidents-000001"
"2026-05-27 12:22:02","servicenow-incidents-000001"
"2026-05-27 08:19:26","servicenow-incidents-000001"
"2026-05-27 10:05:58","servicenow-incidents-000001"
"2026-05-22 11:19:21","servicenow-incidents-000001"
"2026-05-18 13:13:07","servicenow-incidents-000001"
"2026-05-27 10:29:54","servicenow-incidents-000001"
"2026-05-27 08:52:05","servicenow-incidents-000001"
"2026-05-27 12:00:35","servicenow-incidents-000001"
"2026-05-27 03:56:23","servicenow-incidents-000001"
"2026-05-27 10:49:55","servicenow-incidents-000001"
"2026-05-27 11:36:12","servicenow-incidents-000001"
"2026-05-26 15:16:58","servicenow-incidents-000001"
"2026-05-20 13:26:33","servicenow-incidents-000001"
"2026-05-27 09:18:01","servicenow-incidents-000001"
"2026-05-27 07:14:33","servicenow-incidents-000001"
"2026-05-27 05:30:14","servicenow-incidents-000001"
"2026-05-26 15:40:34","servicenow-incidents-000001"
"2026-05-26 08:43:48","servicenow-incidents-000001"
"2026-05-21 06:02:43","servicenow-incidents-000001"
"2026-05-27 10:56:19","servicenow-incidents-000001"
"2026-05-27 10:25:11","servicenow-incidents-000001"
"2026-05-26 17:47:43","servicenow-incidents-000001"
"2026-05-27 10:59:30","servicenow-incidents-000001"
"2026-05-21 00:18:26","servicenow-incidents-000001"
"2026-05-26 08:15:28","servicenow-incidents-000001"
"2026-05-19 12:47:29","servicenow-incidents-000001"
"2026-05-27 04:31:32","servicenow-incidents-000001"
"2026-05-27 01:32:02","servicenow-incidents-000001"
"2026-05-19 10:34:52","servicenow-incidents-000001"
"2026-05-18 09:00:28","servicenow-incidents-000001"
"2026-05-27 11:01:09","servicenow-incidents-000001"
"2026-05-26 17:50:39","servicenow-incidents-000001"
"2026-05-24 22:05:06","servicenow-incidents-000001"
"2026-05-26 16:19:36","servicenow-incidents-000001"
"2026-05-26 12:17:44","servicenow-incidents-000001"
"2026-05-27 07:29:35","servicenow-incidents-000001"
"2026-05-27 09:39:55","servicenow-incidents-000001"
"2026-05-27 09:20:24","servicenow-incidents-000001"
"2026-05-27 10:40:03","servicenow-incidents-000001"
"2026-05-20 07:41:25","servicenow-incidents-000001"
"2026-05-26 11:29:45","servicenow-incidents-000001"
"2026-05-27 10:56:18","servicenow-incidents-000001"
"2026-05-26 07:38:17","servicenow-incidents-000001"
"2026-05-20 09:26:24","servicenow-incidents-000001"
"2026-05-27 11:07:03","servicenow-incidents-000001"
"2026-05-21 13:25:53","servicenow-incidents-000001"
"2026-05-27 09:45:53","servicenow-incidents-000001"
"2026-05-20 15:56:03","servicenow-incidents-000001"
"2026-05-15 09:14:41","servicenow-incidents-000001"
"2026-05-27 10:58:07","servicenow-incidents-000001"
"2026-05-27 11:13:02","servicenow-incidents-000001"
"2026-05-27 06:49:07","servicenow-incidents-000001"
"2026-05-18 04:54:18","servicenow-incidents-000001"
"2026-05-26 18:58:43","servicenow-incidents-000001"
"2026-05-20 15:25:36","servicenow-incidents-000001"
"2026-05-21 07:50:40","servicenow-incidents-000001"
"2026-05-27 07:22:58","servicenow-incidents-000001"
"2026-05-27 07:10:02","servicenow-incidents-000001"
"2026-05-26 08:15:04","servicenow-incidents-000001"
"2026-05-26 14:21:37","servicenow-incidents-000001"
"2026-05-19 12:06:34","servicenow-incidents-000001"
"2026-05-27 10:50:50","servicenow-incidents-000001"
"2026-05-20 14:01:09","servicenow-incidents-000001"
"2026-05-26 11:13:26","servicenow-incidents-000001"
"2026-05-21 14:29:15","servicenow-incidents-000001"
"2026-05-27 09:39:45","servicenow-incidents-000001"
"2026-05-27 10:03:44","servicenow-incidents-000001"
"2026-05-27 10:34:56","servicenow-incidents-000001"
"2026-05-29 08:52:31","servicenow-incidents-000001"
"2026-06-01 04:33:20","servicenow-incidents-000001"
"2026-05-26 18:55:53","servicenow-incidents-000001"
"2026-05-26 13:57:38","servicenow-incidents-000001"
"2026-05-26 11:43:33","servicenow-incidents-000001"
"2026-05-26 13:31:03","servicenow-incidents-000001"
"2026-05-19 14:02:31","servicenow-incidents-000001"
"2026-05-26 15:15:37","servicenow-incidents-000001"
"2026-05-27 10:10:20","servicenow-incidents-000001"
"2026-05-26 12:05:35","servicenow-incidents-000001"
"2026-05-27 09:40:44","servicenow-incidents-000001"
"2026-05-27 09:36:53","servicenow-incidents-000001"
"2026-05-21 12:14:29","servicenow-incidents-000001"
"2026-05-26 16:07:34","servicenow-incidents-000001"
"2026-05-22 12:04:05","servicenow-incidents-000001"
"2026-05-26 11:59:12","servicenow-incidents-000001"
"2026-05-27 06:10:42","servicenow-incidents-000001"
"2026-05-27 09:22:39","servicenow-incidents-000001"
"2026-05-27 08:53:22","servicenow-incidents-000001"
"2026-05-26 11:54:34","servicenow-incidents-000001"
"2026-05-27 07:42:04","servicenow-incidents-000001"
"2026-05-27 09:53:29","servicenow-incidents-000001"
"2026-05-26 10:15:23","servicenow-incidents-000001"
"2026-05-21 15:09:42","servicenow-incidents-000001"
"2026-05-21 09:53:51","servicenow-incidents-000001"
"2026-05-04 09:36:28","servicenow-incidents-000001"
"2026-05-22 12:11:16","servicenow-incidents-000001"
"2026-05-22 11:28:08","servicenow-incidents-000001"
"2026-05-27 09:23:17","servicenow-incidents-000001"
"2026-05-27 09:44:59","servicenow-incidents-000001"
"2026-05-27 06:01:43","servicenow-incidents-000001"
"2026-05-19 08:35:10","servicenow-incidents-000001"
"2026-05-26 16:17:18","servicenow-incidents-000001"
"2026-05-26 12:34:39","servicenow-incidents-000001"
"2026-05-21 09:15:40","servicenow-incidents-000001"
"2026-05-22 08:53:22","servicenow-incidents-000001"
"2026-05-27 03:23:23","servicenow-incidents-000001"
"2026-06-01 09:33:37","servicenow-incidents-000001"
"2026-06-01 04:32:17","servicenow-incidents-000001"
"2026-05-29 09:37:22","servicenow-incidents-000001"
"2026-05-11 09:48:47","servicenow-incidents-000001"
"2026-05-11 09:05:07","servicenow-incidents-000001"
"2026-05-26 12:59:55","servicenow-incidents-000001"
"2026-05-26 14:53:42","servicenow-incidents-000001"
"2026-05-26 14:27:05","servicenow-incidents-000001"
"2026-05-21 23:58:09","servicenow-incidents-000001"
"2026-05-26 14:07:03","servicenow-incidents-000001"
"2026-05-26 11:24:18","servicenow-incidents-000001"
"2026-05-26 09:55:15","servicenow-incidents-000001"
"2026-05-27 09:26:19","servicenow-incidents-000001"
"2026-05-18 16:28:56","servicenow-incidents-000001"
"2026-05-27 05:47:51","servicenow-incidents-000001"
"2026-05-27 09:30:55","servicenow-incidents-000001"
"2026-05-25 13:25:06","servicenow-incidents-000001"
"2026-05-27 09:20:25","servicenow-incidents-000001"
"2026-05-27 07:07:40","servicenow-incidents-000001"
"2026-05-27 09:20:49","servicenow-incidents-000001"
"2026-05-27 09:20:46","servicenow-incidents-000001"
"2026-05-18 14:03:55","servicenow-incidents-000001"
"2026-05-26 13:57:31","servicenow-incidents-000001"
"2026-05-26 10:05:10","servicenow-incidents-000001"
"2026-05-26 15:17:09","servicenow-incidents-000001"
"2026-05-20 08:25:54","servicenow-incidents-000001"
"2026-05-22 05:52:10","servicenow-incidents-000001"
"2026-04-27 10:34:57","servicenow-incidents-000001"
"2026-05-27 02:26:39","servicenow-incidents-000001"
"2026-05-26 10:51:17","servicenow-incidents-000001"
"2026-05-21 09:39:45","servicenow-incidents-000001"
"2026-05-26 02:29:13","servicenow-incidents-000001"
"2026-04-30 03:43:35","servicenow-incidents-000001"
"2026-05-25 16:12:44","servicenow-incidents-000001"
"2026-05-26 08:02:35","servicenow-incidents-000001"
"2026-05-27 09:14:37","servicenow-incidents-000001"
"2026-05-26 09:22:49","servicenow-incidents-000001"
"2026-05-26 13:11:09","servicenow-incidents-000001"
"2026-05-22 10:06:17","servicenow-incidents-000001"
"2026-05-27 08:18:52","servicenow-incidents-000001"
"2026-05-26 16:20:17","servicenow-incidents-000001"
"2026-05-19 08:53:44","servicenow-incidents-000001"
"2026-05-27 08:45:54","servicenow-incidents-000001"
"2026-04-24 12:56:30","servicenow-incidents-000001"
"2026-04-29 15:33:00","servicenow-incidents-000001"
"2026-05-20 08:03:33","servicenow-incidents-000001"
"2026-05-15 11:56:20","servicenow-incidents-000001"
"2026-05-20 12:41:59","servicenow-incidents-000001"
"2026-05-12 19:05:06","servicenow-incidents-000001"
"2026-05-08 17:01:33","servicenow-incidents-000001"
"2026-05-18 09:45:13","servicenow-incidents-000001"
"2026-05-26 17:50:23","servicenow-incidents-000001"
"2026-05-26 12:50:04","servicenow-incidents-000001"
"2026-05-26 09:16:24","servicenow-incidents-000001"
"2026-05-18 11:26:28","servicenow-incidents-000001"
"2026-05-26 17:11:21","servicenow-incidents-000001"
"2026-05-26 17:11:21","servicenow-incidents-000001"
"2026-05-26 17:10:18","servicenow-incidents-000001"
"2026-05-26 15:38:26","servicenow-incidents-000001"
"2026-05-26 16:50:52","servicenow-incidents-000001"
"2026-05-26 16:49:51","servicenow-incidents-000001"
"2026-05-26 16:20:14","servicenow-incidents-000001"
"2026-05-26 15:56:34","servicenow-incidents-000001"
"2026-05-26 17:31:11","servicenow-incidents-000001"
"2026-05-26 15:35:20","servicenow-incidents-000001"
"2026-05-21 08:46:22","servicenow-incidents-000001"
"2026-05-26 15:35:33","servicenow-incidents-000001"
"2026-05-25 11:00:20","servicenow-incidents-000001"
"2026-05-26 14:36:34","servicenow-incidents-000001"
"2026-05-26 13:49:00","servicenow-incidents-000001"
"2026-05-22 09:35:05","servicenow-incidents-000001"
"2026-05-12 10:27:08","servicenow-incidents-000001"
"2026-05-21 08:21:23","servicenow-incidents-000001"
"2026-05-04 09:42:31","servicenow-incidents-000001"
"2026-05-20 15:17:03","servicenow-incidents-000001"
"2026-05-20 16:26:42","servicenow-incidents-000001"
"2026-05-21 08:03:20","servicenow-incidents-000001"
"2026-05-18 14:35:36","servicenow-incidents-000001"
"2026-04-20 09:52:57","servicenow-incidents-000001"
"2026-05-26 08:49:22","servicenow-incidents-000001"
"2026-05-27 01:12:37","servicenow-incidents-000001"
"2026-05-15 06:13:27","servicenow-incidents-000001"
"2026-05-26 22:15:21","servicenow-incidents-000001"
"2026-05-18 12:07:11","servicenow-incidents-000001"
"2026-05-27 08:01:59","servicenow-incidents-000001"
"2026-05-27 08:38:46","servicenow-incidents-000001"
"2026-05-19 07:07:10","servicenow-incidents-000001"
"2026-05-26 23:46:53","servicenow-incidents-000001"
"2026-05-26 12:37:06","servicenow-incidents-000001"
"2026-05-27 04:00:12","servicenow-incidents-000001"
"2026-05-27 01:09:29","servicenow-incidents-000001"
"2026-05-27 07:59:50","servicenow-incidents-000001"
"2026-05-26 14:40:19","servicenow-incidents-000001"
"2026-05-26 14:35:11","servicenow-incidents-000001"
"2026-05-27 07:09:39","servicenow-incidents-000001"
"2026-05-27 08:19:07","servicenow-incidents-000001"
"2026-05-22 08:32:11","servicenow-incidents-000001"
"2026-05-20 11:56:36","servicenow-incidents-000001"
"2026-05-27 08:14:38","servicenow-incidents-000001"
"2026-05-27 04:17:26","servicenow-incidents-000001"
"2026-05-26 03:39:16","servicenow-incidents-000001"
"2026-05-15 07:09:18","servicenow-incidents-000001"
"2026-05-21 08:34:17","servicenow-incidents-000001"
"2026-05-26 12:57:23","servicenow-incidents-000001"
"2026-05-20 08:04:33","servicenow-incidents-000001"
"2026-05-26 07:44:18","servicenow-incidents-000001"
"2026-05-27 02:45:03","servicenow-incidents-000001"
"2026-05-25 09:00:10","servicenow-incidents-000001"
"2026-05-26 13:05:16","servicenow-incidents-000001"
"2026-05-26 03:15:12","servicenow-incidents-000001"
"2026-05-25 10:50:17","servicenow-incidents-000001"
"2026-05-25 11:15:32","servicenow-incidents-000001"
"2026-05-25 11:15:25","servicenow-incidents-000001"
"2026-05-19 08:40:10","servicenow-incidents-000001"
"2026-05-27 04:58:32","servicenow-incidents-000001"
"2026-05-25 11:10:28","servicenow-incidents-000001"
"2026-05-25 11:10:23","servicenow-incidents-000001"
"2026-05-25 11:15:13","servicenow-incidents-000001"
"2026-05-27 07:39:40","servicenow-incidents-000001"
"2026-05-25 11:10:28","servicenow-incidents-000001"
"2026-05-25 11:15:25","servicenow-incidents-000001"
"2026-05-25 11:10:23","servicenow-incidents-000001"
"2026-05-25 11:15:13","servicenow-incidents-000001"
"2026-05-27 07:42:58","servicenow-incidents-000001"
"2026-05-27 07:40:54","servicenow-incidents-000001"
"2026-05-27 05:06:17","servicenow-incidents-000001"
"2026-05-26 06:31:06","servicenow-incidents-000001"
"2026-05-27 07:39:06","servicenow-incidents-000001"
"2026-05-22 11:08:47","servicenow-incidents-000001"
"2026-05-25 11:15:25","servicenow-incidents-000001"
"2026-05-26 07:50:03","servicenow-incidents-000001"
"2026-05-22 06:42:41","servicenow-incidents-000001"
"2026-05-27 07:26:29","servicenow-incidents-000001"
"2026-05-27 07:27:13","servicenow-incidents-000001"
"2026-05-27 07:00:39","servicenow-incidents-000001"
"2026-05-22 05:53:16","servicenow-incidents-000001"
"2026-05-27 03:23:50","servicenow-incidents-000001"
"2026-05-26 18:20:09","servicenow-incidents-000001"
"2026-05-22 01:27:01","servicenow-incidents-000001"
"2026-05-27 06:42:20","servicenow-incidents-000001"
"2026-05-25 13:25:06","servicenow-incidents-000001"
"2026-05-20 11:09:22","servicenow-incidents-000001"
"2026-05-25 13:25:05","servicenow-incidents-000001"
"2026-05-26 06:12:41","servicenow-incidents-000001"
"2026-05-21 14:00:55","servicenow-incidents-000001"
"2026-05-25 06:10:13","servicenow-incidents-000001"
"2026-05-26 13:20:09","servicenow-incidents-000001"
"2026-05-25 09:00:10","servicenow-incidents-000001"
"2026-05-27 04:46:15","servicenow-incidents-000001"
"2026-05-25 13:35:10","servicenow-incidents-000001"
"2026-05-21 01:54:05","servicenow-incidents-000001"
"2026-05-27 06:40:55","servicenow-incidents-000001"
"2026-05-26 05:02:30","servicenow-incidents-000001"
"2026-05-25 09:35:12","servicenow-incidents-000001"
"2026-05-25 13:20:08","servicenow-incidents-000001"
"2026-05-21 09:02:41","servicenow-incidents-000001"
"2026-05-20 06:24:39","servicenow-incidents-000001"
"2026-05-21 07:27:53","servicenow-incidents-000001"
"2026-05-25 09:35:11","servicenow-incidents-000001"
"2026-05-23 05:47:47","servicenow-incidents-000001"
"2026-05-27 02:24:54","servicenow-incidents-000001"
"2026-05-27 03:12:30","servicenow-incidents-000001"
"2026-05-27 00:39:41","servicenow-incidents-000001"
"2026-05-21 05:19:42","servicenow-incidents-000001"
"2026-05-21 10:22:05","servicenow-incidents-000001"
"2026-05-27 05:15:53","servicenow-incidents-000001"
"2026-05-23 13:18:36","servicenow-incidents-000001"
"2026-05-23 08:19:52","servicenow-incidents-000001"
"2026-05-26 23:23:27","servicenow-incidents-000001"
"2026-05-27 00:41:11","servicenow-incidents-000001"
"2026-04-21 10:24:32","servicenow-incidents-000001"
"2026-05-19 10:48:01","servicenow-incidents-000001"
"2026-05-15 12:23:57","servicenow-incidents-000001"
"2026-05-27 01:47:15","servicenow-incidents-000001"
"2026-05-27 02:05:17","servicenow-incidents-000001"
"2026-05-27 01:46:08","servicenow-incidents-000001"
"2026-05-26 10:13:09","servicenow-incidents-000001"
"2026-05-14 04:10:37","servicenow-incidents-000001"
"2026-05-27 03:08:38","servicenow-incidents-000001"
"2026-05-26 18:25:16","servicenow-incidents-000001"
"2026-05-26 22:09:48","servicenow-incidents-000001"
"2026-05-26 22:40:18","servicenow-incidents-000001"
"2026-05-26 23:35:18","servicenow-incidents-000001"
"2026-05-26 23:35:17","servicenow-incidents-000001"
"2026-05-19 15:00:13","servicenow-incidents-000001"
"2026-05-27 05:08:39","servicenow-incidents-000001"
"2026-05-27 05:03:03","servicenow-incidents-000001"
"2026-05-19 09:57:04","servicenow-incidents-000001"
"2026-05-26 06:21:04","servicenow-incidents-000001"
"2026-05-27 03:59:44","servicenow-incidents-000001"
"2026-05-20 16:18:03","servicenow-incidents-000001"
"2026-05-26 07:59:34","servicenow-incidents-000001"
"2026-05-22 05:15:49","servicenow-incidents-000001"
"2026-05-26 08:05:54","servicenow-incidents-000001"
"2026-05-20 15:37:44","servicenow-incidents-000001"
"2026-05-26 13:56:55","servicenow-incidents-000001"
"2026-05-26 22:35:20","servicenow-incidents-000001"
"2026-05-26 08:21:49","servicenow-incidents-000001"
"2026-05-27 04:18:09","servicenow-incidents-000001"
"2026-05-26 23:45:52","servicenow-incidents-000001"
"2026-05-27 02:47:11","servicenow-incidents-000001"
"2026-05-26 09:09:55","servicenow-incidents-000001"
"2026-05-26 22:01:40","servicenow-incidents-000001"
"2026-05-27 02:05:15","servicenow-incidents-000001"
"2026-05-26 16:29:44","servicenow-incidents-000001"
"2026-05-22 08:12:36","servicenow-incidents-000001"
"2026-05-27 01:15:13","servicenow-incidents-000001"
"2026-05-26 10:07:14","servicenow-incidents-000001"
"2026-05-24 00:20:09","servicenow-incidents-000001"
"2026-05-26 05:06:39","servicenow-incidents-000001"
"2026-05-27 01:50:59","servicenow-incidents-000001"
"2026-05-22 04:58:00","servicenow-incidents-000001"
"2026-05-26 03:31:29","servicenow-incidents-000001"
"2026-05-20 10:03:33","servicenow-incidents-000001"
"2026-05-20 10:08:13","servicenow-incidents-000001"
"2026-05-26 21:01:11","servicenow-incidents-000001"
"2026-05-27 02:41:32","servicenow-incidents-000001"
"2026-05-24 15:05:05","servicenow-incidents-000001"
"2026-05-26 21:40:31","servicenow-incidents-000001"
"2026-05-24 12:45:01","servicenow-incidents-000001"
"2026-05-07 13:33:53","servicenow-incidents-000001"
"2026-05-22 13:17:22","servicenow-incidents-000001"
"2026-05-25 04:41:29","servicenow-incidents-000001"
"2026-05-25 00:41:24","servicenow-incidents-000001"
"2026-05-27 02:21:43","servicenow-incidents-000001"
"2026-05-25 00:38:01","servicenow-incidents-000001"
"2026-05-26 13:41:35","servicenow-incidents-000001"
"2026-05-22 06:52:08","servicenow-incidents-000001"
"2026-05-27 00:59:59","servicenow-incidents-000001"
"2026-04-10 05:20:22","servicenow-incidents-000001"
"2026-05-25 02:12:31","servicenow-incidents-000001"
"2026-05-25 11:32:36","servicenow-incidents-000001"
"2026-05-27 01:47:18","servicenow-incidents-000001"
"2026-05-27 01:30:33","servicenow-incidents-000001"
"2026-05-27 01:50:13","servicenow-incidents-000001"
"2026-05-21 06:54:56","servicenow-incidents-000001"
"2026-05-24 01:04:12","servicenow-incidents-000001"
"2026-05-21 12:24:41","servicenow-incidents-000001"
"2026-05-27 00:26:35","servicenow-incidents-000001"
"2026-05-19 02:46:38","servicenow-incidents-000001"
"2026-05-21 14:42:32","servicenow-incidents-000001"
"2026-05-21 00:53:40","servicenow-incidents-000001"
"2026-05-27 00:01:29","servicenow-incidents-000001"
"2026-05-21 10:22:47","servicenow-incidents-000001"
"2026-05-26 23:40:14","servicenow-incidents-000001"
"2026-05-26 05:19:51","servicenow-incidents-000001"
"2026-04-30 23:55:02","servicenow-incidents-000001"
"2026-05-26 23:08:13","servicenow-incidents-000001"
"2026-05-27 02:20:19","servicenow-incidents-000001"
"2026-05-20 15:15:24","servicenow-incidents-000001"
"2026-05-26 17:44:17","servicenow-incidents-000001"
"2026-05-21 10:09:51","servicenow-incidents-000001"
"2026-05-25 00:47:27","servicenow-incidents-000001"
"2026-05-19 23:14:33","servicenow-incidents-000001"
"2026-05-27 01:50:14","servicenow-incidents-000001"
"2026-05-26 22:41:30","servicenow-incidents-000001"
"2026-05-19 12:30:01","servicenow-incidents-000001"
"2026-05-26 19:05:24","servicenow-incidents-000001"
"2026-05-26 20:55:44","servicenow-incidents-000001"
"2026-05-19 11:18:51","servicenow-incidents-000001"
"2026-05-27 04:50:16","servicenow-incidents-000001"
"2026-05-22 16:41:09","servicenow-incidents-000001"
"2026-05-26 19:35:53","servicenow-incidents-000001"
"2026-05-26 21:01:24","servicenow-incidents-000001"
"2026-05-27 02:35:08","servicenow-incidents-000001"
"2026-05-27 04:45:18","servicenow-incidents-000001"
"2026-05-25 04:51:48","servicenow-incidents-000001"
"2026-05-26 21:46:42","servicenow-incidents-000001"
"2026-05-26 19:31:29","servicenow-incidents-000001"
"2026-05-20 09:55:55","servicenow-incidents-000001"
"2026-05-25 21:58:23","servicenow-incidents-000001"
"2026-05-26 21:10:39","servicenow-incidents-000001"
"2026-04-27 08:14:35","servicenow-incidents-000001"
"2026-05-26 20:33:35","servicenow-incidents-000001"
"2026-05-26 20:26:01","servicenow-incidents-000001"
"2026-05-26 20:03:11","servicenow-incidents-000001"
"2026-04-27 08:14:45","servicenow-incidents-000001"
"2026-05-26 20:14:13","servicenow-incidents-000001"
"2026-05-26 20:11:46","servicenow-incidents-000001"
"2026-05-26 20:10:26","servicenow-incidents-000001"
"2026-05-26 21:23:44","servicenow-incidents-000001"
"2026-05-26 18:50:24","servicenow-incidents-000001"
"2026-05-26 19:41:30","servicenow-incidents-000001"
"2026-05-26 18:31:35","servicenow-incidents-000001"
"2026-05-26 16:30:02","servicenow-incidents-000001"
"2026-05-18 07:10:51","servicenow-incidents-000001"
"2026-05-04 06:02:46","servicenow-incidents-000001"
"2026-06-01 05:13:47","servicenow-incidents-000001"
"2026-06-01 04:24:41","servicenow-incidents-000001"
"2026-03-23 06:07:09","servicenow-incidents-000001"
"2026-04-28 02:42:20","servicenow-incidents-000001"
"2026-04-28 02:42:19","servicenow-incidents-000001"
"2026-04-28 02:42:09","servicenow-incidents-000001"
"2026-04-28 02:41:56","servicenow-incidents-000001"
"2026-04-28 02:41:24","servicenow-incidents-000001"
"2026-04-28 02:41:44","servicenow-incidents-000001"
"2026-04-28 02:41:37","servicenow-incidents-000001"
"2026-04-28 02:41:23","servicenow-incidents-000001"
"2026-04-28 02:41:04","servicenow-incidents-000001"
"2026-04-28 02:40:56","servicenow-incidents-000001"
"2026-04-28 02:41:00","servicenow-incidents-000001"
"2026-04-28 02:41:03","servicenow-incidents-000001"
"2026-04-28 02:40:39","servicenow-incidents-000001"
"2026-04-28 02:40:18","servicenow-incidents-000001"
"2026-04-28 02:39:52","servicenow-incidents-000001"
"2026-04-28 02:40:12","servicenow-incidents-000001"
"2026-04-28 02:39:42","servicenow-incidents-000001"
"2026-04-28 02:39:49","servicenow-incidents-000001"
"2026-04-28 02:39:31","servicenow-incidents-000001"
"2026-04-28 02:39:33","servicenow-incidents-000001"
"2026-04-28 02:39:47","servicenow-incidents-000001"
"2026-04-28 02:39:29","servicenow-incidents-000001"
"2026-04-28 02:39:22","servicenow-incidents-000001"
"2026-04-28 02:39:07","servicenow-incidents-000001"
"2026-04-28 02:39:21","servicenow-incidents-000001"
"2026-04-28 02:39:03","servicenow-incidents-000001"
"2026-04-28 02:39:03","servicenow-incidents-000001"
"2026-04-28 02:38:55","servicenow-incidents-000001"
"2026-04-28 02:39:04","servicenow-incidents-000001"
"2026-04-28 02:38:55","servicenow-incidents-000001"
"2026-04-28 02:38:52","servicenow-incidents-000001"
"2026-04-28 02:38:53","servicenow-incidents-000001"
"2026-04-28 02:38:46","servicenow-incidents-000001"
"2026-04-28 02:38:34","servicenow-incidents-000001"
"2026-04-28 02:38:03","servicenow-incidents-000001"
"2026-04-28 02:38:08","servicenow-incidents-000001"
"2026-04-28 02:38:18","servicenow-incidents-000001"
"2026-04-28 02:37:50","servicenow-incidents-000001"
"2026-04-28 02:37:48","servicenow-incidents-000001"
"2026-04-28 02:37:50","servicenow-incidents-000001"
"2026-04-28 02:37:44","servicenow-incidents-000001"
"2026-04-28 02:37:38","servicenow-incidents-000001"
"2026-04-28 02:37:39","servicenow-incidents-000001"
"2026-04-28 02:37:41","servicenow-incidents-000001"
"2026-04-28 02:37:32","servicenow-incidents-000001"
"2026-04-28 02:37:10","servicenow-incidents-000001"
"2026-04-28 02:37:30","servicenow-incidents-000001"
"2026-04-28 02:37:12","servicenow-incidents-000001"
"2026-04-28 02:37:16","servicenow-incidents-000001"
"2026-04-28 02:36:56","servicenow-incidents-000001"
"2026-04-28 02:36:24","servicenow-incidents-000001"
"2026-04-28 02:35:24","servicenow-incidents-000001"
"2026-04-28 02:34:52","servicenow-incidents-000001"
"2026-04-28 02:40:06","servicenow-incidents-000001"
"2026-04-28 02:36:12","servicenow-incidents-000001"
"2026-04-28 02:35:53","servicenow-incidents-000001"
"2026-04-28 02:35:16","servicenow-incidents-000001"
"2026-04-28 02:35:04","servicenow-incidents-000001"
"2026-04-28 02:42:38","servicenow-incidents-000001"
"2026-04-28 02:35:36","servicenow-incidents-000001"
"2026-04-28 02:35:34","servicenow-incidents-000001"
"2026-04-28 02:39:40","servicenow-incidents-000001"
"2026-04-28 02:41:35","servicenow-incidents-000001"
"2026-04-28 02:41:00","servicenow-incidents-000001"
"2026-04-28 02:37:18","servicenow-incidents-000001"
"2026-04-28 02:36:25","servicenow-incidents-000001"
"2026-04-28 02:39:13","servicenow-incidents-000001"
"2026-04-28 02:39:01","servicenow-incidents-000001"
"2026-04-28 02:41:28","servicenow-incidents-000001"
"2026-04-28 02:38:34","servicenow-incidents-000001"
"2026-04-28 02:37:33","servicenow-incidents-000001"
"2026-04-28 02:38:26","servicenow-incidents-000001"
"2026-04-28 02:37:07","servicenow-incidents-000001"
"2026-04-28 02:42:41","servicenow-incidents-000001"
"2026-04-28 02:40:11","servicenow-incidents-000001"
"2026-04-28 02:38:05","servicenow-incidents-000001"
"2026-04-28 02:35:14","servicenow-incidents-000001"
"2026-04-28 02:37:40","servicenow-incidents-000001"
"2026-04-28 02:42:43","servicenow-incidents-000001"
"2026-04-28 02:42:38","servicenow-incidents-000001"
"2026-04-28 02:42:29","servicenow-incidents-000001"
"2026-04-28 02:42:33","servicenow-incidents-000001"
"2026-04-28 02:42:37","servicenow-incidents-000001"
"2026-04-28 02:42:29","servicenow-incidents-000001"
"2026-04-28 02:42:28","servicenow-incidents-000001"
"2026-04-28 02:42:24","servicenow-incidents-000001"
"2026-04-28 02:42:27","servicenow-incidents-000001"
"2026-04-28 02:42:08","servicenow-incidents-000001"
"2026-04-28 02:42:24","servicenow-incidents-000001"
"2026-04-28 02:42:11","servicenow-incidents-000001"
"2026-04-28 02:42:20","servicenow-incidents-000001"
"2026-04-28 02:42:02","servicenow-incidents-000001"
"2026-04-28 02:41:49","servicenow-incidents-000001"
"2026-04-28 02:41:51","servicenow-incidents-000001"
"2026-04-28 02:41:48","servicenow-incidents-000001"
"2026-04-28 02:41:55","servicenow-incidents-000001"
"2026-04-28 02:41:40","servicenow-incidents-000001"
"2026-04-28 02:41:41","servicenow-incidents-000001"
"2026-04-28 02:41:37","servicenow-incidents-000001"
"2026-04-28 02:41:44","servicenow-incidents-000001"
"2026-04-28 02:41:36","servicenow-incidents-000001"
"2026-04-28 02:42:43","servicenow-incidents-000001"
"2026-04-28 02:41:16","servicenow-incidents-000001"
"2026-04-28 02:41:26","servicenow-incidents-000001"
"2026-04-28 02:41:21","servicenow-incidents-000001"
"2026-04-28 02:41:11","servicenow-incidents-000001"
"2026-04-28 02:41:09","servicenow-incidents-000001"
"2026-04-28 02:41:11","servicenow-incidents-000001"
"2026-04-28 02:41:13","servicenow-incidents-000001"
"2026-04-28 02:41:06","servicenow-incidents-000001"
"2026-04-28 02:40:56","servicenow-incidents-000001"
"2026-04-28 02:41:07","servicenow-incidents-000001"
"2026-04-28 02:40:53","servicenow-incidents-000001"
"2026-04-28 02:41:06","servicenow-incidents-000001"
"2026-04-28 02:40:46","servicenow-incidents-000001"
"2026-04-28 02:40:32","servicenow-incidents-000001"
"2026-04-28 02:40:31","servicenow-incidents-000001"
"2026-04-28 02:40:29","servicenow-incidents-000001"
"2026-04-28 02:40:25","servicenow-incidents-000001"
"2026-04-28 02:40:23","servicenow-incidents-000001"
"2026-04-28 02:40:40","servicenow-incidents-000001"
"2026-04-28 02:40:28","servicenow-incidents-000001"
"2026-04-28 02:40:19","servicenow-incidents-000001"
"2026-04-28 02:37:33","servicenow-incidents-000001"
"2026-04-28 02:40:21","servicenow-incidents-000001"
"2026-04-28 02:40:20","servicenow-incidents-000001"
"2026-04-28 02:37:30","servicenow-incidents-000001"
"2026-04-28 02:39:57","servicenow-incidents-000001"
"2026-04-28 02:37:31","servicenow-incidents-000001"
"2026-04-28 02:39:48","servicenow-incidents-000001"
"2026-04-28 02:37:23","servicenow-incidents-000001"
"2026-04-28 02:37:23","servicenow-incidents-000001"
"2026-04-28 02:37:29","servicenow-incidents-000001"
"2026-04-28 02:37:23","servicenow-incidents-000001"
"2026-04-28 02:39:47","servicenow-incidents-000001"
"2026-04-28 02:37:14","servicenow-incidents-000001"
"2026-04-28 02:37:21","servicenow-incidents-000001"
"2026-04-28 02:39:45","servicenow-incidents-000001"
"2026-04-28 02:37:21","servicenow-incidents-000001"
"2026-04-28 02:39:38","servicenow-incidents-000001"
"2026-04-28 02:39:44","servicenow-incidents-000001"
"2026-04-28 02:39:30","servicenow-incidents-000001"
"2026-04-28 02:39:31","servicenow-incidents-000001"
"2026-04-28 02:37:14","servicenow-incidents-000001"
"2026-04-28 02:37:11","servicenow-incidents-000001"
"2026-04-28 02:39:30","servicenow-incidents-000001"
"2026-04-28 02:36:55","servicenow-incidents-000001"
"2026-04-28 02:36:55","servicenow-incidents-000001"
"2026-04-28 02:36:54","servicenow-incidents-000001"
"2026-04-28 02:36:54","servicenow-incidents-000001"
"2026-04-28 02:36:54","servicenow-incidents-000001"
"2026-04-28 02:39:28","servicenow-incidents-000001"
"2026-04-28 02:36:40","servicenow-incidents-000001"
"2026-04-28 02:36:26","servicenow-incidents-000001"
"2026-04-28 02:36:26","servicenow-incidents-000001"
"2026-04-28 02:36:33","servicenow-incidents-000001"
"2026-04-28 02:36:39","servicenow-incidents-000001"
"2026-04-28 02:36:21","servicenow-incidents-000001"
"2026-04-28 02:36:23","servicenow-incidents-000001"
"2026-04-28 02:36:13","servicenow-incidents-000001"
"2026-04-28 02:34:55","servicenow-incidents-000001"
"2026-04-28 02:36:16","servicenow-incidents-000001"
"2026-04-28 02:40:09","servicenow-incidents-000001"
"2026-04-28 02:34:54","servicenow-incidents-000001"
"2026-04-28 02:39:28","servicenow-incidents-000001"
"2026-04-28 02:34:52","servicenow-incidents-000001"
"2026-04-28 02:40:08","servicenow-incidents-000001"
"2026-04-28 02:35:54","servicenow-incidents-000001"
"2026-04-28 02:35:55","servicenow-incidents-000001"
"2026-04-28 02:39:23","servicenow-incidents-000001"
"2026-04-28 02:35:54","servicenow-incidents-000001"
"2026-04-28 02:35:54","servicenow-incidents-000001"
"2026-04-28 02:35:53","servicenow-incidents-000001"
"2026-04-28 02:35:44","servicenow-incidents-000001"
"2026-04-28 02:35:44","servicenow-incidents-000001"
"2026-04-28 02:35:44","servicenow-incidents-000001"
"2026-04-28 02:34:52","servicenow-incidents-000001"
"2026-04-28 02:35:35","servicenow-incidents-000001"
"2026-04-28 02:35:43","servicenow-incidents-000001"
"2026-04-28 02:35:43","servicenow-incidents-000001"
"2026-04-28 02:35:35","servicenow-incidents-000001"
"2026-04-28 02:35:35","servicenow-incidents-000001"
"2026-04-28 02:35:30","servicenow-incidents-000001"
"2026-04-28 02:35:30","servicenow-incidents-000001"
"2026-04-28 02:35:30","servicenow-incidents-000001"
"2026-04-28 02:35:24","servicenow-incidents-000001"
"2026-04-28 02:35:16","servicenow-incidents-000001"
"2026-04-28 02:35:23","servicenow-incidents-000001"
"2026-04-28 02:35:15","servicenow-incidents-000001"
"2026-04-28 02:35:03","servicenow-incidents-000001"
"2026-04-28 02:35:04","servicenow-incidents-000001"
"2026-04-28 02:35:14","servicenow-incidents-000001"
"2026-04-28 02:35:14","servicenow-incidents-000001"
"2026-04-28 02:41:35","servicenow-incidents-000001"
"2026-04-28 02:43:00","servicenow-incidents-000001"
"2026-04-28 02:34:56","servicenow-incidents-000001"
"2026-04-28 02:43:01","servicenow-incidents-000001"
"2026-04-28 02:43:01","servicenow-incidents-000001"
"2026-04-28 02:41:28","servicenow-incidents-000001"
"2026-04-28 02:41:34","servicenow-incidents-000001"
"2026-04-28 02:41:33","servicenow-incidents-000001"
"2026-04-28 02:41:25","servicenow-incidents-000001"
"2026-04-28 02:41:25","servicenow-incidents-000001"
"2026-04-28 02:41:13","servicenow-incidents-000001"
"2026-04-28 02:41:16","servicenow-incidents-000001"
"2026-04-28 02:40:55","servicenow-incidents-000001"
"2026-04-28 02:40:39","servicenow-incidents-000001"
"2026-04-28 02:40:55","servicenow-incidents-000001"
"2026-04-28 02:40:40","servicenow-incidents-000001"
"2026-04-28 02:40:43","servicenow-incidents-000001"
"2026-04-28 02:40:54","servicenow-incidents-000001"
"2026-04-28 02:39:19","servicenow-incidents-000001"
"2026-04-28 02:39:49","servicenow-incidents-000001"
"2026-04-28 02:39:51","servicenow-incidents-000001"
"2026-04-28 02:39:50","servicenow-incidents-000001"
"2026-04-28 02:36:11","servicenow-incidents-000001"
"2026-04-28 02:36:11","servicenow-incidents-000001"
"2026-04-28 02:36:03","servicenow-incidents-000001"
"2026-04-28 02:36:11","servicenow-incidents-000001"
"2026-04-28 02:35:57","servicenow-incidents-000001"
"2026-04-28 02:36:02","servicenow-incidents-000001"
"2026-04-28 02:35:57","servicenow-incidents-000001"
"2026-04-28 02:39:14","servicenow-incidents-000001"
"2026-04-28 02:39:12","servicenow-incidents-000001"
"2026-04-28 02:39:16","servicenow-incidents-000001"
"2026-04-28 02:39:14","servicenow-incidents-000001"
"2026-04-28 02:39:01","servicenow-incidents-000001"
"2026-04-28 02:38:49","servicenow-incidents-000001"
"2026-04-28 02:39:00","servicenow-incidents-000001"
"2026-04-28 02:39:03","servicenow-incidents-000001"
"2026-04-28 02:38:48","servicenow-incidents-000001"
"2026-04-28 02:38:48","servicenow-incidents-000001"
"2026-04-28 02:38:45","servicenow-incidents-000001"
"2026-04-28 02:40:11","servicenow-incidents-000001"
"2026-04-28 02:38:42","servicenow-incidents-000001"
"2026-04-28 02:38:35","servicenow-incidents-000001"
"2026-04-28 02:38:23","servicenow-incidents-000001"
"2026-04-28 02:38:16","servicenow-incidents-000001"
"2026-04-28 02:38:21","servicenow-incidents-000001"
"2026-04-28 02:38:22","servicenow-incidents-000001"
"2026-04-28 02:38:15","servicenow-incidents-000001"
"2026-04-28 02:37:59","servicenow-incidents-000001"
"2026-04-28 02:37:31","servicenow-incidents-000001"
"2026-04-28 02:37:45","servicenow-incidents-000001"
"2026-04-28 02:37:52","servicenow-incidents-000001"
"2026-04-28 02:37:48","servicenow-incidents-000001"
"2026-04-28 02:37:50","servicenow-incidents-000001"
"2026-04-28 02:37:43","servicenow-incidents-000001"
"2026-04-28 02:37:35","servicenow-incidents-000001"
"2026-04-28 02:37:44","servicenow-incidents-000001"
"2026-04-28 02:39:41","servicenow-incidents-000001"
"2026-04-28 02:35:34","servicenow-incidents-000001"
"2026-04-28 02:36:54","servicenow-incidents-000001"
"2026-04-28 02:35:57","servicenow-incidents-000001"
"2026-04-28 02:41:03","servicenow-incidents-000001"
"2026-04-28 02:38:46","servicenow-incidents-000001"
"2026-04-28 02:40:04","servicenow-incidents-000001"
"2026-04-28 02:37:01","servicenow-incidents-000001"
"2026-04-28 02:37:59","servicenow-incidents-000001"
"2026-04-28 02:35:43","servicenow-incidents-000001"
"2026-04-28 02:37:02","servicenow-incidents-000001"
"2026-04-28 02:37:13","servicenow-incidents-000001"
"2026-04-28 02:37:17","servicenow-incidents-000001"
"2026-04-28 02:37:15","servicenow-incidents-000001"
"2026-03-13 20:45:55","servicenow-incidents-000001"
"2026-04-08 11:46:43","servicenow-incidents-000001"
"2026-04-08 11:36:38","servicenow-incidents-000001"
"2026-03-14 22:50:23","servicenow-incidents-000001"
"2026-04-08 11:41:14","servicenow-incidents-000001"
"2026-04-08 11:47:53","servicenow-incidents-000001"
"2026-04-08 11:34:40","servicenow-incidents-000001"
"2026-04-08 11:40:14","servicenow-incidents-000001"
"2026-04-08 11:51:29","servicenow-incidents-000001"
"2026-04-08 11:35:26","servicenow-incidents-000001"
"2026-04-08 11:51:13","servicenow-incidents-000001"
"2026-04-08 11:42:22","servicenow-incidents-000001"
"2026-04-08 11:44:05","servicenow-incidents-000001"
"2026-04-08 11:29:42","servicenow-incidents-000001"
"2026-04-08 11:29:40","servicenow-incidents-000001"
"2026-04-08 11:29:39","servicenow-incidents-000001"
"2026-04-08 11:29:43","servicenow-incidents-000001"
"2026-04-08 11:29:07","servicenow-incidents-000001"
"2026-04-08 11:29:09","servicenow-incidents-000001"
"2026-04-08 11:29:07","servicenow-incidents-000001"
"2026-04-08 11:29:34","servicenow-incidents-000001"
"2026-04-08 11:29:01","servicenow-incidents-000001"
"2026-04-08 11:28:57","servicenow-incidents-000001"
"2026-04-08 11:29:06","servicenow-incidents-000001"
"2026-04-08 11:28:55","servicenow-incidents-000001"
"2026-04-08 11:29:00","servicenow-incidents-000001"
"2026-04-08 11:28:45","servicenow-incidents-000001"
"2026-04-08 11:28:44","servicenow-incidents-000001"
"2026-04-08 11:28:44","servicenow-incidents-000001"
"2026-04-08 11:28:53","servicenow-incidents-000001"
"2026-04-08 11:28:08","servicenow-incidents-000001"
"2026-04-08 11:28:28","servicenow-incidents-000001"
"2026-04-08 11:28:14","servicenow-incidents-000001"
"2026-04-08 11:30:01","servicenow-incidents-000001"
"2026-04-08 11:29:15","servicenow-incidents-000001"
"2026-04-08 11:28:32","servicenow-incidents-000001"
"2026-04-08 11:27:54","servicenow-incidents-000001"
"2026-04-08 11:28:05","servicenow-incidents-000001"
"2026-04-08 11:28:00","servicenow-incidents-000001"
"2026-04-08 11:28:28","servicenow-incidents-000001"
"2026-04-08 11:27:56","servicenow-incidents-000001"
"2026-04-08 11:27:53","servicenow-incidents-000001"
"2026-04-08 11:28:15","servicenow-incidents-000001"
"2026-04-08 11:27:47","servicenow-incidents-000001"
"2026-04-08 11:27:46","servicenow-incidents-000001"
"2026-04-08 11:27:51","servicenow-incidents-000001"
"2026-04-08 11:28:38","servicenow-incidents-000001"
"2026-04-08 11:27:41","servicenow-incidents-000001"
"2026-04-08 11:27:45","servicenow-incidents-000001"
"2026-04-08 11:27:38","servicenow-incidents-000001"
"2026-04-08 11:27:36","servicenow-incidents-000001"
"2026-04-08 11:27:43","servicenow-incidents-000001"
"2026-04-08 11:27:59","servicenow-incidents-000001"
"2026-04-08 11:27:29","servicenow-incidents-000001"
"2026-04-08 11:27:31","servicenow-incidents-000001"
"2026-04-08 11:27:31","servicenow-incidents-000001"
"2026-04-08 11:27:59","servicenow-incidents-000001"
"2026-04-08 11:27:00","servicenow-incidents-000001"
"2026-04-08 11:27:29","servicenow-incidents-000001"
"2026-04-08 11:27:48","servicenow-incidents-000001"
"2026-04-08 11:27:20","servicenow-incidents-000001"
"2026-04-08 11:26:58","servicenow-incidents-000001"
"2026-04-08 11:26:53","servicenow-incidents-000001"
"2026-04-08 11:27:10","servicenow-incidents-000001"
"2026-04-08 11:26:46","servicenow-incidents-000001"
"2026-04-08 11:26:46","servicenow-incidents-000001"
"2026-04-08 11:26:45","servicenow-incidents-000001"
"2026-04-08 11:26:39","servicenow-incidents-000001"
"2026-04-08 11:26:44","servicenow-incidents-000001"
"2026-04-08 11:26:40","servicenow-incidents-000001"
"2026-04-08 11:26:34","servicenow-incidents-000001"
"2026-04-08 11:26:36","servicenow-incidents-000001"
"2026-04-08 11:26:31","servicenow-incidents-000001"
"2026-04-08 11:26:29","servicenow-incidents-000001"
"2026-04-08 11:27:08","servicenow-incidents-000001"
"2026-04-08 11:26:24","servicenow-incidents-000001"
"2026-04-08 11:26:28","servicenow-incidents-000001"
"2026-04-08 11:26:23","servicenow-incidents-000001"
"2026-04-08 11:26:07","servicenow-incidents-000001"
"2026-04-08 11:26:22","servicenow-incidents-000001"
"2026-04-08 11:26:01","servicenow-incidents-000001"
"2026-04-08 11:26:02","servicenow-incidents-000001"
"2026-04-08 11:25:58","servicenow-incidents-000001"
"2026-04-08 11:25:49","servicenow-incidents-000001"
"2026-04-08 11:25:46","servicenow-incidents-000001"
"2026-04-08 11:26:08","servicenow-incidents-000001"
"2026-04-08 11:26:17","servicenow-incidents-000001"
"2026-04-08 11:25:34","servicenow-incidents-000001"
"2026-04-08 11:25:28","servicenow-incidents-000001"
"2026-04-08 11:25:43","servicenow-incidents-000001"
"2026-04-08 11:25:38","servicenow-incidents-000001"
"2026-04-08 11:25:28","servicenow-incidents-000001"
"2026-04-08 11:25:17","servicenow-incidents-000001"
"2026-04-08 11:25:27","servicenow-incidents-000001"
"2026-04-08 11:25:38","servicenow-incidents-000001"
"2026-04-08 11:25:06","servicenow-incidents-000001"
"2026-04-08 11:25:16","servicenow-incidents-000001"
"2026-04-08 11:25:05","servicenow-incidents-000001"
"2026-04-08 11:25:03","servicenow-incidents-000001"
"2026-04-08 11:25:16","servicenow-incidents-000001"
"2026-04-08 11:24:31","servicenow-incidents-000001"
"2026-04-08 11:24:52","servicenow-incidents-000001"
"2026-04-08 11:24:54","servicenow-incidents-000001"
"2026-04-08 11:24:58","servicenow-incidents-000001"
"2026-04-08 11:24:10","servicenow-incidents-000001"
"2026-04-08 11:23:55","servicenow-incidents-000001"
"2026-04-08 11:23:21","servicenow-incidents-000001"
"2026-04-08 11:24:28","servicenow-incidents-000001"
"2026-04-08 12:02:36","servicenow-incidents-000001"
"2026-04-08 12:02:49","servicenow-incidents-000001"
"2026-04-08 12:02:39","servicenow-incidents-000001"
"2026-04-08 12:02:35","servicenow-incidents-000001"
"2026-04-08 12:02:18","servicenow-incidents-000001"
"2026-04-08 12:01:01","servicenow-incidents-000001"
"2026-04-08 12:00:40","servicenow-incidents-000001"
"2026-04-08 12:00:38","servicenow-incidents-000001"
"2026-04-08 12:00:44","servicenow-incidents-000001"
"2026-04-08 12:00:04","servicenow-incidents-000001"
"2026-04-08 12:00:23","servicenow-incidents-000001"
"2026-04-08 12:00:26","servicenow-incidents-000001"
"2026-04-08 12:00:36","servicenow-incidents-000001"
"2026-04-08 11:59:38","servicenow-incidents-000001"
"2026-04-08 11:59:51","servicenow-incidents-000001"
"2026-04-08 12:00:02","servicenow-incidents-000001"
"2026-04-08 11:59:51","servicenow-incidents-000001"
"2026-04-08 11:59:25","servicenow-incidents-000001"
"2026-04-08 11:59:05","servicenow-incidents-000001"
"2026-04-08 11:58:31","servicenow-incidents-000001"
"2026-04-08 11:59:13","servicenow-incidents-000001"
"2026-04-08 11:23:08","servicenow-incidents-000001"
"2026-04-08 11:57:33","servicenow-incidents-000001"
"2026-04-08 11:58:30","servicenow-incidents-000001"
"2026-04-08 11:58:16","servicenow-incidents-000001"
"2026-04-08 11:57:52","servicenow-incidents-000001"
"2026-04-08 11:56:26","servicenow-incidents-000001"
"2026-04-08 11:56:23","servicenow-incidents-000001"
"2026-04-08 11:56:37","servicenow-incidents-000001"
"2026-04-08 11:25:04","servicenow-incidents-000001"
"2026-04-08 11:55:54","servicenow-incidents-000001"
"2026-04-08 11:56:10","servicenow-incidents-000001"
"2026-04-08 11:57:47","servicenow-incidents-000001"
"2026-04-08 11:55:52","servicenow-incidents-000001"
"2026-04-08 11:56:15","servicenow-incidents-000001"
"2026-04-08 11:56:31","servicenow-incidents-000001"
"2026-04-08 11:55:02","servicenow-incidents-000001"
"2026-04-08 11:55:15","servicenow-incidents-000001"
"2026-04-08 11:54:30","servicenow-incidents-000001"
"2026-04-08 11:54:46","servicenow-incidents-000001"
"2026-04-08 11:54:06","servicenow-incidents-000001"
"2026-04-08 11:54:19","servicenow-incidents-000001"
"2026-04-08 11:54:06","servicenow-incidents-000001"
"2026-04-08 11:54:17","servicenow-incidents-000001"
"2026-04-08 11:53:54","servicenow-incidents-000001"
"2026-04-08 11:53:52","servicenow-incidents-000001"
"2026-04-08 11:53:57","servicenow-incidents-000001"
"2026-04-08 11:53:44","servicenow-incidents-000001"
"2026-04-08 11:52:29","servicenow-incidents-000001"
"2026-04-08 11:53:35","servicenow-incidents-000001"
"2026-04-08 11:52:24","servicenow-incidents-000001"
"2026-04-08 11:53:25","servicenow-incidents-000001"
"2026-04-08 11:52:24","servicenow-incidents-000001"
"2026-04-08 11:52:13","servicenow-incidents-000001"
"2026-04-08 11:52:22","servicenow-incidents-000001"
"2026-04-08 11:53:11","servicenow-incidents-000001"
"2026-04-08 11:51:58","servicenow-incidents-000001"
"2026-04-08 11:52:02","servicenow-incidents-000001"
"2026-04-08 11:51:38","servicenow-incidents-000001"
"2026-04-08 11:52:08","servicenow-incidents-000001"
"2026-04-08 11:51:39","servicenow-incidents-000001"
"2026-04-08 11:51:46","servicenow-incidents-000001"
"2026-04-08 11:51:01","servicenow-incidents-000001"
"2026-04-08 11:51:25","servicenow-incidents-000001"
"2026-04-08 11:51:12","servicenow-incidents-000001"
"2026-04-08 11:51:35","servicenow-incidents-000001"
"2026-04-08 11:50:59","servicenow-incidents-000001"
"2026-04-08 11:50:59","servicenow-incidents-000001"
"2026-04-08 11:50:38","servicenow-incidents-000001"
"2026-04-08 11:50:45","servicenow-incidents-000001"
"2026-04-08 11:50:29","servicenow-incidents-000001"
"2026-04-08 11:50:26","servicenow-incidents-000001"
"2026-04-08 11:50:31","servicenow-incidents-000001"
"2026-04-08 11:50:32","servicenow-incidents-000001"
"2026-04-08 11:50:19","servicenow-incidents-000001"
"2026-04-08 11:50:22","servicenow-incidents-000001"
"2026-04-08 11:51:05","servicenow-incidents-000001"
"2026-04-08 11:50:19","servicenow-incidents-000001"
"2026-04-08 11:50:22","servicenow-incidents-000001"
"2026-04-08 11:50:15","servicenow-incidents-000001"
"2026-04-08 11:49:45","servicenow-incidents-000001"
"2026-04-08 11:50:10","servicenow-incidents-000001"
"2026-04-08 11:54:12","servicenow-incidents-000001"
"2026-04-08 11:48:47","servicenow-incidents-000001"
"2026-04-08 11:48:33","servicenow-incidents-000001"
"2026-04-08 11:48:41","servicenow-incidents-000001"
"2026-04-08 11:49:59","servicenow-incidents-000001"
"2026-04-08 11:48:05","servicenow-incidents-000001"
"2026-04-08 11:48:32","servicenow-incidents-000001"
"2026-04-08 11:47:57","servicenow-incidents-000001"
"2026-04-08 11:48:09","servicenow-incidents-000001"
"2026-04-08 11:48:06","servicenow-incidents-000001"
"2026-04-08 11:47:45","servicenow-incidents-000001"
"2026-04-08 11:49:34","servicenow-incidents-000001"
"2026-04-08 11:47:43","servicenow-incidents-000001"
"2026-04-08 11:47:55","servicenow-incidents-000001"
"2026-04-08 11:47:33","servicenow-incidents-000001"
"2026-04-08 11:47:12","servicenow-incidents-000001"
"2026-04-08 11:47:31","servicenow-incidents-000001"
"2026-04-08 11:47:21","servicenow-incidents-000001"
"2026-04-08 11:47:22","servicenow-incidents-000001"
"2026-04-08 11:46:13","servicenow-incidents-000001"
"2026-04-08 11:46:21","servicenow-incidents-000001"
"2026-04-08 11:46:29","servicenow-incidents-000001"
"2026-04-08 11:46:18","servicenow-incidents-000001"
"2026-04-08 11:45:56","servicenow-incidents-000001"
"2026-04-08 11:46:08","servicenow-incidents-000001"
"2026-04-08 11:45:57","servicenow-incidents-000001"
"2026-04-08 11:45:49","servicenow-incidents-000001"
"2026-04-08 11:45:53","servicenow-incidents-000001"
"2026-04-08 11:45:53","servicenow-incidents-000001"
"2026-04-08 11:45:31","servicenow-incidents-000001"
"2026-04-08 11:45:37","servicenow-incidents-000001"
"2026-04-08 11:45:32","servicenow-incidents-000001"
"2026-04-08 11:45:48","servicenow-incidents-000001"
"2026-04-08 11:45:49","servicenow-incidents-000001"
"2026-04-08 11:45:25","servicenow-incidents-000001"
"2026-04-08 11:45:24","servicenow-incidents-000001"
"2026-04-08 11:45:31","servicenow-incidents-000001"
"2026-04-08 11:45:24","servicenow-incidents-000001"
"2026-04-08 11:48:45","servicenow-incidents-000001"
"2026-04-08 11:48:57","servicenow-incidents-000001"
"2026-04-08 11:45:17","servicenow-incidents-000001"
"2026-04-08 11:44:27","servicenow-incidents-000001"
"2026-04-08 11:44:16","servicenow-incidents-000001"
"2026-04-08 11:43:44","servicenow-incidents-000001"
"2026-04-08 11:43:43","servicenow-incidents-000001"
"2026-04-08 11:44:23","servicenow-incidents-000001"
"2026-04-08 11:44:27","servicenow-incidents-000001"
"2026-04-08 11:43:40","servicenow-incidents-000001"
"2026-04-08 11:43:38","servicenow-incidents-000001"
"2026-04-08 11:25:16","servicenow-incidents-000001"
"2026-04-08 11:43:37","servicenow-incidents-000001"
"2026-04-08 11:43:04","servicenow-incidents-000001"
"2026-04-08 11:43:31","servicenow-incidents-000001"
"2026-04-08 11:44:27","servicenow-incidents-000001"
"2026-04-08 11:43:12","servicenow-incidents-000001"
"2026-04-08 11:43:17","servicenow-incidents-000001"
"2026-04-08 11:42:58","servicenow-incidents-000001"
"2026-04-08 11:42:47","servicenow-incidents-000001"
"2026-04-08 11:42:40","servicenow-incidents-000001"
"2026-04-08 11:43:00","servicenow-incidents-000001"
"2026-04-08 11:44:07","servicenow-incidents-000001"
"2026-04-08 11:42:45","servicenow-incidents-000001"
"2026-04-08 11:43:17","servicenow-incidents-000001"
"2026-04-08 11:42:35","servicenow-incidents-000001"
"2026-04-08 11:43:38","servicenow-incidents-000001"
"2026-04-08 11:42:10","servicenow-incidents-000001"
"2026-04-08 11:42:33","servicenow-incidents-000001"
"2026-04-08 11:42:14","servicenow-incidents-000001"
"2026-04-08 11:42:33","servicenow-incidents-000001"
"2026-04-08 11:41:29","servicenow-incidents-000001"
"2026-04-08 11:41:31","servicenow-incidents-000001"
"2026-04-08 11:41:27","servicenow-incidents-000001"
"2026-04-08 11:42:09","servicenow-incidents-000001"
"2026-04-08 11:40:47","servicenow-incidents-000001"
"2026-04-08 11:41:17","servicenow-incidents-000001"
"2026-04-08 11:41:18","servicenow-incidents-000001"
"2026-04-08 11:41:11","servicenow-incidents-000001"
"2026-04-08 11:40:52","servicenow-incidents-000001"
"2026-04-08 11:40:15","servicenow-incidents-000001"
"2026-04-08 11:40:14","servicenow-incidents-000001"
"2026-04-08 11:40:39","servicenow-incidents-000001"
"2026-04-08 11:40:37","servicenow-incidents-000001"
"2026-04-08 11:40:03","servicenow-incidents-000001"
"2026-04-08 11:40:02","servicenow-incidents-000001"
"2026-04-08 11:40:02","servicenow-incidents-000001"
"2026-04-08 11:40:13","servicenow-incidents-000001"
"2026-04-08 11:39:28","servicenow-incidents-000001"
"2026-04-08 11:39:27","servicenow-incidents-000001"
"2026-04-08 11:39:38","servicenow-incidents-000001"
"2026-04-08 11:39:24","servicenow-incidents-000001"
"2026-04-08 11:39:50","servicenow-incidents-000001"
"2026-04-08 11:39:12","servicenow-incidents-000001"
"2026-04-08 11:39:11","servicenow-incidents-000001"
"2026-04-08 11:39:16","servicenow-incidents-000001"
"2026-04-08 11:39:05","servicenow-incidents-000001"
"2026-04-08 11:38:54","servicenow-incidents-000001"
"2026-04-08 11:39:01","servicenow-incidents-000001"
"2026-04-08 11:39:00","servicenow-incidents-000001"
"2026-04-08 11:39:00","servicenow-incidents-000001"
"2026-04-08 11:38:47","servicenow-incidents-000001"
"2026-04-08 11:38:12","servicenow-incidents-000001"
"2026-04-08 11:38:12","servicenow-incidents-000001"
"2026-04-08 11:38:16","servicenow-incidents-000001"
"2026-04-08 11:38:45","servicenow-incidents-000001"
"2026-04-08 11:37:56","servicenow-incidents-000001"
"2026-04-08 11:38:09","servicenow-incidents-000001"
"2026-04-08 11:38:11","servicenow-incidents-000001"
"2026-04-08 11:38:09","servicenow-incidents-000001"
"2026-04-08 11:37:32","servicenow-incidents-000001"
"2026-04-08 11:37:34","servicenow-incidents-000001"
"2026-04-08 11:37:51","servicenow-incidents-000001"
"2026-04-08 11:37:40","servicenow-incidents-000001"
"2026-04-08 11:37:12","servicenow-incidents-000001"
"2026-04-08 11:37:16","servicenow-incidents-000001"
"2026-04-08 11:37:30","servicenow-incidents-000001"
"2026-04-08 11:37:32","servicenow-incidents-000001"
"2026-04-08 11:37:23","servicenow-incidents-000001"
"2026-04-08 11:37:11","servicenow-incidents-000001"
"2026-04-08 11:36:51","servicenow-incidents-000001"
"2026-04-08 11:37:00","servicenow-incidents-000001"
"2026-04-08 11:36:32","servicenow-incidents-000001"
"2026-04-08 11:36:04","servicenow-incidents-000001"
"2026-04-08 11:36:00","servicenow-incidents-000001"
"2026-04-08 11:36:24","servicenow-incidents-000001"
"2026-04-08 11:36:18","servicenow-incidents-000001"
"2026-04-08 11:36:00","servicenow-incidents-000001"
"2026-04-08 11:35:47","servicenow-incidents-000001"
"2026-04-08 11:35:58","servicenow-incidents-000001"
"2026-04-08 11:35:49","servicenow-incidents-000001"
"2026-04-08 11:35:46","servicenow-incidents-000001"
"2026-04-08 11:35:35","servicenow-incidents-000001"
"2026-04-08 11:35:26","servicenow-incidents-000001"
"2026-04-08 11:35:29","servicenow-incidents-000001"
"2026-04-08 11:35:37","servicenow-incidents-000001"
"2026-04-08 11:35:23","servicenow-incidents-000001"
"2026-04-08 11:35:15","servicenow-incidents-000001"
"2026-04-08 11:34:52","servicenow-incidents-000001"
"2026-04-08 11:35:00","servicenow-incidents-000001"
"2026-04-08 11:35:24","servicenow-incidents-000001"
"2026-04-08 11:34:48","servicenow-incidents-000001"
"2026-04-08 11:34:43","servicenow-incidents-000001"
"2026-04-08 11:34:48","servicenow-incidents-000001"
"2026-04-08 11:34:46","servicenow-incidents-000001"
"2026-04-08 11:34:11","servicenow-incidents-000001"
"2026-04-08 11:34:32","servicenow-incidents-000001"
"2026-04-08 11:34:36","servicenow-incidents-000001"
"2026-04-08 11:34:36","servicenow-incidents-000001"
"2026-04-08 11:33:44","servicenow-incidents-000001"
"2026-04-08 11:33:39","servicenow-incidents-000001"
"2026-04-08 11:33:51","servicenow-incidents-000001"
"2026-04-08 11:34:06","servicenow-incidents-000001"
"2026-04-08 11:33:51","servicenow-incidents-000001"
"2026-04-08 11:33:36","servicenow-incidents-000001"
"2026-04-08 11:33:32","servicenow-incidents-000001"
"2026-04-08 11:33:30","servicenow-incidents-000001"
"2026-04-08 11:33:23","servicenow-incidents-000001"
"2026-04-08 11:33:16","servicenow-incidents-000001"
"2026-04-08 11:33:17","servicenow-incidents-000001"
"2026-04-08 11:33:09","servicenow-incidents-000001"
"2026-04-08 11:33:14","servicenow-incidents-000001"
"2026-04-08 11:32:58","servicenow-incidents-000001"
"2026-04-08 11:32:58","servicenow-incidents-000001"
"2026-04-08 11:32:57","servicenow-incidents-000001"
"2026-04-08 11:32:58","servicenow-incidents-000001"
"2026-04-08 11:32:57","servicenow-incidents-000001"
"2026-04-08 11:32:54","servicenow-incidents-000001"
"2026-04-08 11:32:54","servicenow-incidents-000001"
"2026-04-08 11:32:54","servicenow-incidents-000001"
"2026-04-08 11:32:54","servicenow-incidents-000001"
"2026-04-08 11:32:27","servicenow-incidents-000001"
"2026-04-08 11:32:41","servicenow-incidents-000001"
"2026-04-08 11:32:44","servicenow-incidents-000001"
"2026-04-08 11:50:14","servicenow-incidents-000001"
"2026-04-08 11:32:33","servicenow-incidents-000001"
"2026-04-08 11:32:25","servicenow-incidents-000001"
"2026-04-08 11:32:14","servicenow-incidents-000001"
"2026-04-08 11:32:20","servicenow-incidents-000001"
"2026-04-08 11:32:22","servicenow-incidents-000001"
"2026-04-08 11:31:40","servicenow-incidents-000001"
"2026-04-08 11:31:52","servicenow-incidents-000001"
"2026-04-08 11:31:37","servicenow-incidents-000001"
"2026-04-08 11:31:25","servicenow-incidents-000001"
"2026-04-08 11:31:16","servicenow-incidents-000001"
"2026-04-08 11:31:23","servicenow-incidents-000001"
"2026-04-08 11:31:03","servicenow-incidents-000001"
"2026-04-08 11:31:06","servicenow-incidents-000001"
"2026-04-08 11:31:18","servicenow-incidents-000001"
"2026-04-08 11:31:03","servicenow-incidents-000001"
"2026-04-08 11:30:53","servicenow-incidents-000001"
"2026-04-08 11:30:43","servicenow-incidents-000001"
"2026-04-08 11:30:43","servicenow-incidents-000001"
"2026-04-08 11:30:30","servicenow-incidents-000001"
"2026-04-08 11:30:18","servicenow-incidents-000001"
"2026-04-08 11:30:35","servicenow-incidents-000001"
"2026-04-08 11:30:25","servicenow-incidents-000001"
"2026-04-08 11:30:16","servicenow-incidents-000001"
"2026-04-08 11:30:01","servicenow-incidents-000001"
"2026-04-08 11:30:05","servicenow-incidents-000001"
"2026-04-08 11:30:03","servicenow-incidents-000001"
"2026-04-08 11:29:57","servicenow-incidents-000001"
"2026-04-08 11:29:41","servicenow-incidents-000001"
"2026-04-08 11:29:51","servicenow-incidents-000001"
"2026-04-08 11:29:57","servicenow-incidents-000001"
"2026-04-08 11:29:40","servicenow-incidents-000001"
"2026-04-08 11:29:31","servicenow-incidents-000001"
"2026-04-08 11:29:30","servicenow-incidents-000001"
"2026-04-08 11:29:29","servicenow-incidents-000001"
"2026-04-08 11:29:28","servicenow-incidents-000001"
"2026-04-08 11:29:26","servicenow-incidents-000001"
"2026-04-08 11:29:18","servicenow-incidents-000001"
"2026-04-08 11:36:39","servicenow-incidents-000001"
"2026-04-08 11:29:17","servicenow-incidents-000001"
"2026-04-08 11:29:16","servicenow-incidents-000001"
"2026-04-08 11:28:59","servicenow-incidents-000001"
"2026-04-08 11:29:02","servicenow-incidents-000001"
"2026-04-08 11:29:13","servicenow-incidents-000001"
"2026-04-08 11:28:20","servicenow-incidents-000001"
"2026-04-08 11:28:50","servicenow-incidents-000001"
"2026-04-08 11:28:30","servicenow-incidents-000001"
"2026-04-08 11:29:29","servicenow-incidents-000001"
"2026-04-08 11:28:06","servicenow-incidents-000001"
"2026-04-08 11:28:05","servicenow-incidents-000001"
"2026-04-08 11:28:09","servicenow-incidents-000001"
"2026-04-08 11:28:16","servicenow-incidents-000001"
"2026-04-08 11:28:00","servicenow-incidents-000001"
"2026-04-08 11:28:00","servicenow-incidents-000001"
"2026-04-08 11:27:46","servicenow-incidents-000001"
"2026-04-08 11:27:59","servicenow-incidents-000001"
"2026-04-08 11:27:40","servicenow-incidents-000001"
"2026-04-08 11:27:33","servicenow-incidents-000001"
"2026-04-08 11:27:33","servicenow-incidents-000001"
"2026-04-08 11:27:44","servicenow-incidents-000001"
"2026-04-08 11:27:15","servicenow-incidents-000001"
"2026-04-08 11:27:22","servicenow-incidents-000001"
"2026-04-08 11:27:13","servicenow-incidents-000001"
"2026-04-08 11:27:26","servicenow-incidents-000001"
"2026-04-08 11:27:21","servicenow-incidents-000001"
"2026-04-08 11:27:06","servicenow-incidents-000001"
"2026-04-08 11:27:01","servicenow-incidents-000001"
"2026-04-08 11:27:10","servicenow-incidents-000001"
"2026-04-08 11:27:07","servicenow-incidents-000001"
"2026-04-08 11:26:52","servicenow-incidents-000001"
"2026-04-08 11:26:54","servicenow-incidents-000001"
"2026-04-08 11:26:48","servicenow-incidents-000001"
"2026-04-08 11:26:56","servicenow-incidents-000001"
"2026-04-08 11:26:40","servicenow-incidents-000001"
"2026-04-08 11:26:35","servicenow-incidents-000001"
"2026-04-08 11:26:31","servicenow-incidents-000001"
"2026-04-08 11:26:35","servicenow-incidents-000001"
"2026-04-08 11:26:34","servicenow-incidents-000001"
"2026-04-08 11:26:23","servicenow-incidents-000001"
"2026-04-08 11:26:19","servicenow-incidents-000001"
"2026-04-08 11:26:20","servicenow-incidents-000001"
"2026-04-08 11:26:27","servicenow-incidents-000001"
"2026-04-08 11:25:43","servicenow-incidents-000001"
"2026-04-08 11:26:06","servicenow-incidents-000001"
"2026-04-08 11:25:49","servicenow-incidents-000001"
"2026-04-08 11:25:51","servicenow-incidents-000001"
"2026-04-08 11:25:45","servicenow-incidents-000001"
"2026-04-08 11:25:36","servicenow-incidents-000001"
"2026-04-08 11:25:40","servicenow-incidents-000001"
"2026-04-08 11:25:32","servicenow-incidents-000001"
"2026-04-08 11:25:35","servicenow-incidents-000001"
"2026-04-08 11:25:24","servicenow-incidents-000001"
"2026-04-08 11:25:30","servicenow-incidents-000001"
"2026-04-08 11:25:32","servicenow-incidents-000001"
"2026-04-08 11:25:27","servicenow-incidents-000001"
"2026-04-08 11:25:20","servicenow-incidents-000001"
"2026-04-08 11:25:17","servicenow-incidents-000001"
"2026-04-08 11:25:19","servicenow-incidents-000001"
"2026-04-08 11:25:19","servicenow-incidents-000001"
"2026-04-08 11:24:41","servicenow-incidents-000001"
"2026-04-08 11:24:42","servicenow-incidents-000001"
"2026-04-08 11:25:06","servicenow-incidents-000001"
"2026-04-08 11:24:51","servicenow-incidents-000001"
"2026-04-08 11:24:53","servicenow-incidents-000001"
"2026-04-08 11:24:28","servicenow-incidents-000001"
"2026-04-08 11:24:02","servicenow-incidents-000001"
"2026-04-08 11:23:35","servicenow-incidents-000001"
"2026-04-08 11:24:11","servicenow-incidents-000001"
"2026-04-08 11:23:22","servicenow-incidents-000001"
"2026-04-08 11:23:18","servicenow-incidents-000001"
"2026-04-08 11:23:22","servicenow-incidents-000001"
"2026-04-08 11:23:20","servicenow-incidents-000001"
"2026-04-08 11:23:02","servicenow-incidents-000001"
"2026-04-08 11:35:31","servicenow-incidents-000001"
"2026-04-08 11:29:18","servicenow-incidents-000001"
"2026-04-08 11:23:12","servicenow-incidents-000001"
"2026-04-08 11:23:01","servicenow-incidents-000001"
"2026-04-08 11:22:59","servicenow-incidents-000001"
"2026-04-08 11:22:56","servicenow-incidents-000001"
"2026-04-08 11:23:00","servicenow-incidents-000001"
"2026-04-08 11:22:54","servicenow-incidents-000001"
"2026-04-08 11:22:49","servicenow-incidents-000001"
"2026-04-08 11:22:44","servicenow-incidents-000001"
"2026-04-08 11:22:46","servicenow-incidents-000001"
"2026-04-08 11:22:53","servicenow-incidents-000001"
"2026-04-08 11:22:43","servicenow-incidents-000001"
"2026-04-08 11:22:43","servicenow-incidents-000001"
"2026-04-08 11:22:42","servicenow-incidents-000001"
"2026-04-08 11:22:40","servicenow-incidents-000001"
"2026-04-08 11:22:32","servicenow-incidents-000001"
"2026-04-08 11:21:11","servicenow-incidents-000001"
"2026-04-08 11:21:21","servicenow-incidents-000001"
"2026-04-08 11:21:12","servicenow-incidents-000001"
"2026-04-08 11:21:10","servicenow-incidents-000001"
"2026-04-08 11:21:06","servicenow-incidents-000001"
"2026-04-08 11:21:10","servicenow-incidents-000001"
"2026-04-08 11:20:57","servicenow-incidents-000001"
"2026-04-08 11:20:59","servicenow-incidents-000001"
"2026-04-08 11:20:58","servicenow-incidents-000001"
"2026-04-08 11:20:56","servicenow-incidents-000001"
"2026-04-08 11:22:52","servicenow-incidents-000001"
"2026-04-08 11:20:57","servicenow-incidents-000001"
"2026-04-08 11:20:56","servicenow-incidents-000001"
"2026-04-08 11:20:55","servicenow-incidents-000001"
"2026-04-08 11:20:53","servicenow-incidents-000001"
"2026-04-08 11:20:45","servicenow-incidents-000001"
"2026-04-08 11:20:56","servicenow-incidents-000001"
"2026-04-08 11:20:35","servicenow-incidents-000001"
"2026-04-08 11:20:42","servicenow-incidents-000001"
"2026-04-08 11:20:42","servicenow-incidents-000001"
"2026-04-08 11:20:39","servicenow-incidents-000001"
"2026-04-08 11:20:32","servicenow-incidents-000001"
"2026-04-08 11:20:27","servicenow-incidents-000001"
"2026-04-08 11:20:33","servicenow-incidents-000001"
"2026-04-08 11:20:31","servicenow-incidents-000001"
"2026-04-08 11:20:28","servicenow-incidents-000001"
"2026-04-08 11:20:22","servicenow-incidents-000001"
"2026-04-08 11:20:26","servicenow-incidents-000001"
"2026-04-08 11:20:21","servicenow-incidents-000001"
"2026-04-08 11:20:26","servicenow-incidents-000001"
"2026-04-08 11:20:26","servicenow-incidents-000001"
"2026-04-08 11:19:58","servicenow-incidents-000001"
"2026-04-08 11:20:13","servicenow-incidents-000001"
"2026-04-08 11:21:04","servicenow-incidents-000001"
"2026-04-08 11:20:00","servicenow-incidents-000001"
"2026-04-08 11:20:10","servicenow-incidents-000001"
"2026-04-08 11:21:08","servicenow-incidents-000001"
"2026-04-08 11:20:10","servicenow-incidents-000001"
"2026-04-08 11:20:56","servicenow-incidents-000001"
"2026-04-08 11:20:00","servicenow-incidents-000001"
"2026-04-08 11:31:39","servicenow-incidents-000001"
"2026-04-08 11:21:59","servicenow-incidents-000001"
"2026-04-08 11:20:09","servicenow-incidents-000001"
"2026-04-08 11:20:52","servicenow-incidents-000001"
"2026-04-08 11:31:37","servicenow-incidents-000001"
"2026-04-08 11:31:36","servicenow-incidents-000001"
"2026-04-08 11:31:36","servicenow-incidents-000001"
"2026-04-08 11:31:37","servicenow-incidents-000001"
"2026-04-08 11:31:14","servicenow-incidents-000001"
"2026-04-08 11:31:10","servicenow-incidents-000001"
"2026-04-08 11:31:23","servicenow-incidents-000001"
"2026-04-08 11:31:10","servicenow-incidents-000001"
"2026-04-08 11:30:57","servicenow-incidents-000001"
"2026-04-08 11:31:05","servicenow-incidents-000001"
"2026-04-08 11:30:58","servicenow-incidents-000001"
"2026-04-08 11:30:47","servicenow-incidents-000001"
"2026-04-08 11:30:51","servicenow-incidents-000001"
"2026-04-08 11:30:32","servicenow-incidents-000001"
"2026-04-08 11:30:35","servicenow-incidents-000001"
"2026-04-08 11:30:43","servicenow-incidents-000001"
"2026-04-08 11:30:41","servicenow-incidents-000001"
"2026-04-08 11:30:19","servicenow-incidents-000001"
"2026-04-08 11:30:22","servicenow-incidents-000001"
"2026-04-08 11:30:29","servicenow-incidents-000001"
"2026-04-08 11:30:23","servicenow-incidents-000001"
"2026-04-08 11:30:18","servicenow-incidents-000001"
"2026-04-08 11:29:58","servicenow-incidents-000001"
"2026-04-08 11:30:09","servicenow-incidents-000001"
"2026-04-08 11:30:00","servicenow-incidents-000001"
"2026-04-08 11:30:05","servicenow-incidents-000001"
"2026-04-08 11:29:50","servicenow-incidents-000001"
"2026-04-08 11:29:57","servicenow-incidents-000001"
"2026-04-08 11:29:54","servicenow-incidents-000001"
"2026-04-08 11:29:53","servicenow-incidents-000001"
"2026-04-08 11:29:51","servicenow-incidents-000001"
"2026-04-08 11:29:49","servicenow-incidents-000001"
"2026-04-08 11:29:45","servicenow-incidents-000001"
"2026-04-08 11:29:44","servicenow-incidents-000001"
"2026-04-08 11:29:46","servicenow-incidents-000001"
"2026-04-08 11:26:41","servicenow-incidents-000001"
"2026-04-08 11:29:43","servicenow-incidents-000001"
"2026-04-08 11:32:13","servicenow-incidents-000001"
"2026-04-08 11:38:47","servicenow-incidents-000001"
"2026-04-08 11:39:16","servicenow-incidents-000001"
"2026-04-08 11:28:50","servicenow-incidents-000001"
"2026-04-08 11:32:07","servicenow-incidents-000001"
"2026-04-08 11:38:20","servicenow-incidents-000001"
"2026-04-08 11:28:40","servicenow-incidents-000001"
"2026-04-08 11:42:22","servicenow-incidents-000001"
"2026-04-08 11:30:39","servicenow-incidents-000001"
"2026-04-08 11:39:00","servicenow-incidents-000001"
"2026-04-08 11:48:32","servicenow-incidents-000001"
"2026-04-08 11:38:34","servicenow-incidents-000001"
"2026-04-08 11:39:56","servicenow-incidents-000001"
"2026-04-08 11:49:01","servicenow-incidents-000001"
"2026-04-08 11:40:10","servicenow-incidents-000001"
"2026-04-08 11:34:21","servicenow-incidents-000001"
"2026-04-08 11:33:11","servicenow-incidents-000001"
"2026-04-08 11:37:40","servicenow-incidents-000001"
"2026-04-08 11:40:26","servicenow-incidents-000001"
"2026-04-08 11:29:18","servicenow-incidents-000001"
"2026-04-08 11:40:02","servicenow-incidents-000001"
"2026-04-08 11:45:44","servicenow-incidents-000001"
"2026-04-08 11:38:49","servicenow-incidents-000001"
"2026-04-08 11:37:24","servicenow-incidents-000001"
"2026-04-08 11:32:17","servicenow-incidents-000001"
"2026-04-08 11:39:38","servicenow-incidents-000001"
"2026-04-08 11:37:17","servicenow-incidents-000001"
"2026-04-08 11:34:36","servicenow-incidents-000001"
"2026-04-08 11:51:50","servicenow-incidents-000001"
"2026-04-08 11:44:29","servicenow-incidents-000001"
"2026-04-08 11:27:25","servicenow-incidents-000001"
"2026-04-08 11:46:50","servicenow-incidents-000001"
"2026-04-08 11:37:43","servicenow-incidents-000001"
"2026-04-08 11:31:29","servicenow-incidents-000001"
"2026-04-08 11:32:46","servicenow-incidents-000001"
"2026-04-08 11:33:31","servicenow-incidents-000001"
"2026-04-08 11:30:54","servicenow-incidents-000001"
"2026-04-08 11:46:12","servicenow-incidents-000001"
"2026-04-08 11:45:23","servicenow-incidents-000001"
"2026-04-08 11:35:36","servicenow-incidents-000001"
"2026-04-08 11:39:39","servicenow-incidents-000001"
"2026-04-08 11:35:52","servicenow-incidents-000001"
"2026-04-08 11:30:44","servicenow-incidents-000001"
"2026-04-08 11:34:25","servicenow-incidents-000001"
"2026-04-08 11:43:36","servicenow-incidents-000001"
"2026-04-08 11:37:46","servicenow-incidents-000001"
"2026-04-08 11:31:24","servicenow-incidents-000001"
"2026-04-08 11:27:19","servicenow-incidents-000001"
"2026-04-08 11:39:38","servicenow-incidents-000001"
"2026-04-08 11:22:02","servicenow-incidents-000001"
"2026-04-08 11:29:14","servicenow-incidents-000001"
"2026-04-08 11:30:30","servicenow-incidents-000001"
"2026-04-08 11:34:06","servicenow-incidents-000001"
"2026-04-08 11:39:31","servicenow-incidents-000001"
"2026-04-08 11:37:03","servicenow-incidents-000001"
"2026-04-08 12:00:33","servicenow-incidents-000001"
"2026-04-08 11:39:39","servicenow-incidents-000001"
"2026-04-08 11:41:13","servicenow-incidents-000001"
"2026-04-08 11:26:32","servicenow-incidents-000001"
"2026-04-08 11:31:42","servicenow-incidents-000001"
"2026-04-08 11:55:07","servicenow-incidents-000001"
"2026-04-08 11:38:41","servicenow-incidents-000001"
"2026-04-08 11:56:31","servicenow-incidents-000001"
"2026-04-08 12:00:18","servicenow-incidents-000001"
"2026-04-08 11:56:35","servicenow-incidents-000001"
"2026-04-08 11:26:10","servicenow-incidents-000001"
"2026-04-08 11:25:21","servicenow-incidents-000001"
"2026-04-08 11:56:15","servicenow-incidents-000001"
"2026-04-08 11:34:44","servicenow-incidents-000001"
"2026-04-08 11:36:58","servicenow-incidents-000001"
"2026-04-08 11:27:06","servicenow-incidents-000001"
"2026-04-08 11:59:32","servicenow-incidents-000001"
"2026-04-08 11:27:09","servicenow-incidents-000001"
"2026-04-08 11:55:30","servicenow-incidents-000001"
"2026-04-08 11:24:43","servicenow-incidents-000001"
"2026-04-08 11:28:52","servicenow-incidents-000001"
"2026-04-08 11:22:58","servicenow-incidents-000001"
"2026-04-08 11:54:09","servicenow-incidents-000001"
"2026-04-08 11:54:04","servicenow-incidents-000001"
"2026-04-08 11:23:08","servicenow-incidents-000001"
"2026-04-08 11:52:30","servicenow-incidents-000001"
"2026-04-08 11:51:26","servicenow-incidents-000001"
"2026-04-08 11:54:44","servicenow-incidents-000001"
"2026-04-08 11:26:23","servicenow-incidents-000001"
"2026-04-08 11:39:44","servicenow-incidents-000001"
"2026-04-08 11:51:08","servicenow-incidents-000001"
"2026-04-08 11:49:26","servicenow-incidents-000001"
"2026-04-08 11:32:10","servicenow-incidents-000001"
"2026-04-08 11:49:31","servicenow-incidents-000001"
"2026-04-08 11:45:38","servicenow-incidents-000001"
"2026-04-08 11:39:14","servicenow-incidents-000001"
"2026-04-08 11:39:56","servicenow-incidents-000001"
"2026-04-08 11:42:55","servicenow-incidents-000001"
"2026-04-08 11:38:22","servicenow-incidents-000001"
"2026-04-08 11:39:40","servicenow-incidents-000001"
"2026-04-08 11:34:52","servicenow-incidents-000001"
"2026-04-08 11:59:45","servicenow-incidents-000001"
"2026-04-08 11:43:11","servicenow-incidents-000001"
"2026-04-08 11:24:32","servicenow-incidents-000001"
"2026-04-08 11:34:19","servicenow-incidents-000001"
"2026-04-08 11:39:50","servicenow-incidents-000001"
"2026-04-08 11:46:34","servicenow-incidents-000001"
"2026-04-08 11:42:15","servicenow-incidents-000001"
"2026-04-08 11:33:55","servicenow-incidents-000001"
"2026-04-08 11:37:47","servicenow-incidents-000001"
"2026-04-08 11:34:06","servicenow-incidents-000001"
"2026-04-08 11:37:04","servicenow-incidents-000001"
"2026-04-08 11:46:26","servicenow-incidents-000001"
"2026-04-08 11:55:41","servicenow-incidents-000001"
"2026-04-08 11:37:00","servicenow-incidents-000001"
"2026-04-08 11:34:05","servicenow-incidents-000001"
"2026-04-08 11:41:25","servicenow-incidents-000001"
"2026-04-08 11:42:11","servicenow-incidents-000001"
"2026-04-08 11:59:10","servicenow-incidents-000001"
"2026-04-08 11:26:57","servicenow-incidents-000001"
"2026-04-08 11:39:43","servicenow-incidents-000001"
"2026-04-08 11:39:28","servicenow-incidents-000001"
"2026-04-08 11:40:13","servicenow-incidents-000001"
"2026-04-08 11:33:47","servicenow-incidents-000001"
"2026-04-08 11:20:43","servicenow-incidents-000001"
"2026-04-08 11:39:43","servicenow-incidents-000001"
"2026-04-08 11:39:27","servicenow-incidents-000001"
"2026-04-08 11:38:54","servicenow-incidents-000001"
"2026-04-08 11:39:42","servicenow-incidents-000001"
"2026-04-08 11:40:23","servicenow-incidents-000001"
"2026-04-08 11:20:42","servicenow-incidents-000001"
"2026-04-08 11:21:44","servicenow-incidents-000001"
"2026-04-08 11:35:11","servicenow-incidents-000001"
"2026-04-08 11:37:55","servicenow-incidents-000001"
"2026-04-08 11:47:55","servicenow-incidents-000001"
"2026-04-08 11:25:04","servicenow-incidents-000001"
"2026-04-08 11:37:58","servicenow-incidents-000001"
"2026-04-08 11:42:11","servicenow-incidents-000001"
"2026-04-08 11:30:51","servicenow-incidents-000001"
"2026-04-08 11:31:02","servicenow-incidents-000001"
"2026-04-08 11:30:55","servicenow-incidents-000001"
"2026-04-08 11:42:26","servicenow-incidents-000001"
"2026-04-08 11:30:52","servicenow-incidents-000001"
"2026-04-08 11:40:23","servicenow-incidents-000001"
"2026-04-08 11:34:00","servicenow-incidents-000001"
"2026-04-08 11:44:00","servicenow-incidents-000001"
"2026-04-08 11:38:43","servicenow-incidents-000001"
"2026-04-08 11:30:55","servicenow-incidents-000001"
"2026-04-08 11:38:23","servicenow-incidents-000001"
"2026-04-08 11:37:11","servicenow-incidents-000001"
"2026-04-08 11:35:00","servicenow-incidents-000001"
"2026-04-08 11:33:06","servicenow-incidents-000001"
"2026-04-08 11:30:02","servicenow-incidents-000001"
"2026-04-08 11:33:09","servicenow-incidents-000001"
"2026-04-08 11:34:59","servicenow-incidents-000001"
"2026-04-08 12:02:24","servicenow-incidents-000001"
"2026-04-08 11:33:05","servicenow-incidents-000001"
"2026-04-08 11:30:48","servicenow-incidents-000001"
"2026-04-08 11:34:59","servicenow-incidents-000001"
"2026-04-08 11:38:07","servicenow-incidents-000001"
"2026-04-08 11:37:17","servicenow-incidents-000001"
"2026-04-08 11:38:37","servicenow-incidents-000001"
"2026-04-08 11:38:36","servicenow-incidents-000001"
"2026-04-08 11:36:43","servicenow-incidents-000001"
"2026-04-08 11:34:54","servicenow-incidents-000001"
"2026-04-08 11:36:58","servicenow-incidents-000001"
"2026-04-08 11:34:48","servicenow-incidents-000001"
"2026-04-08 11:21:05","servicenow-incidents-000001"
"2026-04-08 11:22:51","servicenow-incidents-000001"
"2026-04-08 11:40:39","servicenow-incidents-000001"
"2026-04-08 11:59:32","servicenow-incidents-000001"
"2026-04-08 11:31:51","servicenow-incidents-000001"
"2026-04-08 11:34:38","servicenow-incidents-000001"
"2026-04-08 11:34:48","servicenow-incidents-000001"
"2026-04-08 12:00:56","servicenow-incidents-000001"
"2026-04-08 11:51:52","servicenow-incidents-000001"
"2026-04-08 11:38:31","servicenow-incidents-000001"
"2026-04-08 11:36:50","servicenow-incidents-000001"
"2026-04-08 11:29:20","servicenow-incidents-000001"
"2026-04-08 11:33:07","servicenow-incidents-000001"
"2026-04-08 11:32:08","servicenow-incidents-000001"
"2026-04-08 11:33:34","servicenow-incidents-000001"
"2026-04-08 11:35:18","servicenow-incidents-000001"
"2026-04-08 11:20:54","servicenow-incidents-000001"
"2026-04-08 11:36:34","servicenow-incidents-000001"
"2026-04-08 11:50:44","servicenow-incidents-000001"
"2026-04-08 11:20:21","servicenow-incidents-000001"
"2026-04-08 11:19:59","servicenow-incidents-000001"
"2026-04-08 11:35:23","servicenow-incidents-000001"
"2026-04-08 11:21:06","servicenow-incidents-000001"
"2026-04-08 11:36:49","servicenow-incidents-000001"
"2026-04-08 11:19:58","servicenow-incidents-000001"
"2026-04-08 11:21:07","servicenow-incidents-000001"
"2026-04-08 11:20:13","servicenow-incidents-000001"
"2026-04-08 11:20:13","servicenow-incidents-000001"
"2026-04-08 11:20:45","servicenow-incidents-000001"
"2026-04-08 11:20:47","servicenow-incidents-000001"
"2026-04-08 11:20:10","servicenow-incidents-000001"
"2026-04-08 11:21:20","servicenow-incidents-000001"
"2026-04-08 11:33:10","servicenow-incidents-000001"
"2026-04-08 11:33:24","servicenow-incidents-000001"
"2026-04-08 11:22:49","servicenow-incidents-000001"
"2026-04-08 11:33:18","servicenow-incidents-000001"
"2026-04-08 11:20:13","servicenow-incidents-000001"
"2026-04-08 11:36:37","servicenow-incidents-000001"
"2026-04-08 11:20:20","servicenow-incidents-000001"
"2026-04-08 11:20:09","servicenow-incidents-000001"
"2026-04-08 11:20:13","servicenow-incidents-000001"
"2026-04-08 11:20:36","servicenow-incidents-000001"
"2026-04-08 11:20:12","servicenow-incidents-000001"
"2026-04-08 11:54:55","servicenow-incidents-000001"
"2026-04-08 11:38:34","servicenow-incidents-000001"
"2026-04-08 11:29:04","servicenow-incidents-000001"
"2026-04-08 11:36:51","servicenow-incidents-000001"
"2026-04-08 11:20:28","servicenow-incidents-000001"
"2026-04-08 11:20:21","servicenow-incidents-000001"
"2026-04-08 11:54:33","servicenow-incidents-000001"
"2026-04-08 11:20:34","servicenow-incidents-000001"
"2026-04-08 11:20:08","servicenow-incidents-000001"
"2026-04-08 11:22:41","servicenow-incidents-000001"
"2026-04-08 11:29:31","servicenow-incidents-000001"
"2026-04-08 11:22:49","servicenow-incidents-000001"
"2026-04-08 11:32:13","servicenow-incidents-000001"
"2026-04-08 11:51:20","servicenow-incidents-000001"
"2026-04-08 11:47:43","servicenow-incidents-000001"
"2026-04-08 11:32:42","servicenow-incidents-000001"
"2026-04-08 11:31:11","servicenow-incidents-000001"
"2026-04-08 11:28:55","servicenow-incidents-000001"
"2026-04-08 11:55:49","servicenow-incidents-000001"
"2026-04-08 11:28:24","servicenow-incidents-000001"
"2026-04-08 11:49:03","servicenow-incidents-000001"
"2026-04-08 11:29:31","servicenow-incidents-000001"
"2026-04-08 11:32:37","servicenow-incidents-000001"
"2026-04-08 11:33:17","servicenow-incidents-000001"
"2026-04-08 11:36:10","servicenow-incidents-000001"
"2026-04-08 11:45:46","servicenow-incidents-000001"
"2026-04-08 11:43:44","servicenow-incidents-000001"
"2026-04-08 11:52:19","servicenow-incidents-000001"
"2026-04-08 11:50:30","servicenow-incidents-000001"
"2026-04-08 11:36:09","servicenow-incidents-000001"
"2026-04-08 11:23:43","servicenow-incidents-000001"
"2026-04-08 11:30:13","servicenow-incidents-000001"
"2026-04-08 11:30:48","servicenow-incidents-000001"
"2026-04-08 11:24:58","servicenow-incidents-000001"
"2026-04-08 11:32:27","servicenow-incidents-000001"
"2026-04-08 11:35:35","servicenow-incidents-000001"
"2026-04-08 11:41:37","servicenow-incidents-000001"
"2026-04-08 11:27:53","servicenow-incidents-000001"
"2026-04-08 11:31:28","servicenow-incidents-000001"
"2026-04-08 11:25:39","servicenow-incidents-000001"
"2026-04-08 11:31:55","servicenow-incidents-000001"
"2026-04-08 11:26:15","servicenow-incidents-000001"
"2026-04-08 11:26:48","servicenow-incidents-000001"
"2026-04-08 11:28:27","servicenow-incidents-000001"
"2026-04-08 11:30:41","servicenow-incidents-000001"
"2026-04-08 11:26:56","servicenow-incidents-000001"
"2026-04-08 11:38:11","servicenow-incidents-000001"
"2026-04-08 11:27:04","servicenow-incidents-000001"
"2026-04-08 11:27:46","servicenow-incidents-000001"
"2026-04-08 11:28:40","servicenow-incidents-000001"
"2026-04-08 11:26:43","servicenow-incidents-000001"
"2026-04-08 11:30:42","servicenow-incidents-000001"
"2026-04-08 11:29:52","servicenow-incidents-000001"
"2026-04-08 11:34:02","servicenow-incidents-000001"
"2026-04-08 11:50:26","servicenow-incidents-000001"
"2026-04-08 11:34:17","servicenow-incidents-000001"
"2026-04-08 11:34:04","servicenow-incidents-000001"
"2026-04-08 11:29:29","servicenow-incidents-000001"
"2026-04-08 11:49:59","servicenow-incidents-000001"
"2026-04-08 11:44:18","servicenow-incidents-000001"
"2026-04-08 11:25:55","servicenow-incidents-000001"
"2026-04-08 11:47:39","servicenow-incidents-000001"
"2026-04-08 11:26:12","servicenow-incidents-000001"
"2026-04-08 11:43:54","servicenow-incidents-000001"
"2026-04-08 11:37:47","servicenow-incidents-000001"
"2026-04-08 11:34:37","servicenow-incidents-000001"
"2026-04-08 11:51:52","servicenow-incidents-000001"
"2026-04-08 11:25:29","servicenow-incidents-000001"
"2026-04-08 11:38:57","servicenow-incidents-000001"
"2026-04-08 11:32:45","servicenow-incidents-000001"
"2026-04-08 11:34:21","servicenow-incidents-000001"
"2026-04-08 11:26:10","servicenow-incidents-000001"
"2026-04-08 11:27:37","servicenow-incidents-000001"
"2026-04-08 11:51:36","servicenow-incidents-000001"
"2026-04-08 11:46:00","servicenow-incidents-000001"
"2026-04-08 11:25:45","servicenow-incidents-000001"
"2026-04-08 11:39:26","servicenow-incidents-000001"
"2026-04-08 11:34:02","servicenow-incidents-000001"
"2026-04-08 11:24:50","servicenow-incidents-000001"
"2026-04-08 11:36:19","servicenow-incidents-000001"
"2026-04-08 11:24:43","servicenow-incidents-000001"
"2026-04-08 11:24:42","servicenow-incidents-000001"
"2026-04-08 11:28:18","servicenow-incidents-000001"
"2026-04-08 11:27:52","servicenow-incidents-000001"
"2026-04-08 11:24:57","servicenow-incidents-000001"
"2026-04-08 11:27:19","servicenow-incidents-000001"
"2026-04-08 11:26:45","servicenow-incidents-000001"
"2026-04-08 11:25:16","servicenow-incidents-000001"
"2026-04-08 11:44:03","servicenow-incidents-000001"
"2026-04-08 11:30:13","servicenow-incidents-000001"
"2026-04-08 11:27:17","servicenow-incidents-000001"
"2026-04-08 11:25:04","servicenow-incidents-000001"
"2026-04-08 11:41:59","servicenow-incidents-000001"
"2026-04-08 11:41:09","servicenow-incidents-000001"
"2026-04-08 11:25:17","servicenow-incidents-000001"
"2026-04-08 11:36:18","servicenow-incidents-000001"
"2026-04-08 11:23:20","servicenow-incidents-000001"
"2026-04-08 11:23:13","servicenow-incidents-000001"
"2026-04-08 11:36:55","servicenow-incidents-000001"
"2026-04-08 11:23:09","servicenow-incidents-000001"
"2026-04-08 11:43:43","servicenow-incidents-000001"
"2026-04-08 11:40:01","servicenow-incidents-000001"
"2026-04-08 11:36:31","servicenow-incidents-000001"
"2026-04-08 11:40:24","servicenow-incidents-000001"
"2026-04-08 11:37:20","servicenow-incidents-000001"
"2026-04-08 11:37:28","servicenow-incidents-000001"
"2026-04-08 11:24:53","servicenow-incidents-000001"
"2026-04-08 11:39:39","servicenow-incidents-000001"
"2026-04-08 11:29:04","servicenow-incidents-000001"
"2026-04-08 11:34:51","servicenow-incidents-000001"
"2026-04-08 11:32:28","servicenow-incidents-000001"
"2026-04-08 11:30:15","servicenow-incidents-000001"
"2026-04-08 11:37:41","servicenow-incidents-000001"
"2026-04-08 11:25:05","servicenow-incidents-000001"
"2026-04-08 11:33:48","servicenow-incidents-000001"
"2026-04-08 11:38:22","servicenow-incidents-000001"
"2026-04-08 11:19:58","servicenow-incidents-000001"
"2026-04-08 11:26:53","servicenow-incidents-000001"
"2026-04-08 11:33:52","servicenow-incidents-000001"
"2026-04-08 11:29:37","servicenow-incidents-000001"
"2026-04-08 11:35:48","servicenow-incidents-000001"
"2026-04-08 11:48:09","servicenow-incidents-000001"
"2026-04-08 11:36:45","servicenow-incidents-000001"
"2026-04-08 11:25:57","servicenow-incidents-000001"
"2026-04-08 11:38:34","servicenow-incidents-000001"
"2026-04-08 11:36:55","servicenow-incidents-000001"
"2026-04-08 11:36:44","servicenow-incidents-000001"
"2026-04-08 11:32:47","servicenow-incidents-000001"
"2026-04-08 11:24:57","servicenow-incidents-000001"
"2026-04-08 11:20:22","servicenow-incidents-000001"
"2026-04-08 11:39:04","servicenow-incidents-000001"
"2026-04-08 11:22:38","servicenow-incidents-000001"
"2026-04-08 11:36:22","servicenow-incidents-000001"
"2026-04-08 11:41:51","servicenow-incidents-000001"
"2026-04-08 11:45:07","servicenow-incidents-000001"
"2026-04-08 11:51:41","servicenow-incidents-000001"
"2026-04-08 11:50:27","servicenow-incidents-000001"
"2026-04-08 11:44:14","servicenow-incidents-000001"
"2026-04-08 11:36:24","servicenow-incidents-000001"
"2026-04-08 11:34:55","servicenow-incidents-000001"
"2026-04-08 11:29:03","servicenow-incidents-000001"
"2026-04-08 11:31:00","servicenow-incidents-000001"
"2026-04-08 11:47:00","servicenow-incidents-000001"
"2026-04-08 11:43:50","servicenow-incidents-000001"
"2026-04-08 11:26:01","servicenow-incidents-000001"
"2026-04-08 11:39:03","servicenow-incidents-000001"
"2026-04-08 11:53:33","servicenow-incidents-000001"
"2026-04-08 11:30:28","servicenow-incidents-000001"
"2026-04-08 11:59:30","servicenow-incidents-000001"
"2026-04-08 11:42:33","servicenow-incidents-000001"
"2026-04-08 11:30:23","servicenow-incidents-000001"
"2026-04-08 11:48:00","servicenow-incidents-000001"
"2026-04-08 11:49:05","servicenow-incidents-000001"
"2026-04-08 11:43:30","servicenow-incidents-000001"
"2026-04-08 11:56:02","servicenow-incidents-000001"
"2026-04-08 11:35:40","servicenow-incidents-000001"
"2026-04-08 11:30:07","servicenow-incidents-000001"
"2026-04-08 11:39:00","servicenow-incidents-000001"
"2026-04-08 11:52:05","servicenow-incidents-000001"
"2026-04-08 11:35:11","servicenow-incidents-000001"
"2026-04-08 11:54:34","servicenow-incidents-000001"
"2026-04-08 11:46:18","servicenow-incidents-000001"
"2026-04-08 11:33:17","servicenow-incidents-000001"
"2026-04-08 11:35:38","servicenow-incidents-000001"
"2026-04-08 11:43:31","servicenow-incidents-000001"
"2026-04-08 11:38:14","servicenow-incidents-000001"
"2026-04-08 11:35:05","servicenow-incidents-000001"
"2026-04-08 11:43:53","servicenow-incidents-000001"
"2026-04-08 11:38:02","servicenow-incidents-000001"
"2026-04-08 12:02:12","servicenow-incidents-000001"
"2026-04-08 11:57:32","servicenow-incidents-000001"
"2026-04-08 11:27:35","servicenow-incidents-000001"
"2026-04-08 11:25:49","servicenow-incidents-000001"
"2026-04-08 11:41:48","servicenow-incidents-000001"
"2026-04-08 11:59:33","servicenow-incidents-000001"
"2026-04-08 11:59:47","servicenow-incidents-000001"
"2026-04-08 12:00:19","servicenow-incidents-000001"
"2026-04-08 11:56:11","servicenow-incidents-000001"
"2026-04-08 11:51:43","servicenow-incidents-000001"
"2026-04-08 11:57:50","servicenow-incidents-000001"
"2026-04-08 11:57:26","servicenow-incidents-000001"
"2026-04-08 11:59:21","servicenow-incidents-000001"
"2026-04-08 11:55:00","servicenow-incidents-000001"
"2026-04-08 11:54:31","servicenow-incidents-000001"
"2026-04-08 11:54:39","servicenow-incidents-000001"
"2026-04-08 11:55:58","servicenow-incidents-000001"
"2026-04-08 11:55:45","servicenow-incidents-000001"
"2026-04-08 11:50:12","servicenow-incidents-000001"
"2026-04-08 11:55:03","servicenow-incidents-000001"
"2026-04-08 11:51:57","servicenow-incidents-000001"
"2026-04-08 11:45:12","servicenow-incidents-000001"
"2026-04-08 11:46:30","servicenow-incidents-000001"
"2026-04-08 11:46:06","servicenow-incidents-000001"
"2026-04-08 11:47:55","servicenow-incidents-000001"
"2026-04-08 11:45:48","servicenow-incidents-000001"
"2026-04-08 11:43:10","servicenow-incidents-000001"
"2026-04-08 11:45:40","servicenow-incidents-000001"
"2026-04-08 11:45:28","servicenow-incidents-000001"
"2026-04-08 11:33:32","servicenow-incidents-000001"
"2026-04-08 11:52:08","servicenow-incidents-000001"
"2026-04-08 11:41:40","servicenow-incidents-000001"
"2026-04-08 11:47:09","servicenow-incidents-000001"
"2026-04-08 11:41:53","servicenow-incidents-000001"
"2026-04-08 11:35:35","servicenow-incidents-000001"
"2026-04-08 11:40:37","servicenow-incidents-000001"
"2026-04-08 11:36:21","servicenow-incidents-000001"
"2026-04-08 11:54:22","servicenow-incidents-000001"
"2026-04-08 11:45:17","servicenow-incidents-000001"
"2026-04-08 11:55:30","servicenow-incidents-000001"
"2026-04-08 11:57:15","servicenow-incidents-000001"
"2026-04-08 12:16:17","servicenow-incidents-000001"
"2026-04-08 12:16:24","servicenow-incidents-000001"
"2026-04-08 12:16:16","servicenow-incidents-000001"
"2026-04-08 11:55:10","servicenow-incidents-000001"
"2026-04-08 12:02:35","servicenow-incidents-000001"
"2026-04-08 12:02:41","servicenow-incidents-000001"
"2026-04-08 12:02:24","servicenow-incidents-000001"
"2026-04-08 12:02:38","servicenow-incidents-000001"
"2026-04-08 12:01:03","servicenow-incidents-000001"
"2026-04-08 12:02:19","servicenow-incidents-000001"
"2026-04-08 12:01:03","servicenow-incidents-000001"
"2026-04-08 12:02:08","servicenow-incidents-000001"
"2026-04-08 12:00:51","servicenow-incidents-000001"
"2026-04-08 12:00:39","servicenow-incidents-000001"
"2026-04-08 12:00:46","servicenow-incidents-000001"
"2026-04-08 12:00:33","servicenow-incidents-000001"
"2026-04-08 12:00:51","servicenow-incidents-000001"
"2026-04-08 12:00:32","servicenow-incidents-000001"
"2026-04-08 12:00:26","servicenow-incidents-000001"
"2026-04-08 12:00:27","servicenow-incidents-000001"
"2026-04-08 12:00:28","servicenow-incidents-000001"
"2026-04-08 12:00:24","servicenow-incidents-000001"
"2026-04-08 12:00:19","servicenow-incidents-000001"
"2026-04-08 12:00:04","servicenow-incidents-000001"
"2026-04-08 11:59:55","servicenow-incidents-000001"
"2026-04-08 12:00:04","servicenow-incidents-000001"
"2026-04-08 11:59:38","servicenow-incidents-000001"
"2026-04-08 11:59:44","servicenow-incidents-000001"
"2026-04-08 11:59:51","servicenow-incidents-000001"
"2026-04-08 11:59:36","servicenow-incidents-000001"
"2026-04-08 11:59:20","servicenow-incidents-000001"
"2026-04-08 11:59:38","servicenow-incidents-000001"
"2026-04-08 11:59:22","servicenow-incidents-000001"
"2026-04-08 11:59:30","servicenow-incidents-000001"
"2026-04-08 11:59:17","servicenow-incidents-000001"
"2026-04-08 11:58:30","servicenow-incidents-000001"
"2026-04-08 11:58:15","servicenow-incidents-000001"
"2026-04-08 11:58:19","servicenow-incidents-000001"
"2026-04-08 11:58:15","servicenow-incidents-000001"
"2026-04-08 11:58:01","servicenow-incidents-000001"
"2026-04-08 11:58:01","servicenow-incidents-000001"
"2026-04-08 11:58:02","servicenow-incidents-000001"
"2026-04-08 11:57:47","servicenow-incidents-000001"
"2026-04-08 11:58:01","servicenow-incidents-000001"
"2026-04-08 11:57:50","servicenow-incidents-000001"
"2026-04-08 11:56:33","servicenow-incidents-000001"
"2026-04-08 11:57:47","servicenow-incidents-000001"
"2026-04-08 11:57:38","servicenow-incidents-000001"
"2026-04-08 11:57:32","servicenow-incidents-000001"
"2026-04-08 11:56:22","servicenow-incidents-000001"
"2026-04-08 11:56:25","servicenow-incidents-000001"
"2026-04-08 11:56:28","servicenow-incidents-000001"
"2026-04-08 11:56:23","servicenow-incidents-000001"
"2026-04-08 11:55:58","servicenow-incidents-000001"
"2026-04-08 11:56:18","servicenow-incidents-000001"
"2026-04-08 11:56:14","servicenow-incidents-000001"
"2026-04-08 11:56:12","servicenow-incidents-000001"
"2026-04-08 11:55:55","servicenow-incidents-000001"
"2026-04-08 11:55:49","servicenow-incidents-000001"
"2026-04-08 11:55:46","servicenow-incidents-000001"
"2026-04-08 11:55:46","servicenow-incidents-000001"
"2026-04-08 11:55:58","servicenow-incidents-000001"
"2026-04-08 11:55:40","servicenow-incidents-000001"
"2026-04-08 11:55:24","servicenow-incidents-000001"
"2026-04-08 11:55:44","servicenow-incidents-000001"
"2026-04-08 11:55:46","servicenow-incidents-000001"
"2026-04-08 11:54:57","servicenow-incidents-000001"
"2026-04-08 11:55:06","servicenow-incidents-000001"
"2026-04-08 11:55:16","servicenow-incidents-000001"
"2026-04-08 11:54:57","servicenow-incidents-000001"
"2026-04-08 11:54:46","servicenow-incidents-000001"
"2026-04-08 11:54:53","servicenow-incidents-000001"
"2026-04-08 11:54:48","servicenow-incidents-000001"
"2026-04-08 11:54:51","servicenow-incidents-000001"
"2026-04-08 11:54:41","servicenow-incidents-000001"
"2026-04-08 11:54:42","servicenow-incidents-000001"
"2026-04-08 11:54:44","servicenow-incidents-000001"
"2026-04-08 11:54:42","servicenow-incidents-000001"
"2026-04-08 11:54:28","servicenow-incidents-000001"
"2026-04-08 11:54:30","servicenow-incidents-000001"
"2026-04-08 11:54:31","servicenow-incidents-000001"
"2026-04-08 11:54:31","servicenow-incidents-000001"
"2026-04-08 11:54:36","servicenow-incidents-000001"
"2026-04-08 11:54:07","servicenow-incidents-000001"
"2026-04-08 11:54:25","servicenow-incidents-000001"
"2026-04-08 11:54:25","servicenow-incidents-000001"
"2026-04-08 11:53:53","servicenow-incidents-000001"
"2026-04-08 11:54:01","servicenow-incidents-000001"
"2026-04-08 11:54:04","servicenow-incidents-000001"
"2026-04-08 11:53:53","servicenow-incidents-000001"
"2026-04-08 11:53:59","servicenow-incidents-000001"
"2026-04-08 11:53:53","servicenow-incidents-000001"
"2026-04-08 11:53:47","servicenow-incidents-000001"
"2026-04-08 11:53:47","servicenow-incidents-000001"
"2026-04-08 11:53:42","servicenow-incidents-000001"
"2026-04-08 11:53:41","servicenow-incidents-000001"
"2026-04-08 11:53:39","servicenow-incidents-000001"
"2026-04-08 11:53:41","servicenow-incidents-000001"
"2026-04-08 11:53:28","servicenow-incidents-000001"
"2026-04-08 11:53:18","servicenow-incidents-000001"
"2026-04-08 11:53:15","servicenow-incidents-000001"
"2026-04-08 11:52:36","servicenow-incidents-000001"
"2026-04-08 11:53:21","servicenow-incidents-000001"
"2026-04-08 11:52:00","servicenow-incidents-000001"
"2026-04-08 11:52:31","servicenow-incidents-000001"
"2026-04-08 11:52:05","servicenow-incidents-000001"
"2026-04-08 11:52:04","servicenow-incidents-000001"
"2026-04-08 11:51:54","servicenow-incidents-000001"
"2026-04-08 11:52:00","servicenow-incidents-000001"
"2026-04-08 11:52:00","servicenow-incidents-000001"
"2026-04-08 11:51:53","servicenow-incidents-000001"
"2026-04-08 11:51:57","servicenow-incidents-000001"
"2026-04-08 11:51:41","servicenow-incidents-000001"
"2026-04-08 11:51:39","servicenow-incidents-000001"
"2026-04-08 11:51:45","servicenow-incidents-000001"
"2026-04-08 11:51:36","servicenow-incidents-000001"
"2026-04-08 11:56:03","servicenow-incidents-000001"
"2026-04-08 11:51:32","servicenow-incidents-000001"
"2026-04-08 11:56:07","servicenow-incidents-000001"
"2026-04-08 11:56:10","servicenow-incidents-000001"
"2026-04-08 11:51:24","servicenow-incidents-000001"
"2026-04-08 11:56:00","servicenow-incidents-000001"
"2026-04-08 11:51:22","servicenow-incidents-000001"
"2026-04-08 11:55:58","servicenow-incidents-000001"
"2026-04-08 11:51:06","servicenow-incidents-000001"
"2026-04-08 11:51:17","servicenow-incidents-000001"
"2026-04-08 11:51:11","servicenow-incidents-000001"
"2026-04-08 11:50:56","servicenow-incidents-000001"
"2026-04-08 11:51:08","servicenow-incidents-000001"
"2026-04-08 11:50:53","servicenow-incidents-000001"
"2026-04-08 11:50:44","servicenow-incidents-000001"
"2026-04-08 11:50:43","servicenow-incidents-000001"
"2026-04-08 11:50:55","servicenow-incidents-000001"
"2026-04-08 11:50:24","servicenow-incidents-000001"
"2026-04-08 11:50:22","servicenow-incidents-000001"
"2026-04-08 11:50:24","servicenow-incidents-000001"
"2026-04-08 11:50:35","servicenow-incidents-000001"
"2026-04-08 11:50:10","servicenow-incidents-000001"
"2026-04-08 11:50:13","servicenow-incidents-000001"
"2026-04-08 11:50:08","servicenow-incidents-000001"
"2026-04-08 11:50:11","servicenow-incidents-000001"
"2026-04-08 11:49:58","servicenow-incidents-000001"
"2026-04-08 11:49:59","servicenow-incidents-000001"
"2026-04-08 11:50:00","servicenow-incidents-000001"
"2026-04-08 11:50:01","servicenow-incidents-000001"
"2026-04-08 11:50:07","servicenow-incidents-000001"
"2026-04-08 11:49:58","servicenow-incidents-000001"
"2026-04-08 11:49:48","servicenow-incidents-000001"
"2026-04-08 11:49:53","servicenow-incidents-000001"
"2026-04-08 11:49:54","servicenow-incidents-000001"
"2026-04-08 11:49:46","servicenow-incidents-000001"
"2026-04-08 11:49:45","servicenow-incidents-000001"
"2026-04-08 11:49:48","servicenow-incidents-000001"
"2026-04-08 11:49:47","servicenow-incidents-000001"
"2026-04-08 11:49:42","servicenow-incidents-000001"
"2026-04-08 11:49:37","servicenow-incidents-000001"
"2026-04-08 11:49:32","servicenow-incidents-000001"
"2026-04-08 11:49:45","servicenow-incidents-000001"
"2026-04-08 11:49:16","servicenow-incidents-000001"
"2026-04-08 11:49:16","servicenow-incidents-000001"
"2026-04-08 11:49:32","servicenow-incidents-000001"
"2026-04-08 11:49:29","servicenow-incidents-000001"
"2026-04-08 11:49:09","servicenow-incidents-000001"
"2026-04-08 11:49:14","servicenow-incidents-000001"
"2026-04-08 11:49:03","servicenow-incidents-000001"
"2026-04-08 11:49:14","servicenow-incidents-000001"
"2026-04-08 11:48:58","servicenow-incidents-000001"
"2026-04-08 11:48:59","servicenow-incidents-000001"
"2026-04-08 11:49:02","servicenow-incidents-000001"
"2026-04-08 11:49:02","servicenow-incidents-000001"
"2026-04-08 11:48:54","servicenow-incidents-000001"
"2026-04-08 11:48:53","servicenow-incidents-000001"
"2026-04-08 11:48:57","servicenow-incidents-000001"
"2026-04-08 11:48:54","servicenow-incidents-000001"
"2026-04-08 11:48:45","servicenow-incidents-000001"
"2026-04-08 11:48:50","servicenow-incidents-000001"
"2026-04-08 11:48:45","servicenow-incidents-000001"
"2026-04-08 11:48:47","servicenow-incidents-000001"
"2026-04-08 11:48:43","servicenow-incidents-000001"
"2026-04-08 11:48:42","servicenow-incidents-000001"
"2026-04-08 11:48:38","servicenow-incidents-000001"
"2026-04-08 11:48:31","servicenow-incidents-000001"
"2026-04-08 11:47:39","servicenow-incidents-000001"
"2026-04-08 11:48:19","servicenow-incidents-000001"
"2026-04-08 11:48:24","servicenow-incidents-000001"
"2026-04-08 11:48:19","servicenow-incidents-000001"
"2026-04-08 11:48:18","servicenow-incidents-000001"
"2026-04-08 11:47:32","servicenow-incidents-000001"
"2026-04-08 11:47:39","servicenow-incidents-000001"
"2026-04-08 11:47:33","servicenow-incidents-000001"
"2026-04-08 11:47:25","servicenow-incidents-000001"
"2026-04-08 11:48:13","servicenow-incidents-000001"
"2026-04-08 11:47:23","servicenow-incidents-000001"
"2026-04-08 11:48:07","servicenow-incidents-000001"
"2026-04-08 11:48:06","servicenow-incidents-000001"
"2026-04-08 11:48:06","servicenow-incidents-000001"
"2026-04-08 11:48:07","servicenow-incidents-000001"
"2026-04-08 11:47:21","servicenow-incidents-000001"
"2026-04-08 11:47:57","servicenow-incidents-000001"
"2026-04-08 11:47:20","servicenow-incidents-000001"
"2026-04-08 11:46:42","servicenow-incidents-000001"
"2026-04-08 11:46:49","servicenow-incidents-000001"
"2026-04-08 11:46:52","servicenow-incidents-000001"
"2026-04-08 11:47:01","servicenow-incidents-000001"
"2026-04-08 11:46:39","servicenow-incidents-000001"
"2026-04-08 11:46:33","servicenow-incidents-000001"
"2026-04-08 11:46:38","servicenow-incidents-000001"
"2026-04-08 11:46:32","servicenow-incidents-000001"
"2026-04-08 11:46:14","servicenow-incidents-000001"
"2026-04-08 11:46:12","servicenow-incidents-000001"
"2026-04-08 11:46:23","servicenow-incidents-000001"
"2026-04-08 11:46:18","servicenow-incidents-000001"
"2026-04-08 11:46:07","servicenow-incidents-000001"
"2026-04-08 11:46:03","servicenow-incidents-000001"
"2026-04-08 11:46:09","servicenow-incidents-000001"
"2026-04-08 11:46:07","servicenow-incidents-000001"
"2026-04-08 11:45:59","servicenow-incidents-000001"
"2026-04-08 11:45:44","servicenow-incidents-000001"
"2026-04-08 11:46:02","servicenow-incidents-000001"
"2026-04-08 11:46:00","servicenow-incidents-000001"
"2026-04-08 11:45:42","servicenow-incidents-000001"
"2026-04-08 11:45:39","servicenow-incidents-000001"
"2026-04-08 11:45:37","servicenow-incidents-000001"
"2026-04-08 11:45:12","servicenow-incidents-000001"
"2026-04-08 11:44:16","servicenow-incidents-000001"
"2026-04-08 11:44:12","servicenow-incidents-000001"
"2026-04-08 11:45:03","servicenow-incidents-000001"
"2026-04-08 11:44:15","servicenow-incidents-000001"
"2026-04-08 11:43:57","servicenow-incidents-000001"
"2026-04-08 11:44:04","servicenow-incidents-000001"
"2026-04-08 11:44:02","servicenow-incidents-000001"
"2026-04-08 11:44:01","servicenow-incidents-000001"
"2026-04-08 11:47:57","servicenow-incidents-000001"
"2026-04-08 11:43:56","servicenow-incidents-000001"
"2026-04-08 11:43:48","servicenow-incidents-000001"
"2026-04-08 11:47:55","servicenow-incidents-000001"
"2026-04-08 11:43:24","servicenow-incidents-000001"
"2026-04-08 11:43:38","servicenow-incidents-000001"
"2026-04-08 11:43:31","servicenow-incidents-000001"
"2026-04-08 11:43:29","servicenow-incidents-000001"
"2026-04-08 11:43:12","servicenow-incidents-000001"
"2026-04-08 11:43:13","servicenow-incidents-000001"
"2026-04-08 11:43:04","servicenow-incidents-000001"
"2026-04-08 11:43:19","servicenow-incidents-000001"
"2026-04-08 11:42:54","servicenow-incidents-000001"
"2026-04-08 11:42:46","servicenow-incidents-000001"
"2026-04-08 11:42:48","servicenow-incidents-000001"
"2026-04-08 11:42:57","servicenow-incidents-000001"
"2026-04-08 11:42:40","servicenow-incidents-000001"
"2026-04-08 11:42:34","servicenow-incidents-000001"
"2026-04-08 11:42:40","servicenow-incidents-000001"
"2026-04-08 11:47:53","servicenow-incidents-000001"
"2026-04-08 11:47:44","servicenow-incidents-000001"
"2026-04-08 11:47:43","servicenow-incidents-000001"
"2026-04-08 11:47:44","servicenow-incidents-000001"
"2026-04-08 11:47:52","servicenow-incidents-000001"
"2026-04-08 11:47:43","servicenow-incidents-000001"
"2026-04-08 11:41:57","servicenow-incidents-000001"
"2026-04-08 11:42:01","servicenow-incidents-000001"
"2026-04-08 11:42:03","servicenow-incidents-000001"
"2026-04-08 11:41:48","servicenow-incidents-000001"
"2026-04-08 11:41:37","servicenow-incidents-000001"
"2026-04-08 11:41:40","servicenow-incidents-000001"
"2026-04-08 11:41:45","servicenow-incidents-000001"
"2026-04-08 11:57:04","servicenow-incidents-000001"
"2026-04-08 11:41:26","servicenow-incidents-000001"
"2026-04-08 11:56:37","servicenow-incidents-000001"
"2026-04-08 11:41:35","servicenow-incidents-000001"
"2026-04-08 11:41:25","servicenow-incidents-000001"
"2026-04-08 11:41:24","servicenow-incidents-000001"
"2026-04-08 11:41:22","servicenow-incidents-000001"
"2026-04-08 11:41:20","servicenow-incidents-000001"
"2026-04-08 11:41:09","servicenow-incidents-000001"
"2026-04-08 11:41:05","servicenow-incidents-000001"
"2026-04-08 11:41:05","servicenow-incidents-000001"
"2026-04-08 11:41:14","servicenow-incidents-000001"
"2026-04-08 11:40:58","servicenow-incidents-000001"
"2026-04-08 11:40:59","servicenow-incidents-000001"
"2026-04-08 11:40:59","servicenow-incidents-000001"
"2026-04-08 11:41:01","servicenow-incidents-000001"
"2026-04-08 11:40:54","servicenow-incidents-000001"
"2026-04-08 11:40:49","servicenow-incidents-000001"
"2026-04-08 11:40:56","servicenow-incidents-000001"
"2026-04-08 11:40:46","servicenow-incidents-000001"
"2026-04-08 11:40:45","servicenow-incidents-000001"
"2026-04-08 11:40:34","servicenow-incidents-000001"
"2026-04-08 11:40:27","servicenow-incidents-000001"
"2026-04-08 11:40:30","servicenow-incidents-000001"
"2026-04-08 11:40:26","servicenow-incidents-000001"
"2026-04-08 11:40:26","servicenow-incidents-000001"
"2026-04-08 11:40:27","servicenow-incidents-000001"
"2026-04-08 11:40:24","servicenow-incidents-000001"
"2026-04-08 11:56:34","servicenow-incidents-000001"
"2026-04-08 11:40:20","servicenow-incidents-000001"
"2026-04-08 11:40:18","servicenow-incidents-000001"
"2026-04-08 11:40:15","servicenow-incidents-000001"
"2026-04-08 11:40:10","servicenow-incidents-000001"
"2026-04-08 11:40:15","servicenow-incidents-000001"
"2026-04-08 11:40:09","servicenow-incidents-000001"
"2026-04-08 11:40:05","servicenow-incidents-000001"
"2026-04-08 11:39:56","servicenow-incidents-000001"
"2026-04-08 11:40:02","servicenow-incidents-000001"
"2026-04-08 11:40:01","servicenow-incidents-000001"
"2026-04-08 11:40:01","servicenow-incidents-000001"
"2026-04-08 11:39:49","servicenow-incidents-000001"
"2026-04-08 11:39:50","servicenow-incidents-000001"
"2026-04-08 11:39:50","servicenow-incidents-000001"
"2026-04-08 11:39:50","servicenow-incidents-000001"
"2026-04-08 11:39:17","servicenow-incidents-000001"
"2026-04-08 11:39:24","servicenow-incidents-000001"
"2026-04-08 11:56:34","servicenow-incidents-000001"
"2026-04-08 11:39:12","servicenow-incidents-000001"
"2026-04-08 11:39:01","servicenow-incidents-000001"
"2026-04-08 11:38:56","servicenow-incidents-000001"
"2026-04-08 11:39:05","servicenow-incidents-000001"
"2026-04-08 11:39:12","servicenow-incidents-000001"
"2026-04-08 11:38:48","servicenow-incidents-000001"
"2026-04-08 11:38:42","servicenow-incidents-000001"
"2026-04-08 11:38:45","servicenow-incidents-000001"
"2026-04-08 11:38:53","servicenow-incidents-000001"
"2026-04-08 11:38:31","servicenow-incidents-000001"
"2026-04-08 11:38:35","servicenow-incidents-000001"
"2026-04-08 11:38:34","servicenow-incidents-000001"
"2026-04-08 11:38:29","servicenow-incidents-000001"
"2026-04-08 11:38:23","servicenow-incidents-000001"
"2026-04-08 11:38:27","servicenow-incidents-000001"
"2026-04-08 11:38:21","servicenow-incidents-000001"
"2026-04-08 11:38:03","servicenow-incidents-000001"
"2026-04-08 11:38:08","servicenow-incidents-000001"
"2026-04-08 11:38:03","servicenow-incidents-000001"
"2026-04-08 11:37:55","servicenow-incidents-000001"
"2026-04-08 11:38:01","servicenow-incidents-000001"
"2026-04-08 11:37:52","servicenow-incidents-000001"
"2026-04-08 11:37:52","servicenow-incidents-000001"
"2026-04-08 11:37:46","servicenow-incidents-000001"
"2026-04-08 11:37:51","servicenow-incidents-000001"
"2026-04-08 11:37:44","servicenow-incidents-000001"
"2026-04-08 11:37:40","servicenow-incidents-000001"
"2026-04-08 11:37:44","servicenow-incidents-000001"
"2026-04-08 11:37:44","servicenow-incidents-000001"
"2026-04-08 11:37:33","servicenow-incidents-000001"
"2026-04-08 11:46:48","servicenow-incidents-000001"
"2026-04-08 11:45:57","servicenow-incidents-000001"
"2026-04-08 11:37:32","servicenow-incidents-000001"
"2026-04-08 11:37:28","servicenow-incidents-000001"
"2026-04-08 11:37:27","servicenow-incidents-000001"
"2026-04-08 11:45:57","servicenow-incidents-000001"
"2026-04-08 11:37:16","servicenow-incidents-000001"
"2026-04-08 11:36:51","servicenow-incidents-000001"
"2026-04-08 11:44:38","servicenow-incidents-000001"
"2026-04-08 11:37:17","servicenow-incidents-000001"
"2026-04-08 11:36:07","servicenow-incidents-000001"
"2026-04-08 11:36:49","servicenow-incidents-000001"
"2026-04-08 11:36:12","servicenow-incidents-000001"
"2026-04-08 11:36:05","servicenow-incidents-000001"
"2026-04-08 11:36:03","servicenow-incidents-000001"
"2026-04-08 11:36:02","servicenow-incidents-000001"
"2026-04-08 11:36:05","servicenow-incidents-000001"
"2026-04-08 11:36:01","servicenow-incidents-000001"
"2026-04-08 11:36:01","servicenow-incidents-000001"
"2026-04-08 11:43:50","servicenow-incidents-000001"
"2026-04-08 11:35:58","servicenow-incidents-000001"
"2026-04-08 11:42:34","servicenow-incidents-000001"
"2026-04-08 11:43:11","servicenow-incidents-000001"
"2026-04-08 11:43:07","servicenow-incidents-000001"
"2026-04-08 11:43:50","servicenow-incidents-000001"
"2026-04-08 11:42:24","servicenow-incidents-000001"
"2026-04-08 11:35:52","servicenow-incidents-000001"
"2026-04-08 11:35:52","servicenow-incidents-000001"
"2026-04-08 11:35:48","servicenow-incidents-000001"
"2026-04-08 11:35:51","servicenow-incidents-000001"
"2026-04-08 11:35:50","servicenow-incidents-000001"
"2026-04-08 11:35:50","servicenow-incidents-000001"
"2026-04-08 11:35:40","servicenow-incidents-000001"
"2026-04-08 11:35:45","servicenow-incidents-000001"
"2026-04-08 11:35:39","servicenow-incidents-000001"
"2026-04-08 11:34:57","servicenow-incidents-000001"
"2026-04-08 11:35:32","servicenow-incidents-000001"
"2026-04-08 11:42:22","servicenow-incidents-000001"
"2026-04-08 11:35:39","servicenow-incidents-000001"
"2026-04-08 11:34:50","servicenow-incidents-000001"
"2026-04-08 11:34:36","servicenow-incidents-000001"
"2026-04-08 11:34:35","servicenow-incidents-000001"
"2026-04-08 11:34:32","servicenow-incidents-000001"
"2026-04-08 11:34:13","servicenow-incidents-000001"
"2026-04-08 11:34:32","servicenow-incidents-000001"
"2026-04-08 11:34:29","servicenow-incidents-000001"
"2026-04-08 11:34:30","servicenow-incidents-000001"
"2026-04-08 11:42:11","servicenow-incidents-000001"
"2026-04-08 11:42:09","servicenow-incidents-000001"
"2026-04-08 11:42:21","servicenow-incidents-000001"
"2026-04-08 11:42:05","servicenow-incidents-000001"
"2026-04-08 11:32:31","servicenow-incidents-000001"
"2026-04-08 11:34:13","servicenow-incidents-000001"
"2026-04-08 11:34:17","servicenow-incidents-000001"
"2026-04-08 11:34:12","servicenow-incidents-000001"
"2026-04-08 11:34:10","servicenow-incidents-000001"
"2026-04-08 11:34:10","servicenow-incidents-000001"
"2026-04-08 11:32:31","servicenow-incidents-000001"
"2026-04-08 11:39:17","servicenow-incidents-000001"
"2026-04-08 11:32:26","servicenow-incidents-000001"
"2026-04-08 11:32:29","servicenow-incidents-000001"
"2026-04-08 11:32:22","servicenow-incidents-000001"
"2026-04-08 11:33:59","servicenow-incidents-000001"
"2026-04-08 11:32:15","servicenow-incidents-000001"
"2026-04-08 11:32:05","servicenow-incidents-000001"
"2026-04-08 11:32:03","servicenow-incidents-000001"
"2026-04-08 11:32:17","servicenow-incidents-000001"
"2026-04-08 11:31:41","servicenow-incidents-000001"
"2026-04-08 11:31:53","servicenow-incidents-000001"
"2026-04-08 11:31:43","servicenow-incidents-000001"
"2026-04-08 11:31:58","servicenow-incidents-000001"
"2026-04-08 11:33:55","servicenow-incidents-000001"
"2026-04-08 11:33:58","servicenow-incidents-000001"
"2026-04-08 11:33:58","servicenow-incidents-000001"
"2026-04-08 11:31:40","servicenow-incidents-000001"
"2026-04-08 11:33:51","servicenow-incidents-000001"
"2026-04-08 11:33:48","servicenow-incidents-000001"
"2026-04-08 11:33:45","servicenow-incidents-000001"
"2026-04-08 11:33:47","servicenow-incidents-000001"
"2026-04-08 11:33:43","servicenow-incidents-000001"
"2026-04-08 11:33:43","servicenow-incidents-000001"
"2026-04-08 11:33:38","servicenow-incidents-000001"
"2026-04-08 11:33:36","servicenow-incidents-000001"
"2026-04-08 11:33:34","servicenow-incidents-000001"
"2026-04-08 11:36:45","servicenow-incidents-000001"
"2026-04-08 11:36:49","servicenow-incidents-000001"
"2026-04-08 11:36:44","servicenow-incidents-000001"
"2026-04-08 11:36:40","servicenow-incidents-000001"
"2026-04-08 11:36:37","servicenow-incidents-000001"
"2026-04-08 11:36:30","servicenow-incidents-000001"
"2026-04-08 11:37:07","servicenow-incidents-000001"
"2026-04-08 11:36:23","servicenow-incidents-000001"
"2026-04-08 11:33:21","servicenow-incidents-000001"
"2026-04-08 11:33:31","servicenow-incidents-000001"
"2026-04-08 11:33:20","servicenow-incidents-000001"
"2026-04-08 11:33:14","servicenow-incidents-000001"
"2026-04-08 11:33:03","servicenow-incidents-000001"
"2026-04-08 11:33:18","servicenow-incidents-000001"
"2026-04-08 11:37:06","servicenow-incidents-000001"
"2026-04-08 11:32:56","servicenow-incidents-000001"
"2026-04-08 11:33:01","servicenow-incidents-000001"
"2026-04-08 11:35:28","servicenow-incidents-000001"
"2026-04-08 11:36:12","servicenow-incidents-000001"
"2026-04-08 11:36:16","servicenow-incidents-000001"
"2026-04-08 11:32:44","servicenow-incidents-000001"
"2026-04-08 11:35:27","servicenow-incidents-000001"
"2026-04-08 11:35:18","servicenow-incidents-000001"
"2026-04-08 11:37:03","servicenow-incidents-000001"
"2026-04-08 11:35:12","servicenow-incidents-000001"
"2026-04-08 11:35:13","servicenow-incidents-000001"
"2026-04-08 11:35:11","servicenow-incidents-000001"
"2026-04-08 11:35:16","servicenow-incidents-000001"
"2026-04-08 11:35:03","servicenow-incidents-000001"
"2026-04-08 11:37:01","servicenow-incidents-000001"
"2026-04-08 11:35:05","servicenow-incidents-000001"
"2026-04-08 11:35:07","servicenow-incidents-000001"
"2026-04-08 11:34:18","servicenow-incidents-000001"
"2026-04-08 11:34:20","servicenow-incidents-000001"
"2026-04-08 11:34:24","servicenow-incidents-000001"
"2026-04-08 11:32:36","servicenow-incidents-000001"
"2026-04-08 11:32:33","servicenow-incidents-000001"
"2026-04-08 11:32:41","servicenow-incidents-000001"
"2026-06-01 04:45:13","servicenow-incidents-000001"
"2026-05-22 01:47:32","servicenow-incidents-000001"
"2026-05-21 07:10:12","servicenow-incidents-000001"
"2026-05-22 04:51:47","servicenow-incidents-000001"
"2026-03-25 16:05:12","servicenow-incidents-000001"
"2026-04-21 11:51:38","servicenow-incidents-000001"
"2026-01-15 08:23:58","servicenow-incidents-000001"
"2026-05-21 12:59:55","servicenow-incidents-000001"
"2026-05-21 14:01:39","servicenow-incidents-000001"
"2026-05-19 14:59:34","servicenow-incidents-000001"
"2026-05-26 15:59:52","servicenow-incidents-000001"
"2026-05-26 16:41:09","servicenow-incidents-000001"
"2026-05-26 14:31:17","servicenow-incidents-000001"
"2026-05-26 15:37:39","servicenow-incidents-000001"
"2026-05-26 14:31:18","servicenow-incidents-000001"
"2026-05-26 09:28:23","servicenow-incidents-000001"
"2026-05-19 16:24:27","servicenow-incidents-000001"
"2026-05-26 16:01:13","servicenow-incidents-000001"
"2026-05-26 16:19:05","servicenow-incidents-000001"
"2026-05-26 16:04:18","servicenow-incidents-000001"
"2026-05-26 16:21:28","servicenow-incidents-000001"
"2026-05-26 15:59:13","servicenow-incidents-000001"
"2026-05-22 09:35:07","servicenow-incidents-000001"
"2026-05-21 03:24:57","servicenow-incidents-000001"
"2026-05-26 15:09:58","servicenow-incidents-000001"
"2026-05-26 15:50:16","servicenow-incidents-000001"
"2026-05-26 08:28:19","servicenow-incidents-000001"
"2026-05-26 14:51:26","servicenow-incidents-000001"
"2026-05-26 13:20:13","servicenow-incidents-000001"
"2026-05-26 15:06:29","servicenow-incidents-000001"
"2026-05-26 15:38:59","servicenow-incidents-000001"
"2026-05-26 14:08:09","servicenow-incidents-000001"
"2026-05-26 14:12:08","servicenow-incidents-000001"
"2026-05-26 06:06:17","servicenow-incidents-000001"
"2026-05-14 08:16:20","servicenow-incidents-000001"
"2026-05-15 08:34:49","servicenow-incidents-000001"
"2026-05-26 15:20:05","servicenow-incidents-000001"
"2026-05-26 15:12:45","servicenow-incidents-000001"
"2026-05-26 15:15:23","servicenow-incidents-000001"
"2026-05-21 16:41:39","servicenow-incidents-000001"
"2026-05-26 15:00:52","servicenow-incidents-000001"
"2026-05-26 14:26:21","servicenow-incidents-000001"
"2026-05-26 11:25:43","servicenow-incidents-000001"
"2026-05-26 15:21:15","servicenow-incidents-000001"
"2026-05-26 15:03:31","servicenow-incidents-000001"
"2026-05-26 07:41:21","servicenow-incidents-000001"
"2026-05-13 07:52:17","servicenow-incidents-000001"
"2026-05-26 12:21:39","servicenow-incidents-000001"
"2026-05-26 14:45:16","servicenow-incidents-000001"
"2026-05-26 14:42:47","servicenow-incidents-000001"
"2026-05-26 12:53:38","servicenow-incidents-000001"
"2026-05-25 12:15:27","servicenow-incidents-000001"
"2026-05-26 15:31:36","servicenow-incidents-000001"
"2026-05-26 15:31:36","servicenow-incidents-000001"
"2026-05-26 15:31:25","servicenow-incidents-000001"
"2026-05-26 15:31:25","servicenow-incidents-000001"
"2026-05-26 14:18:12","servicenow-incidents-000001"
"2026-05-26 09:10:16","servicenow-incidents-000001"
"2026-05-22 07:20:34","servicenow-incidents-000001"
"2026-05-20 23:43:28","servicenow-incidents-000001"
"2026-05-27 12:54:14","servicenow-incidents-000001"
"2026-05-26 10:24:35","servicenow-incidents-000001"
"2026-05-26 13:24:30","servicenow-incidents-000001"
"2026-05-23 21:56:10","servicenow-incidents-000001"
"2026-05-26 08:12:29","servicenow-incidents-000001"
"2026-05-26 13:25:06","servicenow-incidents-000001"
"2026-05-26 14:20:39","servicenow-incidents-000001"
"2026-05-26 14:20:17","servicenow-incidents-000001"
"2026-05-26 13:58:45","servicenow-incidents-000001"
"2026-05-15 09:17:45","servicenow-incidents-000001"
"2026-05-12 09:52:20","servicenow-incidents-000001"
"2026-05-22 08:22:02","servicenow-incidents-000001"
"2026-05-26 02:01:02","servicenow-incidents-000001"
"2026-05-26 13:51:21","servicenow-incidents-000001"
"2026-05-18 23:48:25","servicenow-incidents-000001"
"2026-05-26 11:48:19","servicenow-incidents-000001"
"2026-05-19 08:42:59","servicenow-incidents-000001"
"2026-05-26 14:02:59","servicenow-incidents-000001"
"2026-05-21 14:05:02","servicenow-incidents-000001"
"2026-05-26 14:42:07","servicenow-incidents-000001"
"2026-05-22 10:03:09","servicenow-incidents-000001"
"2026-05-20 10:22:36","servicenow-incidents-000001"
"2026-05-25 15:50:24","servicenow-incidents-000001"
"2026-05-20 00:49:33","servicenow-incidents-000001"
"2026-05-26 13:13:01","servicenow-incidents-000001"
"2026-05-22 10:23:45","servicenow-incidents-000001"
"2026-05-21 12:53:39","servicenow-incidents-000001"
"2026-05-18 13:00:01","servicenow-incidents-000001"
"2026-05-19 14:09:41","servicenow-incidents-000001"
"2026-05-21 10:15:39","servicenow-incidents-000001"
"2026-05-21 14:13:22","servicenow-incidents-000001"
"2026-05-20 14:22:23","servicenow-incidents-000001"
"2026-05-26 13:00:39","servicenow-incidents-000001"
"2026-05-26 13:32:10","servicenow-incidents-000001"
"2026-05-26 12:45:31","servicenow-incidents-000001"
"2026-05-20 11:45:53","servicenow-incidents-000001"
"2026-05-19 15:35:54","servicenow-incidents-000001"
"2026-05-26 12:44:32","servicenow-incidents-000001"
"2026-05-26 13:09:26","servicenow-incidents-000001"
"2026-05-22 10:46:11","servicenow-incidents-000001"
"2026-05-26 10:54:03","servicenow-incidents-000001"
"2026-05-22 09:44:02","servicenow-incidents-000001"
"2026-05-26 06:15:33","servicenow-incidents-000001"
"2026-05-26 10:22:39","servicenow-incidents-000001"
"2026-05-24 00:45:17","servicenow-incidents-000001"
"2026-05-24 05:25:14","servicenow-incidents-000001"
"2026-05-22 14:39:42","servicenow-incidents-000001"
"2026-05-22 17:36:26","servicenow-incidents-000001"
"2026-05-22 09:16:46","servicenow-incidents-000001"
"2026-05-26 08:14:42","servicenow-incidents-000001"
"2026-05-26 08:50:40","servicenow-incidents-000001"
"2026-05-21 06:11:02","servicenow-incidents-000001"
"2026-05-26 09:40:06","servicenow-incidents-000001"
"2026-05-01 10:28:34","servicenow-incidents-000001"
"2026-05-21 09:28:34","servicenow-incidents-000001"
"2026-05-26 09:13:08","servicenow-incidents-000001"
"2026-05-26 12:37:01","servicenow-incidents-000001"
"2026-05-26 12:27:01","servicenow-incidents-000001"
"2026-05-26 12:25:51","servicenow-incidents-000001"
"2026-05-26 11:32:21","servicenow-incidents-000001"
"2026-05-26 12:13:46","servicenow-incidents-000001"
"2026-05-26 10:10:55","servicenow-incidents-000001"
"2026-05-26 09:14:58","servicenow-incidents-000001"
"2026-05-18 15:57:57","servicenow-incidents-000001"
"2026-05-14 13:10:32","servicenow-incidents-000001"
"2026-05-26 12:02:06","servicenow-incidents-000001"
"2026-05-26 11:41:30","servicenow-incidents-000001"
"2026-05-26 10:21:03","servicenow-incidents-000001"
"2026-05-26 09:15:36","servicenow-incidents-000001"
"2026-05-26 10:01:18","servicenow-incidents-000001"
"2026-05-22 13:40:47","servicenow-incidents-000001"
"2026-05-26 09:47:57","servicenow-incidents-000001"
"2026-05-25 05:30:37","servicenow-incidents-000001"
"2026-05-26 11:39:35","servicenow-incidents-000001"
"2026-05-26 08:20:06","servicenow-incidents-000001"
"2026-05-20 14:42:28","servicenow-incidents-000001"
"2026-05-26 11:17:43","servicenow-incidents-000001"
"2026-05-22 10:04:21","servicenow-incidents-000001"
"2026-05-29 11:38:25","servicenow-incidents-000001"
"2026-05-28 15:22:47","servicenow-incidents-000001"
"2026-05-22 02:04:18","servicenow-incidents-000001"
"2026-05-20 03:56:26","servicenow-incidents-000001"
"2026-05-26 11:29:41","servicenow-incidents-000001"
"2026-05-20 08:52:27","servicenow-incidents-000001"
"2026-05-07 07:56:52","servicenow-incidents-000001"
"2026-05-21 13:14:04","servicenow-incidents-000001"
"2026-05-01 07:02:28","servicenow-incidents-000001"
"2026-05-26 11:19:27","servicenow-incidents-000001"
"2026-05-19 09:41:25","servicenow-incidents-000001"
"2026-05-20 17:45:29","servicenow-incidents-000001"
"2026-05-26 11:09:42","servicenow-incidents-000001"
"2026-05-26 11:05:09","servicenow-incidents-000001"
"2026-05-13 06:52:20","servicenow-incidents-000001"
"2026-05-22 07:09:50","servicenow-incidents-000001"
"2026-05-19 11:28:48","servicenow-incidents-000001"
"2026-05-26 08:50:20","servicenow-incidents-000001"
"2026-05-21 15:28:19","servicenow-incidents-000001"
"2026-05-21 09:35:07","servicenow-incidents-000001"
"2026-05-26 11:05:00","servicenow-incidents-000001"
"2026-05-20 12:14:24","servicenow-incidents-000001"
"2026-05-26 11:03:40","servicenow-incidents-000001"
"2026-05-26 11:01:02","servicenow-incidents-000001"
"2026-05-26 10:24:03","servicenow-incidents-000001"
"2026-05-26 10:57:05","servicenow-incidents-000001"
"2026-05-21 13:26:25","servicenow-incidents-000001"
"2026-05-26 10:20:48","servicenow-incidents-000001"
"2026-05-26 07:22:07","servicenow-incidents-000001"
"2026-05-19 07:06:25","servicenow-incidents-000001"
"2026-05-26 08:30:21","servicenow-incidents-000001"
"2026-05-21 11:03:31","servicenow-incidents-000001"
"2026-05-26 10:45:53","servicenow-incidents-000001"
"2026-05-20 05:22:20","servicenow-incidents-000001"
"2026-05-26 10:03:02","servicenow-incidents-000001"
"2026-05-21 12:49:30","servicenow-incidents-000001"
"2026-05-29 10:43:57","servicenow-incidents-000001"
"2026-05-21 02:34:50","servicenow-incidents-000001"
"2026-05-26 10:37:35","servicenow-incidents-000001"
"2026-05-26 09:07:41","servicenow-incidents-000001"
"2026-05-20 11:49:39","servicenow-incidents-000001"
"2026-05-26 10:32:11","servicenow-incidents-000001"
"2026-05-20 07:24:04","servicenow-incidents-000001"
"2026-05-25 01:36:44","servicenow-incidents-000001"
"2026-05-21 02:06:24","servicenow-incidents-000001"
"2026-05-21 14:45:38","servicenow-incidents-000001"
"2026-05-26 10:26:32","servicenow-incidents-000001"
"2026-05-22 11:37:37","servicenow-incidents-000001"
"2026-05-26 10:24:33","servicenow-incidents-000001"
"2026-05-26 10:20:20","servicenow-incidents-000001"
"2026-05-25 17:04:03","servicenow-incidents-000001"
"2026-05-26 10:26:11","servicenow-incidents-000001"
"2026-05-22 02:35:16","servicenow-incidents-000001"
"2026-05-20 15:53:36","servicenow-incidents-000001"
"2026-05-22 08:43:13","servicenow-incidents-000001"
"2026-05-26 09:41:31","servicenow-incidents-000001"
"2026-05-26 07:06:30","servicenow-incidents-000001"
"2026-05-22 09:18:05","servicenow-incidents-000001"
"2026-05-19 06:39:34","servicenow-incidents-000001"
"2026-05-11 12:10:07","servicenow-incidents-000001"
"2026-05-15 09:32:46","servicenow-incidents-000001"
"2026-05-22 09:17:39","servicenow-incidents-000001"
"2026-05-26 07:12:42","servicenow-incidents-000001"
"2026-05-26 10:25:06","servicenow-incidents-000001"
"2026-05-22 15:09:36","servicenow-incidents-000001"
"2026-05-25 12:12:49","servicenow-incidents-000001"
"2026-05-21 23:44:40","servicenow-incidents-000001"
"2026-05-26 10:02:55","servicenow-incidents-000001"
"2026-05-18 16:04:22","servicenow-incidents-000001"
"2026-05-26 09:59:53","servicenow-incidents-000001"
"2026-05-18 07:34:17","servicenow-incidents-000001"
"2026-05-26 09:54:16","servicenow-incidents-000001"
"2026-05-21 08:44:57","servicenow-incidents-000001"
"2026-05-22 10:46:25","servicenow-incidents-000001"
"2026-05-22 14:56:30","servicenow-incidents-000001"
"2026-05-26 09:48:57","servicenow-incidents-000001"
"2026-05-26 09:23:32","servicenow-incidents-000001"
"2026-05-26 08:16:49","servicenow-incidents-000001"
"2026-05-21 07:10:28","servicenow-incidents-000001"
"2026-05-24 04:25:59","servicenow-incidents-000001"
"2026-05-26 05:47:39","servicenow-incidents-000001"
"2026-05-26 09:47:17","servicenow-incidents-000001"
"2026-05-26 02:45:06","servicenow-incidents-000001"
"2026-04-20 16:33:20","servicenow-incidents-000001"
"2026-05-26 08:45:39","servicenow-incidents-000001"
"2026-05-22 07:51:49","servicenow-incidents-000001"
"2026-05-27 08:50:58","servicenow-incidents-000001"
"2026-05-29 05:06:58","servicenow-incidents-000001"
"2026-05-21 09:35:11","servicenow-incidents-000001"
"2026-05-22 11:14:35","servicenow-incidents-000001"
"2026-05-26 06:36:03","servicenow-incidents-000001"
"2026-05-20 19:04:44","servicenow-incidents-000001"
"2026-05-26 08:13:42","servicenow-incidents-000001"
"2026-05-20 08:43:05","servicenow-incidents-000001"
"2026-05-19 09:25:30","servicenow-incidents-000001"
"2026-05-13 10:14:55","servicenow-incidents-000001"
"2026-05-07 03:26:10","servicenow-incidents-000001"
"2026-05-26 07:37:16","servicenow-incidents-000001"
"2026-05-20 18:04:47","servicenow-incidents-000001"
"2026-05-26 08:47:04","servicenow-incidents-000001"
"2026-05-21 08:33:03","servicenow-incidents-000001"
"2026-04-03 15:03:05","servicenow-incidents-000001"
"2026-05-26 07:35:12","servicenow-incidents-000001"
"2026-05-26 09:28:33","servicenow-incidents-000001"
"2026-05-26 06:08:03","servicenow-incidents-000001"
"2026-05-25 09:11:27","servicenow-incidents-000001"
"2026-05-22 12:16:11","servicenow-incidents-000001"
"2026-05-18 10:16:59","servicenow-incidents-000001"
"2026-05-21 15:39:55","servicenow-incidents-000001"
"2026-05-22 10:45:15","servicenow-incidents-000001"
"2026-05-26 08:13:04","servicenow-incidents-000001"
"2026-05-22 05:15:08","servicenow-incidents-000001"
"2026-05-22 09:02:11","servicenow-incidents-000001"
"2026-05-21 12:17:20","servicenow-incidents-000001"
"2026-05-21 05:59:46","servicenow-incidents-000001"
"2026-05-22 09:07:40","servicenow-incidents-000001"
"2026-05-26 02:05:11","servicenow-incidents-000001"
"2026-05-19 08:30:56","servicenow-incidents-000001"
"2026-05-18 07:16:30","servicenow-incidents-000001"
"2026-05-26 08:41:40","servicenow-incidents-000001"
"2026-05-22 06:10:08","servicenow-incidents-000001"
"2026-05-20 12:54:29","servicenow-incidents-000001"
"2026-05-26 09:11:07","servicenow-incidents-000001"
"2026-05-22 06:01:22","servicenow-incidents-000001"
"2026-05-26 08:57:24","servicenow-incidents-000001"
"2026-05-22 12:42:48","servicenow-incidents-000001"
"2026-05-21 07:42:33","servicenow-incidents-000001"
"2026-05-23 02:54:11","servicenow-incidents-000001"
"2026-05-21 07:33:38","servicenow-incidents-000001"
"2026-04-17 03:13:29","servicenow-incidents-000001"
"2026-05-25 20:37:24","servicenow-incidents-000001"
"2026-05-20 15:48:10","servicenow-incidents-000001"
"2026-05-26 08:07:58","servicenow-incidents-000001"
"2026-05-26 08:34:00","servicenow-incidents-000001"
"2026-05-19 08:44:27","servicenow-incidents-000001"
"2026-05-26 04:00:18","servicenow-incidents-000001"
"2026-05-26 08:19:31","servicenow-incidents-000001"
"2026-05-07 04:42:56","servicenow-incidents-000001"
"2026-05-22 10:56:59","servicenow-incidents-000001"
"2026-05-26 02:35:15","servicenow-incidents-000001"
"2026-05-13 11:20:16","servicenow-incidents-000001"
"2026-05-26 05:10:09","servicenow-incidents-000001"
"2026-05-26 05:35:16","servicenow-incidents-000001"
"2026-05-26 07:55:20","servicenow-incidents-000001"
"2026-05-26 05:10:10","servicenow-incidents-000001"
"2026-05-26 04:20:18","servicenow-incidents-000001"
"2026-05-26 04:00:20","servicenow-incidents-000001"
"2026-05-21 12:58:56","servicenow-incidents-000001"
"2026-05-22 02:06:15","servicenow-incidents-000001"
"2026-05-25 13:57:57","servicenow-incidents-000001"
"2026-05-25 20:46:47","servicenow-incidents-000001"
"2026-05-25 13:04:23","servicenow-incidents-000001"
"2026-05-12 09:00:08","servicenow-incidents-000001"
"2026-05-22 20:31:58","servicenow-incidents-000001"
"2026-05-22 19:31:43","servicenow-incidents-000001"
"2026-05-22 20:01:53","servicenow-incidents-000001"
"2026-05-19 06:17:47","servicenow-incidents-000001"
"2026-05-26 08:40:23","servicenow-incidents-000001"
"2026-05-26 08:33:58","servicenow-incidents-000001"
"2026-05-25 04:13:24","servicenow-incidents-000001"
"2026-05-26 04:03:26","servicenow-incidents-000001"
"2026-05-26 08:27:01","servicenow-incidents-000001"
"2026-05-26 08:18:47","servicenow-incidents-000001"
"2026-05-21 05:06:35","servicenow-incidents-000001"
"2026-05-25 12:30:04","servicenow-incidents-000001"
"2026-05-25 17:20:07","servicenow-incidents-000001"
"2026-05-26 00:20:08","servicenow-incidents-000001"
"2026-05-25 18:00:06","servicenow-incidents-000001"
"2026-05-25 17:20:06","servicenow-incidents-000001"
"2026-05-25 17:00:08","servicenow-incidents-000001"
"2026-05-25 17:20:06","servicenow-incidents-000001"
"2026-05-26 08:21:39","servicenow-incidents-000001"
"2026-05-22 07:26:00","servicenow-incidents-000001"
"2026-05-25 17:15:09","servicenow-incidents-000001"
"2026-05-22 07:36:17","servicenow-incidents-000001"
"2026-05-21 11:27:19","servicenow-incidents-000001"
"2026-05-25 17:20:07","servicenow-incidents-000001"
"2026-05-25 14:30:25","servicenow-incidents-000001"
"2026-05-22 17:35:29","servicenow-incidents-000001"
"2026-05-26 08:05:53","servicenow-incidents-000001"
"2026-05-21 15:25:36","servicenow-incidents-000001"
"2026-05-20 12:15:16","servicenow-incidents-000001"
"2026-05-25 03:24:37","servicenow-incidents-000001"
"2026-05-26 07:59:44","servicenow-incidents-000001"
"2026-05-25 13:32:13","servicenow-incidents-000001"
"2026-05-26 08:03:38","servicenow-incidents-000001"
"2026-05-26 06:26:23","servicenow-incidents-000001"
"2026-05-25 01:40:29","servicenow-incidents-000001"
"2026-05-26 08:20:13","servicenow-incidents-000001"
"2026-05-26 04:32:06","servicenow-incidents-000001"
"2026-05-26 07:54:19","servicenow-incidents-000001"
"2026-05-23 08:42:58","servicenow-incidents-000001"
"2026-05-23 07:52:50","servicenow-incidents-000001"
"2026-05-22 17:46:38","servicenow-incidents-000001"
"2026-05-25 00:31:21","servicenow-incidents-000001"
"2026-05-26 08:04:35","servicenow-incidents-000001"
"2026-05-22 08:35:49","servicenow-incidents-000001"
"2026-05-12 11:03:56","servicenow-incidents-000001"
"2026-05-25 01:23:51","servicenow-incidents-000001"
"2026-05-22 09:45:28","servicenow-incidents-000001"
"2026-05-24 17:59:45","servicenow-incidents-000001"
"2026-05-26 08:12:52","servicenow-incidents-000001"
"2026-05-22 23:20:15","servicenow-incidents-000001"
"2026-05-26 05:20:49","servicenow-incidents-000001"
"2026-05-15 01:30:10","servicenow-incidents-000001"
"2026-05-26 07:08:18","servicenow-incidents-000001"
"2026-05-18 06:41:09","servicenow-incidents-000001"
"2026-04-30 13:59:57","servicenow-incidents-000001"
"2026-05-26 07:27:16","servicenow-incidents-000001"
"2026-05-21 15:30:06","servicenow-incidents-000001"
"2026-05-20 10:33:06","servicenow-incidents-000001"
"2026-05-22 07:26:04","servicenow-incidents-000001"
"2026-05-20 10:54:05","servicenow-incidents-000001"
"2026-05-23 21:04:56","servicenow-incidents-000001"
"2026-05-20 09:57:19","servicenow-incidents-000001"
"2026-05-22 13:43:13","servicenow-incidents-000001"
"2026-05-25 15:08:54","servicenow-incidents-000001"
"2026-05-14 14:09:19","servicenow-incidents-000001"
"2026-05-26 02:15:24","servicenow-incidents-000001"
"2026-05-22 01:25:21","servicenow-incidents-000001"
"2026-05-26 05:58:32","servicenow-incidents-000001"
"2026-05-19 06:04:24","servicenow-incidents-000001"
"2026-05-19 06:05:08","servicenow-incidents-000001"
"2026-05-24 19:33:34","servicenow-incidents-000001"
"2026-05-24 19:08:35","servicenow-incidents-000001"
"2026-05-26 05:55:12","servicenow-incidents-000001"
"2026-05-25 02:26:01","servicenow-incidents-000001"
"2026-05-20 03:48:20","servicenow-incidents-000001"
"2026-05-25 22:22:18","servicenow-incidents-000001"
"2026-05-22 18:47:21","servicenow-incidents-000001"
"2026-05-22 22:08:43","servicenow-incidents-000001"
"2026-05-21 09:57:09","servicenow-incidents-000001"
"2026-05-25 19:31:37","servicenow-incidents-000001"
"2026-05-26 02:02:09","servicenow-incidents-000001"
"2026-05-21 06:03:08","servicenow-incidents-000001"
"2026-05-24 22:11:28","servicenow-incidents-000001"
"2026-05-25 00:40:19","servicenow-incidents-000001"
"2026-05-25 00:40:09","servicenow-incidents-000001"
"2026-05-26 04:09:00","servicenow-incidents-000001"
"2026-05-25 07:56:29","servicenow-incidents-000001"
"2026-05-26 04:47:54","servicenow-incidents-000001"
"2026-05-26 02:00:14","servicenow-incidents-000001"
"2026-05-24 14:15:02","servicenow-incidents-000001"
"2026-05-25 16:45:06","servicenow-incidents-000001"
"2026-05-24 15:20:09","servicenow-incidents-000001"
"2026-05-25 20:45:38","servicenow-incidents-000001"
"2026-05-25 18:05:12","servicenow-incidents-000001"
"2026-05-26 04:01:55","servicenow-incidents-000001"
"2026-05-26 04:02:49","servicenow-incidents-000001"
"2026-05-25 00:37:24","servicenow-incidents-000001"
"2026-05-25 18:35:05","servicenow-incidents-000001"
"2026-05-26 02:39:35","servicenow-incidents-000001"
"2026-05-26 03:51:37","servicenow-incidents-000001"
"2026-05-25 22:40:12","servicenow-incidents-000001"
"2026-05-25 18:35:05","servicenow-incidents-000001"
"2026-05-23 22:05:01","servicenow-incidents-000001"
"2026-05-25 18:35:06","servicenow-incidents-000001"
"2026-05-25 12:20:11","servicenow-incidents-000001"
"2026-05-21 04:35:34","servicenow-incidents-000001"
"2026-05-20 11:39:10","servicenow-incidents-000001"
"2026-05-22 08:41:22","servicenow-incidents-000001"
"2026-05-26 03:24:17","servicenow-incidents-000001"
"2026-05-25 15:25:11","servicenow-incidents-000001"
"2026-05-25 19:05:11","servicenow-incidents-000001"
"2026-05-25 23:15:03","servicenow-incidents-000001"
"2026-05-26 00:30:13","servicenow-incidents-000001"
"2026-05-13 00:43:58","servicenow-incidents-000001"
"2026-05-25 12:15:13","servicenow-incidents-000001"
"2026-05-25 19:10:06","servicenow-incidents-000001"
"2026-05-25 12:15:14","servicenow-incidents-000001"
"2026-05-25 17:25:15","servicenow-incidents-000001"
"2026-05-25 23:35:12","servicenow-incidents-000001"
"2026-05-25 00:31:01","servicenow-incidents-000001"
"2026-05-26 02:31:49","servicenow-incidents-000001"
"2026-05-26 00:45:03","servicenow-incidents-000001"
"2026-05-26 01:15:02","servicenow-incidents-000001"
"2026-05-25 01:07:23","servicenow-incidents-000001"
"2026-05-25 04:22:55","servicenow-incidents-000001"
"2026-05-24 21:33:05","servicenow-incidents-000001"
"2026-05-25 05:24:00","servicenow-incidents-000001"
"2026-05-20 15:16:27","servicenow-incidents-000001"
"2026-04-09 12:19:26","servicenow-incidents-000001"
"2026-05-25 19:50:43","servicenow-incidents-000001"
"2026-05-26 00:21:24","servicenow-incidents-000001"
"2026-05-20 12:12:49","servicenow-incidents-000001"
"2026-05-22 01:59:40","servicenow-incidents-000001"
"2026-05-25 10:30:29","servicenow-incidents-000001"
"2026-05-26 00:05:06","servicenow-incidents-000001"
"2026-05-26 02:11:36","servicenow-incidents-000001"
"2026-05-13 05:04:57","servicenow-incidents-000001"
"2026-05-19 14:37:10","servicenow-incidents-000001"
"2026-05-25 20:29:17","servicenow-incidents-000001"
"2026-05-24 04:34:58","servicenow-incidents-000001"
"2026-05-07 03:13:10","servicenow-incidents-000001"
"2026-05-20 08:22:26","servicenow-incidents-000001"
"2026-05-20 07:10:07","servicenow-incidents-000001"
"2026-05-25 16:15:13","servicenow-incidents-000001"
"2026-05-24 15:20:08","servicenow-incidents-000001"
"2026-05-22 13:11:55","servicenow-incidents-000001"
"2026-05-24 15:00:08","servicenow-incidents-000001"
"2026-05-24 05:05:03","servicenow-incidents-000001"
"2026-05-26 00:20:20","servicenow-incidents-000001"
"2026-05-25 18:40:20","servicenow-incidents-000001"
"2026-05-24 07:04:56","servicenow-incidents-000001"
"2026-05-23 17:04:54","servicenow-incidents-000001"
"2026-05-25 03:56:54","servicenow-incidents-000001"
"2026-05-25 02:39:06","servicenow-incidents-000001"
"2026-05-26 00:55:47","servicenow-incidents-000001"
"2026-05-25 23:35:13","servicenow-incidents-000001"
"2026-05-25 22:25:28","servicenow-incidents-000001"
"2026-05-25 15:03:48","servicenow-incidents-000001"
"2026-05-25 22:11:47","servicenow-incidents-000001"
"2026-05-19 00:03:46","servicenow-incidents-000001"
"2026-05-25 20:59:09","servicenow-incidents-000001"
"2026-05-24 15:20:08","servicenow-incidents-000001"
"2026-05-24 14:45:07","servicenow-incidents-000001"
"2026-05-23 11:06:29","servicenow-incidents-000001"
"2026-05-20 15:28:59","servicenow-incidents-000001"
"2026-05-25 03:29:58","servicenow-incidents-000001"
"2026-05-24 15:00:09","servicenow-incidents-000001"
"2026-05-21 21:22:35","servicenow-incidents-000001"
"2026-05-24 00:04:56","servicenow-incidents-000001"
"2026-05-19 06:24:07","servicenow-incidents-000001"
"2026-05-18 23:29:52","servicenow-incidents-000001"
"2026-05-23 21:53:01","servicenow-incidents-000001"
"2026-05-24 00:54:11","servicenow-incidents-000001"
"2026-05-25 04:10:38","servicenow-incidents-000001"
"2026-05-25 21:40:13","servicenow-incidents-000001"
"2026-05-24 15:55:14","servicenow-incidents-000001"
"2026-05-21 13:44:59","servicenow-incidents-000001"
"2026-05-25 06:29:10","servicenow-incidents-000001"
"2026-05-25 22:55:26","servicenow-incidents-000001"
"2026-05-24 21:53:58","servicenow-incidents-000001"
"2026-05-25 09:53:53","servicenow-incidents-000001"
"2026-05-25 20:40:25","servicenow-incidents-000001"
"2026-05-25 18:12:57","servicenow-incidents-000001"
"2026-05-25 18:43:58","servicenow-incidents-000001"
"2026-05-25 18:54:22","servicenow-incidents-000001"
"2026-05-25 19:18:27","servicenow-incidents-000001"
"2026-05-18 09:04:41","servicenow-incidents-000001"
"2026-05-23 07:24:13","servicenow-incidents-000001"
"2026-05-26 13:59:15","servicenow-incidents-000001"
"2026-05-24 20:14:34","servicenow-incidents-000001"
"2026-05-25 19:15:37","servicenow-incidents-000001"
"2026-05-25 17:22:28","servicenow-incidents-000001"
"2026-05-24 00:30:11","servicenow-incidents-000001"
"2026-05-25 17:42:49","servicenow-incidents-000001"
"2026-05-22 10:25:07","servicenow-incidents-000001"
"2026-05-05 11:53:39","servicenow-incidents-000001"
"2026-05-28 16:01:18","servicenow-incidents-000001"
"2026-05-28 08:08:07","servicenow-incidents-000001"
"2026-05-28 09:05:42","servicenow-incidents-000001"
"2026-05-29 03:14:05","servicenow-incidents-000001"
"2026-05-28 09:35:15","servicenow-incidents-000001"
"2026-05-28 08:02:25","servicenow-incidents-000001"
"2026-05-28 17:08:44","servicenow-incidents-000001"
"2026-05-27 07:18:22","servicenow-incidents-000001"
"2026-05-28 20:26:01","servicenow-incidents-000001"
"2026-05-27 08:26:36","servicenow-incidents-000001"
"2026-05-27 10:20:14","servicenow-incidents-000001"
"2026-05-20 05:09:50","servicenow-incidents-000001"
"2026-05-28 23:19:57","servicenow-incidents-000001"
"2026-05-25 15:20:29","servicenow-incidents-000001"
"2026-05-25 16:41:20","servicenow-incidents-000001"
"2026-05-25 16:41:32","servicenow-incidents-000001"
"2026-05-25 16:50:24","servicenow-incidents-000001"
"2026-05-19 20:43:47","servicenow-incidents-000001"
"2026-05-25 15:57:18","servicenow-incidents-000001"
"2026-05-25 15:57:31","servicenow-incidents-000001"
"2026-05-25 10:06:31","servicenow-incidents-000001"
"2026-05-25 16:21:18","servicenow-incidents-000001"
"2026-05-24 18:55:01","servicenow-incidents-000001"
"2026-05-25 15:44:10","servicenow-incidents-000001"
"2026-05-25 15:32:13","servicenow-incidents-000001"
"2026-05-25 06:54:45","servicenow-incidents-000001"
"2026-05-25 15:11:32","servicenow-incidents-000001"
"2026-05-21 19:58:36","servicenow-incidents-000001"
"2026-05-25 10:35:23","servicenow-incidents-000001"
"2026-05-21 00:45:07","servicenow-incidents-000001"
"2026-05-25 13:30:30","servicenow-incidents-000001"
"2026-05-20 04:16:59","servicenow-incidents-000001"
"2026-05-21 17:59:09","servicenow-incidents-000001"
"2026-05-18 01:16:01","servicenow-incidents-000001"
"2026-05-25 07:50:57","servicenow-incidents-000001"
"2026-05-19 02:04:46","servicenow-incidents-000001"
"2026-05-13 10:02:49","servicenow-incidents-000001"
"2026-05-20 14:30:25","servicenow-incidents-000001"
"2026-05-22 10:40:20","servicenow-incidents-000001"
"2026-05-20 13:32:58","servicenow-incidents-000001"
"2026-05-24 20:56:38","servicenow-incidents-000001"
"2026-05-22 09:09:00","servicenow-incidents-000001"
"2026-05-22 07:54:11","servicenow-incidents-000001"
"2026-05-28 12:47:06","servicenow-incidents-000001"
"2026-05-22 05:02:34","servicenow-incidents-000001"
"2026-05-24 15:58:25","servicenow-incidents-000001"
"2026-05-19 11:13:10","servicenow-incidents-000001"
"2026-05-24 06:05:00","servicenow-incidents-000001"
"2026-05-23 14:04:53","servicenow-incidents-000001"
"2026-03-25 15:29:23","servicenow-incidents-000001"
"2026-05-28 10:24:29","servicenow-incidents-000001"
"2026-05-22 12:51:10","servicenow-incidents-000001"
"2026-05-21 23:33:29","servicenow-incidents-000001"
"2026-05-25 10:35:21","servicenow-incidents-000001"
"2026-05-22 08:02:11","servicenow-incidents-000001"
"2026-05-25 10:45:13","servicenow-incidents-000001"
"2026-05-25 07:35:05","servicenow-incidents-000001"
"2026-05-25 08:40:10","servicenow-incidents-000001"
"2026-05-25 05:40:09","servicenow-incidents-000001"
"2026-05-25 10:10:12","servicenow-incidents-000001"
"2026-05-25 10:55:07","servicenow-incidents-000001"
"2026-05-25 11:00:03","servicenow-incidents-000001"
"2026-05-25 08:35:13","servicenow-incidents-000001"
"2026-05-25 10:15:08","servicenow-incidents-000001"
"2026-05-25 10:55:06","servicenow-incidents-000001"
"2026-05-25 11:05:12","servicenow-incidents-000001"
"2026-05-25 04:36:59","servicenow-incidents-000001"
"2026-05-25 07:35:06","servicenow-incidents-000001"
"2026-05-24 02:05:15","servicenow-incidents-000001"
"2026-05-24 01:55:12","servicenow-incidents-000001"
"2026-05-25 11:10:50","servicenow-incidents-000001"
"2026-05-25 09:36:24","servicenow-incidents-000001"
"2026-05-22 05:41:19","servicenow-incidents-000001"
"2026-05-21 08:49:22","servicenow-incidents-000001"
"2026-05-19 10:27:29","servicenow-incidents-000001"
"2026-05-25 09:40:26","servicenow-incidents-000001"
"2026-05-25 06:00:52","servicenow-incidents-000001"
"2026-05-25 10:10:44","servicenow-incidents-000001"
"2026-05-25 07:25:12","servicenow-incidents-000001"
"2026-05-22 23:42:39","servicenow-incidents-000001"
"2026-05-28 11:22:17","servicenow-incidents-000001"
"2026-05-22 12:29:44","servicenow-incidents-000001"
"2026-05-21 00:49:45","servicenow-incidents-000001"
"2026-05-12 08:37:29","servicenow-incidents-000001"
"2026-05-25 10:11:17","servicenow-incidents-000001"
"2026-05-19 13:04:46","servicenow-incidents-000001"
"2026-05-25 09:19:50","servicenow-incidents-000001"
"2026-05-25 09:09:04","servicenow-incidents-000001"
"2026-05-25 09:06:21","servicenow-incidents-000001"
"2026-05-20 19:36:32","servicenow-incidents-000001"
"2026-05-25 08:59:29","servicenow-incidents-000001"
"2026-05-23 21:05:58","servicenow-incidents-000001"
"2026-05-22 13:58:32","servicenow-incidents-000001"
"2026-05-21 10:29:03","servicenow-incidents-000001"
"2026-05-20 12:36:47","servicenow-incidents-000001"
"2026-05-21 14:39:55","servicenow-incidents-000001"
"2026-05-20 09:55:04","servicenow-incidents-000001"
"2026-05-28 09:06:52","servicenow-incidents-000001"
"2026-05-22 13:49:56","servicenow-incidents-000001"
"2026-05-22 14:35:27","servicenow-incidents-000001"
"2026-05-22 07:29:02","servicenow-incidents-000001"
"2026-05-22 04:03:23","servicenow-incidents-000001"
"2026-05-15 00:43:42","servicenow-incidents-000001"
"2026-05-25 08:25:20","servicenow-incidents-000001"
"2026-05-25 06:41:21","servicenow-incidents-000001"
"2026-05-07 00:09:58","servicenow-incidents-000001"
"2026-05-25 09:03:30","servicenow-incidents-000001"
"2026-05-25 08:55:53","servicenow-incidents-000001"
"2026-05-25 09:12:40","servicenow-incidents-000001"
"2026-05-25 09:00:13","servicenow-incidents-000001"
"2026-05-25 09:16:28","servicenow-incidents-000001"
"2026-05-25 07:55:59","servicenow-incidents-000001"
"2026-05-22 16:51:15","servicenow-incidents-000001"
"2026-05-24 08:39:14","servicenow-incidents-000001"
"2026-05-22 16:46:10","servicenow-incidents-000001"
"2026-05-22 16:33:09","servicenow-incidents-000001"
"2026-05-25 03:00:28","servicenow-incidents-000001"
"2026-05-25 07:30:41","servicenow-incidents-000001"
"2026-05-22 20:21:30","servicenow-incidents-000001"
"2026-05-22 09:15:11","servicenow-incidents-000001"
"2026-05-25 03:42:35","servicenow-incidents-000001"
"2026-05-25 03:40:25","servicenow-incidents-000001"
"2026-05-24 15:05:12","servicenow-incidents-000001"
"2026-05-24 14:30:43","servicenow-incidents-000001"
"2026-05-24 15:00:28","servicenow-incidents-000001"
"2026-05-24 15:00:17","servicenow-incidents-000001"
"2026-05-24 14:55:18","servicenow-incidents-000001"
"2026-05-24 14:40:25","servicenow-incidents-000001"
"2026-05-24 14:44:17","servicenow-incidents-000001"
"2026-05-24 05:55:06","servicenow-incidents-000001"
"2026-05-24 14:31:18","servicenow-incidents-000001"
"2026-05-24 14:31:15","servicenow-incidents-000001"
"2026-05-24 06:35:18","servicenow-incidents-000001"
"2026-05-24 06:37:35","servicenow-incidents-000001"
"2026-05-24 06:35:19","servicenow-incidents-000001"
"2026-05-24 06:35:19","servicenow-incidents-000001"
"2026-05-24 06:35:34","servicenow-incidents-000001"
"2026-05-24 06:35:34","servicenow-incidents-000001"
"2026-05-24 06:35:48","servicenow-incidents-000001"
"2026-05-24 06:35:48","servicenow-incidents-000001"
"2026-05-24 06:35:48","servicenow-incidents-000001"
"2026-05-24 06:36:02","servicenow-incidents-000001"
"2026-05-24 06:36:16","servicenow-incidents-000001"
"2026-05-24 06:36:15","servicenow-incidents-000001"
"2026-05-24 06:45:14","servicenow-incidents-000001"
"2026-05-24 06:40:12","servicenow-incidents-000001"
"2026-05-24 06:36:02","servicenow-incidents-000001"
"2026-05-24 06:35:34","servicenow-incidents-000001"
"2026-05-24 06:36:02","servicenow-incidents-000001"
"2026-05-25 00:41:35","servicenow-incidents-000001"
"2026-05-24 08:30:13","servicenow-incidents-000001"
"2026-05-24 09:00:04","servicenow-incidents-000001"
"2026-05-24 09:55:13","servicenow-incidents-000001"
"2026-05-24 09:50:25","servicenow-incidents-000001"
"2026-05-24 09:50:26","servicenow-incidents-000001"
"2026-05-23 09:59:56","servicenow-incidents-000001"
"2026-05-25 02:25:15","servicenow-incidents-000001"
"2026-05-24 08:45:18","servicenow-incidents-000001"
"2026-05-24 01:10:14","servicenow-incidents-000001"
"2026-05-24 08:30:18","servicenow-incidents-000001"
"2026-05-24 08:30:18","servicenow-incidents-000001"
"2026-05-24 08:07:06","servicenow-incidents-000001"
"2026-05-24 07:30:19","servicenow-incidents-000001"
"2026-05-24 08:30:13","servicenow-incidents-000001"
"2026-05-21 22:16:37","servicenow-incidents-000001"
"2026-05-23 16:48:19","servicenow-incidents-000001"
"2026-05-24 06:39:18","servicenow-incidents-000001"
"2026-05-24 04:31:48","servicenow-incidents-000001"
"2026-05-23 22:19:10","servicenow-incidents-000001"
"2026-05-23 06:39:58","servicenow-incidents-000001"
"2026-05-17 06:34:50","servicenow-incidents-000001"
"2026-05-23 22:19:09","servicenow-incidents-000001"
"2026-05-23 22:19:22","servicenow-incidents-000001"
"2026-05-23 22:19:09","servicenow-incidents-000001"
"2026-05-23 22:19:09","servicenow-incidents-000001"
"2026-05-23 22:19:10","servicenow-incidents-000001"
"2026-05-23 22:19:09","servicenow-incidents-000001"
"2026-05-24 05:39:05","servicenow-incidents-000001"
"2026-05-24 05:05:19","servicenow-incidents-000001"
"2026-05-24 04:44:10","servicenow-incidents-000001"
"2026-05-24 04:02:06","servicenow-incidents-000001"
"2026-05-24 05:05:15","servicenow-incidents-000001"
"2026-05-24 04:48:16","servicenow-incidents-000001"
"2026-05-24 12:55:25","servicenow-incidents-000001"
"2026-05-23 13:09:11","servicenow-incidents-000001"
"2026-05-23 20:15:15","servicenow-incidents-000001"
"2026-05-24 04:45:11","servicenow-incidents-000001"
"2026-05-15 20:15:45","servicenow-incidents-000001"
"2026-05-15 20:10:37","servicenow-incidents-000001"
"2026-05-24 04:19:01","servicenow-incidents-000001"
"2026-05-24 11:37:41","servicenow-incidents-000001"
"2026-05-24 03:00:18","servicenow-incidents-000001"
"2026-05-24 02:55:21","servicenow-incidents-000001"
"2026-05-24 03:25:12","servicenow-incidents-000001"
"2026-05-17 03:49:50","servicenow-incidents-000001"
"2026-05-24 02:35:16","servicenow-incidents-000001"
"2026-05-21 10:45:16","servicenow-incidents-000001"
"2026-05-24 00:31:33","servicenow-incidents-000001"
"2026-05-22 10:27:36","servicenow-incidents-000001"
"2026-05-24 01:25:14","servicenow-incidents-000001"
"2026-05-23 20:27:04","servicenow-incidents-000001"
"2026-05-24 00:04:56","servicenow-incidents-000001"
"2026-05-17 00:59:54","servicenow-incidents-000001"
"2026-05-24 00:25:10","servicenow-incidents-000001"
"2026-05-23 20:32:59","servicenow-incidents-000001"
"2026-05-23 20:27:22","servicenow-incidents-000001"
"2026-05-17 00:39:44","servicenow-incidents-000001"
"2026-05-23 14:45:08","servicenow-incidents-000001"
"2026-05-17 00:29:50","servicenow-incidents-000001"
"2026-05-24 00:25:06","servicenow-incidents-000001"
"2026-05-24 00:35:12","servicenow-incidents-000001"
"2026-05-23 22:05:02","servicenow-incidents-000001"
"2026-05-23 01:18:30","servicenow-incidents-000001"
"2026-05-23 20:29:22","servicenow-incidents-000001"
"2026-05-12 05:43:03","servicenow-incidents-000001"
"2026-05-23 20:39:21","servicenow-incidents-000001"
"2026-05-17 00:19:44","servicenow-incidents-000001"
"2026-05-17 12:52:54","servicenow-incidents-000001"
"2026-05-16 22:14:53","servicenow-incidents-000001"
"2026-05-23 01:10:12","servicenow-incidents-000001"
"2026-05-23 02:34:30","servicenow-incidents-000001"
"2026-05-16 22:49:54","servicenow-incidents-000001"
"2026-05-16 22:04:49","servicenow-incidents-000001"
"2026-05-23 21:33:09","servicenow-incidents-000001"
"2026-05-23 21:51:23","servicenow-incidents-000001"
"2026-05-23 01:10:16","servicenow-incidents-000001"
"2026-05-23 21:13:06","servicenow-incidents-000001"
"2026-05-23 21:20:07","servicenow-incidents-000001"
"2026-05-23 21:25:11","servicenow-incidents-000001"
"2026-05-17 00:19:44","servicenow-incidents-000001"
"2026-05-20 23:38:13","servicenow-incidents-000001"
"2026-05-23 20:27:21","servicenow-incidents-000001"
"2026-05-17 00:14:47","servicenow-incidents-000001"
"2026-05-23 19:15:24","servicenow-incidents-000001"
"2026-05-23 18:31:18","servicenow-incidents-000001"
"2026-05-16 22:39:49","servicenow-incidents-000001"
"2026-05-23 19:14:13","servicenow-incidents-000001"
"2026-05-21 16:31:04","servicenow-incidents-000001"
"2026-05-23 18:10:16","servicenow-incidents-000001"
"2026-05-23 18:40:25","servicenow-incidents-000001"
"2026-05-23 04:49:23","servicenow-incidents-000001"
"2026-05-23 21:25:11","servicenow-incidents-000001"
"2026-05-21 16:26:32","servicenow-incidents-000001"
"2026-05-23 21:25:11","servicenow-incidents-000001"
"2026-05-23 17:24:16","servicenow-incidents-000001"
"2026-05-24 00:35:52","servicenow-incidents-000001"
"2026-05-17 00:04:54","servicenow-incidents-000001"
"2026-05-23 23:45:09","servicenow-incidents-000001"
"2026-05-23 23:00:19","servicenow-incidents-000001"
"2026-05-23 23:25:11","servicenow-incidents-000001"
"2026-05-23 23:00:19","servicenow-incidents-000001"
"2026-05-23 17:28:15","servicenow-incidents-000001"
"2026-05-23 12:30:11","servicenow-incidents-000001"
"2026-05-24 10:50:08","servicenow-incidents-000001"
"2026-05-23 13:35:04","servicenow-incidents-000001"
"2026-05-21 13:53:29","servicenow-incidents-000001"
"2026-05-22 22:55:07","servicenow-incidents-000001"
"2026-05-23 12:59:17","servicenow-incidents-000001"
"2026-05-23 13:11:17","servicenow-incidents-000001"
"2026-05-23 12:34:59","servicenow-incidents-000001"
"2026-05-22 23:55:16","servicenow-incidents-000001"
"2026-05-23 13:01:13","servicenow-incidents-000001"
"2026-05-19 04:58:25","servicenow-incidents-000001"
"2026-05-21 04:38:24","servicenow-incidents-000001"
"2026-05-22 23:39:55","servicenow-incidents-000001"
"2026-05-18 12:53:37","servicenow-incidents-000001"
"2026-02-13 12:26:31","servicenow-incidents-000001"
"2026-05-18 11:54:08","servicenow-incidents-000001"
"2026-05-21 17:07:25","servicenow-incidents-000001"
"2026-05-19 16:06:35","servicenow-incidents-000001"
"2026-05-11 00:13:01","servicenow-incidents-000001"
"2026-05-22 16:41:10","servicenow-incidents-000001"
"2026-05-22 16:41:10","servicenow-incidents-000001"
"2026-05-22 16:39:20","servicenow-incidents-000001"
"2026-05-22 16:41:32","servicenow-incidents-000001"
"2026-05-20 08:56:21","servicenow-incidents-000001"
"2026-05-21 13:18:26","servicenow-incidents-000001"
"2026-05-22 12:32:37","servicenow-incidents-000001"
"2026-05-19 11:22:56","servicenow-incidents-000001"
"2026-05-22 13:22:41","servicenow-incidents-000001"
"2026-05-19 09:39:41","servicenow-incidents-000001"
"2026-05-20 17:02:17","servicenow-incidents-000001"
"2026-05-22 15:30:40","servicenow-incidents-000001"
"2026-05-22 15:14:09","servicenow-incidents-000001"
"2026-05-22 13:28:48","servicenow-incidents-000001"
"2026-05-22 14:56:38","servicenow-incidents-000001"
"2026-05-22 15:01:20","servicenow-incidents-000001"
"2026-05-19 07:52:03","servicenow-incidents-000001"
"2026-05-22 14:17:17","servicenow-incidents-000001"
"2026-05-27 14:32:57","servicenow-incidents-000001"
"2026-05-22 11:36:51","servicenow-incidents-000001"
"2026-05-22 13:44:11","servicenow-incidents-000001"
"2026-05-21 15:20:26","servicenow-incidents-000001"
"2026-05-15 11:39:31","servicenow-incidents-000001"
"2026-05-22 10:48:10","servicenow-incidents-000001"
"2026-05-19 06:08:31","servicenow-incidents-000001"
"2026-05-21 19:22:17","servicenow-incidents-000001"
"2026-04-28 13:01:56","servicenow-incidents-000001"
"2026-04-20 13:01:45","servicenow-incidents-000001"
"2026-05-22 13:08:41","servicenow-incidents-000001"
"2026-04-20 14:06:38","servicenow-incidents-000001"
"2026-05-14 09:13:52","servicenow-incidents-000001"
"2026-05-15 07:10:09","servicenow-incidents-000001"
"2026-05-18 16:41:10","servicenow-incidents-000001"
"2026-05-27 07:09:13","servicenow-incidents-000001"
"2026-05-27 10:41:34","servicenow-incidents-000001"
"2026-04-22 09:10:38","servicenow-incidents-000001"
"2026-04-28 10:57:59","servicenow-incidents-000001"
"2026-05-21 13:14:10","servicenow-incidents-000001"
"2026-04-21 14:18:10","servicenow-incidents-000001"
"2026-05-06 14:15:56","servicenow-incidents-000001"
"2026-05-08 08:02:40","servicenow-incidents-000001"
"2026-05-22 07:37:30","servicenow-incidents-000001"
"2026-05-07 09:40:10","servicenow-incidents-000001"
"2026-05-20 10:23:06","servicenow-incidents-000001"
"2026-05-08 09:40:27","servicenow-incidents-000001"
"2026-05-18 10:57:41","servicenow-incidents-000001"
"2026-05-22 10:52:47","servicenow-incidents-000001"
"2026-05-13 10:41:57","servicenow-incidents-000001"
"2026-05-22 10:18:11","servicenow-incidents-000001"
"2026-05-22 12:58:42","servicenow-incidents-000001"
"2026-05-15 17:16:31","servicenow-incidents-000001"
"2026-05-21 14:58:51","servicenow-incidents-000001"
"2026-05-21 11:22:20","servicenow-incidents-000001"
"2026-05-22 06:49:10","servicenow-incidents-000001"
"2026-05-21 16:00:31","servicenow-incidents-000001"
"2026-05-21 16:24:02","servicenow-incidents-000001"
"2026-05-20 00:16:51","servicenow-incidents-000001"
"2026-05-22 11:50:35","servicenow-incidents-000001"
"2026-05-22 06:57:53","servicenow-incidents-000001"
"2026-05-08 11:53:42","servicenow-incidents-000001"
"2026-05-22 10:53:11","servicenow-incidents-000001"
"2026-05-11 14:57:51","servicenow-incidents-000001"
"2026-05-19 15:10:50","servicenow-incidents-000001"
"2026-05-19 07:56:20","servicenow-incidents-000001"
"2026-05-18 09:51:20","servicenow-incidents-000001"
"2026-04-23 14:46:58","servicenow-incidents-000001"
"2026-05-15 11:32:57","servicenow-incidents-000001"
"2026-05-25 04:43:28","servicenow-incidents-000001"
"2026-05-15 13:04:37","servicenow-incidents-000001"
"2026-05-22 23:15:58","servicenow-incidents-000001"
"2026-05-06 16:20:01","servicenow-incidents-000001"
"2026-05-20 08:03:12","servicenow-incidents-000001"
"2026-05-23 01:51:05","servicenow-incidents-000001"
"2026-05-23 01:51:23","servicenow-incidents-000001"
"2026-05-23 05:14:06","servicenow-incidents-000001"
"2026-05-23 06:35:16","servicenow-incidents-000001"
"2026-05-23 01:40:17","servicenow-incidents-000001"
"2026-05-23 01:51:05","servicenow-incidents-000001"
"2026-05-23 01:51:05","servicenow-incidents-000001"
"2026-05-23 01:51:05","servicenow-incidents-000001"
"2026-05-23 01:51:05","servicenow-incidents-000001"
"2026-05-22 23:04:21","servicenow-incidents-000001"
"2026-05-23 03:31:12","servicenow-incidents-000001"
"2026-05-22 23:51:02","servicenow-incidents-000001"
"2026-05-22 23:04:54","servicenow-incidents-000001"
"2026-05-22 08:56:18","servicenow-incidents-000001"
"2026-05-20 08:16:04","servicenow-incidents-000001"
"2026-05-22 21:02:17","servicenow-incidents-000001"
"2026-05-22 10:34:03","servicenow-incidents-000001"
"2026-05-23 05:35:17","servicenow-incidents-000001"
"2026-05-14 11:55:09","servicenow-incidents-000001"
"2026-05-22 18:31:14","servicenow-incidents-000001"
"2026-05-23 05:30:11","servicenow-incidents-000001"
"2026-05-23 05:30:12","servicenow-incidents-000001"
"2026-05-22 20:21:25","servicenow-incidents-000001"
"2026-05-23 04:41:04","servicenow-incidents-000001"
"2026-05-23 05:10:05","servicenow-incidents-000001"
"2026-05-23 05:40:13","servicenow-incidents-000001"
"2026-05-23 04:54:52","servicenow-incidents-000001"
"2026-05-23 05:05:05","servicenow-incidents-000001"
"2026-05-23 05:10:12","servicenow-incidents-000001"
"2026-05-23 04:55:09","servicenow-incidents-000001"
"2026-05-23 04:54:59","servicenow-incidents-000001"
"2026-05-23 04:59:50","servicenow-incidents-000001"
"2026-05-23 04:42:51","servicenow-incidents-000001"
"2026-05-23 04:17:51","servicenow-incidents-000001"
"2026-05-22 08:29:01","servicenow-incidents-000001"
"2026-05-23 05:10:03","servicenow-incidents-000001"
"2026-05-22 23:30:18","servicenow-incidents-000001"
"2026-05-23 03:59:59","servicenow-incidents-000001"
"2026-05-22 22:50:03","servicenow-incidents-000001"
"2026-05-23 03:31:12","servicenow-incidents-000001"
"2026-05-22 23:45:08","servicenow-incidents-000001"
"2026-05-23 01:45:13","servicenow-incidents-000001"
"2026-05-22 22:55:23","servicenow-incidents-000001"
"2026-05-22 23:40:14","servicenow-incidents-000001"
"2026-05-22 22:14:44","servicenow-incidents-000001"
"2026-05-23 02:55:14","servicenow-incidents-000001"
"2026-05-22 23:30:53","servicenow-incidents-000001"
"2026-05-19 09:02:15","servicenow-incidents-000001"
"2026-04-28 07:49:19","servicenow-incidents-000001"
"2026-05-21 22:41:54","servicenow-incidents-000001"
"2026-05-23 02:30:10","servicenow-incidents-000001"
"2026-05-23 02:29:31","servicenow-incidents-000001"
"2026-05-22 22:17:59","servicenow-incidents-000001"
"2026-05-23 00:24:56","servicenow-incidents-000001"
"2026-05-23 00:20:12","servicenow-incidents-000001"
"2026-05-23 00:25:08","servicenow-incidents-000001"
"2026-05-23 00:20:34","servicenow-incidents-000001"
"2026-05-22 22:29:48","servicenow-incidents-000001"
"2026-05-23 02:15:17","servicenow-incidents-000001"
"2026-05-23 00:14:43","servicenow-incidents-000001"
"2026-05-22 21:25:42","servicenow-incidents-000001"
"2026-05-22 23:50:36","servicenow-incidents-000001"
"2026-05-22 23:50:28","servicenow-incidents-000001"
"2026-05-22 23:55:34","servicenow-incidents-000001"
"2026-05-22 22:55:07","servicenow-incidents-000001"
"2026-05-23 00:01:02","servicenow-incidents-000001"
"2026-05-22 23:50:17","servicenow-incidents-000001"
"2026-05-22 23:50:18","servicenow-incidents-000001"
"2026-05-22 23:55:15","servicenow-incidents-000001"
"2026-05-22 23:55:37","servicenow-incidents-000001"
"2026-05-22 23:55:16","servicenow-incidents-000001"
"2026-05-22 22:13:28","servicenow-incidents-000001"
"2026-05-22 23:32:32","servicenow-incidents-000001"
"2026-05-22 23:55:36","servicenow-incidents-000001"
"2026-05-23 01:00:34","servicenow-incidents-000001"
"2026-05-23 05:05:18","servicenow-incidents-000001"
"2026-05-23 05:05:19","servicenow-incidents-000001"
"2026-05-23 00:25:08","servicenow-incidents-000001"
"2026-05-23 00:25:16","servicenow-incidents-000001"
"2026-05-23 00:35:14","servicenow-incidents-000001"
"2026-05-23 00:20:34","servicenow-incidents-000001"
"2026-05-23 00:10:22","servicenow-incidents-000001"
"2026-05-23 00:10:04","servicenow-incidents-000001"
"2026-05-23 00:10:23","servicenow-incidents-000001"
"2026-05-23 00:10:09","servicenow-incidents-000001"
"2026-05-23 00:10:09","servicenow-incidents-000001"
"2026-05-23 00:10:05","servicenow-incidents-000001"
"2026-05-23 00:10:23","servicenow-incidents-000001"
"2026-05-23 00:15:23","servicenow-incidents-000001"
"2026-05-23 00:10:09","servicenow-incidents-000001"
"2026-05-23 00:20:09","servicenow-incidents-000001"
"2026-05-23 00:20:12","servicenow-incidents-000001"
"2026-05-23 00:00:10","servicenow-incidents-000001"
"2026-05-23 00:20:33","servicenow-incidents-000001"
"2026-05-22 23:20:14","servicenow-incidents-000001"
"2026-05-23 00:01:03","servicenow-incidents-000001"
"2026-05-23 00:20:08","servicenow-incidents-000001"
"2026-05-23 00:00:45","servicenow-incidents-000001"
"2026-05-22 23:55:35","servicenow-incidents-000001"
"2026-05-22 23:55:35","servicenow-incidents-000001"
"2026-05-22 23:55:15","servicenow-incidents-000001"
"2026-05-22 23:55:34","servicenow-incidents-000001"
"2026-05-22 23:45:08","servicenow-incidents-000001"
"2026-05-22 20:48:39","servicenow-incidents-000001"
"2026-05-23 00:01:23","servicenow-incidents-000001"
"2026-05-22 23:45:11","servicenow-incidents-000001"
"2026-05-22 23:45:12","servicenow-incidents-000001"
"2026-05-22 23:45:10","servicenow-incidents-000001"
"2026-05-22 23:55:36","servicenow-incidents-000001"
"2026-05-22 23:40:25","servicenow-incidents-000001"
"2026-05-22 23:50:17","servicenow-incidents-000001"
"2026-05-22 23:50:27","servicenow-incidents-000001"
"2026-05-22 23:55:15","servicenow-incidents-000001"
"2026-05-22 23:55:16","servicenow-incidents-000001"
"2026-05-22 23:55:35","servicenow-incidents-000001"
"2026-05-22 23:40:10","servicenow-incidents-000001"
"2026-05-22 23:40:24","servicenow-incidents-000001"
"2026-05-22 23:40:25","servicenow-incidents-000001"
"2026-05-22 23:40:24","servicenow-incidents-000001"
"2026-05-22 23:45:27","servicenow-incidents-000001"
"2026-05-22 23:40:34","servicenow-incidents-000001"
"2026-05-22 23:45:08","servicenow-incidents-000001"
"2026-05-22 23:35:12","servicenow-incidents-000001"
"2026-05-22 23:40:11","servicenow-incidents-000001"
"2026-05-22 23:32:20","servicenow-incidents-000001"
"2026-05-22 23:31:56","servicenow-incidents-000001"
"2026-05-22 23:31:11","servicenow-incidents-000001"
"2026-05-22 23:31:11","servicenow-incidents-000001"
"2026-05-22 23:31:12","servicenow-incidents-000001"
"2026-05-22 23:25:00","servicenow-incidents-000001"
"2026-05-22 23:25:09","servicenow-incidents-000001"
"2026-05-22 23:30:53","servicenow-incidents-000001"
"2026-05-22 23:30:41","servicenow-incidents-000001"
"2026-05-22 23:31:01","servicenow-incidents-000001"
"2026-05-22 23:30:42","servicenow-incidents-000001"
"2026-05-22 23:30:36","servicenow-incidents-000001"
"2026-05-22 23:31:02","servicenow-incidents-000001"
"2026-05-22 23:30:21","servicenow-incidents-000001"
"2026-05-21 00:07:48","servicenow-incidents-000001"
"2026-05-22 23:50:17","servicenow-incidents-000001"
"2026-05-22 23:30:17","servicenow-incidents-000001"
"2026-05-22 22:55:05","servicenow-incidents-000001"
"2026-05-22 23:45:27","servicenow-incidents-000001"
"2026-05-22 22:55:06","servicenow-incidents-000001"
"2026-05-22 23:05:21","servicenow-incidents-000001"
"2026-05-22 23:05:09","servicenow-incidents-000001"
"2026-05-22 20:09:01","servicenow-incidents-000001"
"2026-05-22 23:00:17","servicenow-incidents-000001"
"2026-05-22 23:00:05","servicenow-incidents-000001"
"2026-05-22 23:05:25","servicenow-incidents-000001"
"2026-05-22 08:34:48","servicenow-incidents-000001"
"2026-05-22 22:49:59","servicenow-incidents-000001"
"2026-05-22 23:25:09","servicenow-incidents-000001"
"2026-05-22 23:55:16","servicenow-incidents-000001"
"2026-05-22 23:30:21","servicenow-incidents-000001"
"2026-05-22 22:55:07","servicenow-incidents-000001"
"2026-05-22 20:39:06","servicenow-incidents-000001"
"2026-05-22 23:41:05","servicenow-incidents-000001"
"2026-05-22 23:34:57","servicenow-incidents-000001"
"2026-05-22 23:40:34","servicenow-incidents-000001"
"2026-05-22 23:40:45","servicenow-incidents-000001"
"2026-05-22 23:40:11","servicenow-incidents-000001"
"2026-05-22 23:40:19","servicenow-incidents-000001"
"2026-05-22 23:40:13","servicenow-incidents-000001"
"2026-05-22 22:46:29","servicenow-incidents-000001"
"2026-05-23 00:00:43","servicenow-incidents-000001"
"2026-05-22 23:50:26","servicenow-incidents-000001"
"2026-05-22 23:32:20","servicenow-incidents-000001"
"2026-05-22 23:35:12","servicenow-incidents-000001"
"2026-05-22 19:31:39","servicenow-incidents-000001"
"2026-05-22 18:47:21","servicenow-incidents-000001"
"2026-05-22 21:52:20","servicenow-incidents-000001"
"2026-05-22 15:18:40","servicenow-incidents-000001"
"2026-05-22 15:18:38","servicenow-incidents-000001"
"2026-05-22 18:49:48","servicenow-incidents-000001"
"2026-05-22 18:08:14","servicenow-incidents-000001"
"2026-05-22 18:20:17","servicenow-incidents-000001"
"2026-05-22 16:53:38","servicenow-incidents-000001"
"2026-05-22 17:15:15","servicenow-incidents-000001"
"2026-05-20 17:34:10","servicenow-incidents-000001"
"2026-05-20 17:43:21","servicenow-incidents-000001"
"2026-05-21 12:21:39","servicenow-incidents-000001"
"2026-05-22 23:20:03","servicenow-incidents-000001"
"2026-05-22 23:51:10","servicenow-incidents-000001"
"2026-05-23 00:10:04","servicenow-incidents-000001"
"2026-05-22 23:49:07","servicenow-incidents-000001"
"2026-05-23 00:20:12","servicenow-incidents-000001"
"2026-05-22 23:45:12","servicenow-incidents-000001"
"2026-05-22 23:45:22","servicenow-incidents-000001"
"2026-05-22 23:30:41","servicenow-incidents-000001"
"2026-05-22 23:40:33","servicenow-incidents-000001"
"2026-05-22 23:32:20","servicenow-incidents-000001"
"2026-05-22 23:30:36","servicenow-incidents-000001"
"2026-05-22 23:31:56","servicenow-incidents-000001"
"2026-05-22 23:30:35","servicenow-incidents-000001"
"2026-05-22 23:31:01","servicenow-incidents-000001"
"2026-05-22 23:30:20","servicenow-incidents-000001"
"2026-05-22 23:30:18","servicenow-incidents-000001"
"2026-05-22 23:25:08","servicenow-incidents-000001"
"2026-05-22 23:25:00","servicenow-incidents-000001"
"2026-05-22 23:25:09","servicenow-incidents-000001"
"2026-05-22 23:25:01","servicenow-incidents-000001"
"2026-05-22 23:30:54","servicenow-incidents-000001"
"2026-05-22 23:32:14","servicenow-incidents-000001"
"2026-05-22 23:00:06","servicenow-incidents-000001"
"2026-05-22 23:20:14","servicenow-incidents-000001"
"2026-05-22 23:00:17","servicenow-incidents-000001"
"2026-05-22 23:00:17","servicenow-incidents-000001"
"2026-05-22 23:00:17","servicenow-incidents-000001"
"2026-05-22 23:00:05","servicenow-incidents-000001"
"2026-05-22 22:55:05","servicenow-incidents-000001"
"2026-05-22 22:55:15","servicenow-incidents-000001"
"2026-05-23 00:00:11","servicenow-incidents-000001"
"2026-05-23 00:10:06","servicenow-incidents-000001"
"2026-05-22 20:19:54","servicenow-incidents-000001"
"2026-05-22 22:55:23","servicenow-incidents-000001"
"2026-05-22 23:55:17","servicenow-incidents-000001"
"2026-05-22 22:55:04","servicenow-incidents-000001"
"2026-05-22 22:55:25","servicenow-incidents-000001"
"2026-05-22 22:55:23","servicenow-incidents-000001"
"2026-05-22 23:55:36","servicenow-incidents-000001"
"2026-05-22 23:55:15","servicenow-incidents-000001"
"2026-05-22 23:55:24","servicenow-incidents-000001"
"2026-05-22 23:55:32","servicenow-incidents-000001"
"2026-05-22 14:04:48","servicenow-incidents-000001"
"2026-05-21 21:01:06","servicenow-incidents-000001"
"2026-05-19 11:09:26","servicenow-incidents-000001"
"2026-05-22 11:34:50","servicenow-incidents-000001"
"2026-05-18 11:15:40","servicenow-incidents-000001"
"2026-05-19 14:48:57","servicenow-incidents-000001"
"2026-05-22 01:23:14","servicenow-incidents-000001"
"2026-05-19 06:13:54","servicenow-incidents-000001"
"2026-05-15 03:23:30","servicenow-incidents-000001"
"2026-05-25 01:32:45","servicenow-incidents-000001"
"2026-05-15 20:10:46","servicenow-incidents-000001"
"2026-05-20 05:28:26","servicenow-incidents-000001"
"2026-05-20 23:09:17","servicenow-incidents-000001"
"2026-05-20 20:51:01","servicenow-incidents-000001"
"2026-05-24 04:15:32","servicenow-incidents-000001"
"2026-05-19 11:47:30","servicenow-incidents-000001"
"2026-05-22 16:42:38","servicenow-incidents-000001"
"2026-05-23 02:32:18","servicenow-incidents-000001"
"2026-05-19 09:13:19","servicenow-incidents-000001"
"2026-05-12 02:56:58","servicenow-incidents-000001"
"2026-04-28 16:36:40","servicenow-incidents-000001"
"2026-05-23 08:21:41","servicenow-incidents-000001"
"2026-05-21 07:27:41","servicenow-incidents-000001"
"2026-05-22 08:47:51","servicenow-incidents-000001"
"2026-05-24 07:04:56","servicenow-incidents-000001"
"2026-05-25 07:25:01","servicenow-incidents-000001"
"2026-05-23 02:10:21","servicenow-incidents-000001"
"2026-05-24 23:20:37","servicenow-incidents-000001"
"2026-05-22 21:51:06","servicenow-incidents-000001"
"2026-05-25 07:52:08","servicenow-incidents-000001"
"2026-05-18 12:57:00","servicenow-incidents-000001"
"2026-05-18 13:12:48","servicenow-incidents-000001"
"2026-05-20 14:13:16","servicenow-incidents-000001"
"2026-05-18 12:04:43","servicenow-incidents-000001"
"2026-05-18 08:04:34","servicenow-incidents-000001"
"2026-05-25 07:26:25","servicenow-incidents-000001"
"2026-05-05 17:08:18","servicenow-incidents-000001"
"2026-05-23 00:24:49","servicenow-incidents-000001"
"2026-05-06 12:24:45","servicenow-incidents-000001"
"2026-05-25 06:45:30","servicenow-incidents-000001"
"2026-05-25 01:50:14","servicenow-incidents-000001"
"2026-05-22 23:54:58","servicenow-incidents-000001"
"2026-05-11 14:16:15","servicenow-incidents-000001"
"2026-05-19 10:02:00","servicenow-incidents-000001"
"2026-05-25 06:40:06","servicenow-incidents-000001"
"2026-05-19 14:15:54","servicenow-incidents-000001"
"2026-05-22 00:27:51","servicenow-incidents-000001"
"2026-05-22 08:21:37","servicenow-incidents-000001"
"2026-05-25 02:35:17","servicenow-incidents-000001"
"2026-05-24 23:08:42","servicenow-incidents-000001"
"2026-05-25 05:30:37","servicenow-incidents-000001"
"2026-05-25 04:30:07","servicenow-incidents-000001"
"2026-05-25 05:08:18","servicenow-incidents-000001"
"2026-05-24 22:12:48","servicenow-incidents-000001"
"2026-05-25 02:48:12","servicenow-incidents-000001"
"2026-05-25 06:35:17","servicenow-incidents-000001"
"2026-05-25 06:00:09","servicenow-incidents-000001"
"2026-05-23 18:05:03","servicenow-incidents-000001"
"2026-05-24 22:20:48","servicenow-incidents-000001"
"2026-05-21 05:43:04","servicenow-incidents-000001"
"2026-05-22 22:17:58","servicenow-incidents-000001"
"2026-05-25 04:35:04","servicenow-incidents-000001"
"2026-05-25 01:37:59","servicenow-incidents-000001"
"2026-05-24 23:45:01","servicenow-incidents-000001"
"2026-05-25 00:20:02","servicenow-incidents-000001"
"2026-05-24 22:50:02","servicenow-incidents-000001"
"2026-05-24 22:35:00","servicenow-incidents-000001"
"2026-05-25 02:14:59","servicenow-incidents-000001"
"2026-05-24 23:20:05","servicenow-incidents-000001"
"2026-05-21 15:54:20","servicenow-incidents-000001"
"2026-05-24 12:55:06","servicenow-incidents-000001"
"2026-05-25 00:35:04","servicenow-incidents-000001"
"2026-05-25 02:10:02","servicenow-incidents-000001"
"2026-05-24 22:10:04","servicenow-incidents-000001"
"2026-05-24 23:15:08","servicenow-incidents-000001"
"2026-05-20 15:29:21","servicenow-incidents-000001"
"2026-05-25 00:29:36","servicenow-incidents-000001"
"2026-05-20 15:26:32","servicenow-incidents-000001"
"2026-05-24 23:43:50","servicenow-incidents-000001"
"2026-05-25 03:55:06","servicenow-incidents-000001"
"2026-05-25 04:01:29","servicenow-incidents-000001"
"2026-05-25 05:30:04","servicenow-incidents-000001"
"2026-05-24 23:42:33","servicenow-incidents-000001"
"2026-05-23 03:34:57","servicenow-incidents-000001"
"2026-05-22 08:34:46","servicenow-incidents-000001"
"2026-05-24 03:35:02","servicenow-incidents-000001"
"2026-05-24 13:45:09","servicenow-incidents-000001"
"2026-05-18 05:10:14","servicenow-incidents-000001"
"2026-05-18 05:10:14","servicenow-incidents-000001"
"2026-05-25 03:26:38","servicenow-incidents-000001"
"2026-05-25 05:40:17","servicenow-incidents-000001"
"2026-05-24 23:38:20","servicenow-incidents-000001"
"2026-05-24 04:22:31","servicenow-incidents-000001"
"2026-05-24 23:40:06","servicenow-incidents-000001"
"2026-05-25 02:00:24","servicenow-incidents-000001"
"2026-05-24 13:05:00","servicenow-incidents-000001"
"2026-05-25 04:26:28","servicenow-incidents-000001"
"2026-05-20 12:11:14","servicenow-incidents-000001"
"2026-05-25 05:05:08","servicenow-incidents-000001"
"2026-05-24 15:20:08","servicenow-incidents-000001"
"2026-05-24 12:55:07","servicenow-incidents-000001"
"2026-05-24 15:55:08","servicenow-incidents-000001"
"2026-05-24 12:49:58","servicenow-incidents-000001"
"2026-05-18 01:53:42","servicenow-incidents-000001"
"2026-05-24 16:35:07","servicenow-incidents-000001"
"2026-05-24 09:00:06","servicenow-incidents-000001"
"2026-05-21 14:51:28","servicenow-incidents-000001"
"2026-05-24 16:35:06","servicenow-incidents-000001"
"2026-05-25 00:20:02","servicenow-incidents-000001"
"2026-05-24 09:00:05","servicenow-incidents-000001"
"2026-05-22 15:51:07","servicenow-incidents-000001"
"2026-05-21 06:20:17","servicenow-incidents-000001"
"2026-05-21 03:08:31","servicenow-incidents-000001"
"2026-05-18 14:36:51","servicenow-incidents-000001"
"2026-05-25 00:41:54","servicenow-incidents-000001"
"2026-05-22 22:32:35","servicenow-incidents-000001"
"2026-05-25 04:55:13","servicenow-incidents-000001"
"2026-05-18 16:09:50","servicenow-incidents-000001"
"2026-05-25 02:31:13","servicenow-incidents-000001"
"2026-05-25 05:32:47","servicenow-incidents-000001"
"2026-05-23 22:58:06","servicenow-incidents-000001"
"2026-05-25 04:55:20","servicenow-incidents-000001"
"2026-05-25 01:00:55","servicenow-incidents-000001"
"2026-05-22 22:03:19","servicenow-incidents-000001"
"2026-05-25 00:42:33","servicenow-incidents-000001"
"2026-05-25 04:13:32","servicenow-incidents-000001"
"2026-05-20 11:10:45","servicenow-incidents-000001"
"2026-05-20 15:15:55","servicenow-incidents-000001"
"2026-05-25 04:00:14","servicenow-incidents-000001"
"2026-05-19 12:29:08","servicenow-incidents-000001"
"2026-05-19 11:38:29","servicenow-incidents-000001"
"2026-05-21 13:39:28","servicenow-incidents-000001"
"2026-05-21 15:50:25","servicenow-incidents-000001"
"2026-05-21 12:38:14","servicenow-incidents-000001"
"2026-05-20 13:03:23","servicenow-incidents-000001"
"2026-05-21 15:16:11","servicenow-incidents-000001"
"2026-05-20 12:19:54","servicenow-incidents-000001"
"2026-05-15 16:45:56","servicenow-incidents-000001"
"2026-05-25 02:40:06","servicenow-incidents-000001"
"2026-05-25 03:15:19","servicenow-incidents-000001"
"2026-05-25 03:40:24","servicenow-incidents-000001"
"2026-05-24 22:10:03","servicenow-incidents-000001"
"2026-05-21 16:16:54","servicenow-incidents-000001"
"2026-05-24 08:34:57","servicenow-incidents-000001"
"2026-05-22 09:08:36","servicenow-incidents-000001"
"2026-05-24 04:18:58","servicenow-incidents-000001"
"2026-05-14 09:10:21","servicenow-incidents-000001"
"2026-05-25 02:40:06","servicenow-incidents-000001"
"2026-05-18 15:28:25","servicenow-incidents-000001"
"2026-05-24 23:33:44","servicenow-incidents-000001"
"2026-05-18 09:51:51","servicenow-incidents-000001"
"2026-05-24 21:53:09","servicenow-incidents-000001"
"2026-05-25 01:05:08","servicenow-incidents-000001"
"2026-05-24 11:55:56","servicenow-incidents-000001"
"2026-05-18 02:05:26","servicenow-incidents-000001"
"2026-05-25 01:49:03","servicenow-incidents-000001"
"2026-05-23 19:44:12","servicenow-incidents-000001"
"2026-05-24 22:15:01","servicenow-incidents-000001"
"2026-05-20 04:54:19","servicenow-incidents-000001"
"2026-05-24 13:15:06","servicenow-incidents-000001"
"2026-05-24 13:15:05","servicenow-incidents-000001"
"2026-05-22 23:08:34","servicenow-incidents-000001"
"2026-05-20 12:22:25","servicenow-incidents-000001"
"2026-05-21 12:23:16","servicenow-incidents-000001"
"2026-05-25 01:55:01","servicenow-incidents-000001"
"2026-05-24 16:55:06","servicenow-incidents-000001"
"2026-05-24 13:45:09","servicenow-incidents-000001"
"2026-05-23 10:50:59","servicenow-incidents-000001"
"2026-05-25 01:27:58","servicenow-incidents-000001"
"2026-05-24 23:27:33","servicenow-incidents-000001"
"2026-05-25 01:06:23","servicenow-incidents-000001"
"2026-05-21 14:34:31","servicenow-incidents-000001"
"2026-05-25 01:13:59","servicenow-incidents-000001"
"2026-05-25 01:10:25","servicenow-incidents-000001"
"2026-05-22 10:23:31","servicenow-incidents-000001"
"2026-05-22 05:02:05","servicenow-incidents-000001"
"2026-05-18 16:31:33","servicenow-incidents-000001"
"2026-05-24 13:45:09","servicenow-incidents-000001"
"2026-05-24 13:15:05","servicenow-incidents-000001"
"2026-05-24 22:05:06","servicenow-incidents-000001"
"2026-05-21 11:45:47","servicenow-incidents-000001"
"2026-05-18 20:47:21","servicenow-incidents-000001"
"2026-04-29 10:03:30","servicenow-incidents-000001"
"2026-05-25 00:02:32","servicenow-incidents-000001"
"2026-05-23 18:05:02","servicenow-incidents-000001"
"2026-05-25 00:21:57","servicenow-incidents-000001"
"2026-05-23 19:04:59","servicenow-incidents-000001"
"2026-05-24 18:56:58","servicenow-incidents-000001"
"2026-05-24 21:17:37","servicenow-incidents-000001"
"2026-05-25 00:15:10","servicenow-incidents-000001"
"2026-05-22 16:20:53","servicenow-incidents-000001"
"2026-05-22 14:03:23","servicenow-incidents-000001"
"2026-05-22 00:13:44","servicenow-incidents-000001"
"2026-05-22 02:08:19","servicenow-incidents-000001"
"2026-05-21 14:05:04","servicenow-incidents-000001"
"2026-05-24 22:11:34","servicenow-incidents-000001"
"2026-05-24 23:00:30","servicenow-incidents-000001"
"2026-05-22 19:31:38","servicenow-incidents-000001"
"2026-05-22 18:04:08","servicenow-incidents-000001"
"2026-05-05 10:48:04","servicenow-incidents-000001"
"2026-05-22 19:06:14","servicenow-incidents-000001"
"2026-05-24 00:45:17","servicenow-incidents-000001"
"2026-05-24 22:45:21","servicenow-incidents-000001"
"2026-05-24 22:30:24","servicenow-incidents-000001"
"2026-05-24 22:20:27","servicenow-incidents-000001"
"2026-05-21 14:32:32","servicenow-incidents-000001"
"2026-05-24 21:01:27","servicenow-incidents-000001"
"2026-05-24 14:10:06","servicenow-incidents-000001"
"2026-05-24 22:05:23","servicenow-incidents-000001"
"2026-05-24 20:20:15","servicenow-incidents-000001"
"2026-05-21 22:01:29","servicenow-incidents-000001"
"2026-05-24 21:15:22","servicenow-incidents-000001"
"2026-05-24 21:40:16","servicenow-incidents-000001"
"2026-05-24 21:25:06","servicenow-incidents-000001"
"2026-05-23 21:09:04","servicenow-incidents-000001"
"2026-05-23 22:11:07","servicenow-incidents-000001"
"2026-05-24 03:13:12","servicenow-incidents-000001"
"2026-05-24 20:30:26","servicenow-incidents-000001"
"2026-05-17 20:15:26","servicenow-incidents-000001"
"2026-05-17 20:15:26","servicenow-incidents-000001"
"2026-05-17 20:15:15","servicenow-incidents-000001"
"2026-05-24 13:00:20","servicenow-incidents-000001"
"2026-05-24 20:07:20","servicenow-incidents-000001"
"2026-05-24 22:20:27","servicenow-incidents-000001"
"2026-05-24 19:35:22","servicenow-incidents-000001"
"2026-05-24 17:11:06","servicenow-incidents-000001"
"2026-05-24 06:25:11","servicenow-incidents-000001"
"2026-05-18 02:42:36","servicenow-incidents-000001"
"2026-05-24 18:10:22","servicenow-incidents-000001"
"2026-05-23 15:06:02","servicenow-incidents-000001"
"2026-05-24 14:30:32","servicenow-incidents-000001"
"2026-05-24 05:50:10","servicenow-incidents-000001"
"2026-05-24 05:50:10","servicenow-incidents-000001"
"2026-05-24 05:50:10","servicenow-incidents-000001"
"2026-05-21 14:41:24","servicenow-incidents-000001"
"2026-05-24 15:00:28","servicenow-incidents-000001"
"2026-05-15 00:45:14","servicenow-incidents-000001"
"2026-05-27 13:05:42","servicenow-incidents-000001"
"2026-05-22 09:22:59","servicenow-incidents-000001"
"2026-05-22 10:21:33","servicenow-incidents-000001"
"2026-05-14 14:23:17","servicenow-incidents-000001"
"2026-05-22 04:43:43","servicenow-incidents-000001"
"2026-05-18 15:41:09","servicenow-incidents-000001"
"2026-05-22 10:55:51","servicenow-incidents-000001"
"2026-05-13 15:20:38","servicenow-incidents-000001"
"2026-05-21 21:34:20","servicenow-incidents-000001"
"2026-05-20 15:28:09","servicenow-incidents-000001"
"2026-05-22 04:05:38","servicenow-incidents-000001"
"2026-05-21 20:11:11","servicenow-incidents-000001"
"2026-05-21 15:23:04","servicenow-incidents-000001"
"2026-05-22 12:04:33","servicenow-incidents-000001"
"2026-05-21 12:15:59","servicenow-incidents-000001"
"2026-05-22 12:00:01","servicenow-incidents-000001"
"2026-05-19 01:54:05","servicenow-incidents-000001"
"2026-05-21 14:03:24","servicenow-incidents-000001"
"2026-05-14 11:39:00","servicenow-incidents-000001"
"2026-05-21 13:10:00","servicenow-incidents-000001"
"2026-05-21 13:40:54","servicenow-incidents-000001"
"2026-05-18 12:23:53","servicenow-incidents-000001"
"2026-05-12 14:35:58","servicenow-incidents-000001"
"2026-05-22 08:38:46","servicenow-incidents-000001"
"2026-05-22 09:27:42","servicenow-incidents-000001"
"2026-05-20 09:27:50","servicenow-incidents-000001"
"2026-05-19 17:42:36","servicenow-incidents-000001"
"2026-05-20 17:26:20","servicenow-incidents-000001"
"2026-05-22 07:25:25","servicenow-incidents-000001"
"2026-05-19 08:38:39","servicenow-incidents-000001"
"2026-05-20 08:55:47","servicenow-incidents-000001"
"2026-05-20 13:04:38","servicenow-incidents-000001"
"2026-05-27 10:37:06","servicenow-incidents-000001"
"2026-05-27 10:48:00","servicenow-incidents-000001"
"2026-05-20 12:08:54","servicenow-incidents-000001"
"2026-05-21 08:49:45","servicenow-incidents-000001"
"2026-05-21 09:59:52","servicenow-incidents-000001"
"2026-05-12 06:15:22","servicenow-incidents-000001"
"2026-05-20 08:52:19","servicenow-incidents-000001"
"2026-05-20 11:57:52","servicenow-incidents-000001"
"2026-05-22 08:19:25","servicenow-incidents-000001"
"2026-05-19 10:53:16","servicenow-incidents-000001"
"2026-05-12 08:42:58","servicenow-incidents-000001"
"2026-05-18 15:15:04","servicenow-incidents-000001"
"2026-05-20 16:09:24","servicenow-incidents-000001"
"2026-05-21 17:29:40","servicenow-incidents-000001"
"2026-05-20 20:40:20","servicenow-incidents-000001"
"2026-05-22 07:10:05","servicenow-incidents-000001"
"2026-05-14 10:02:42","servicenow-incidents-000001"
"2026-05-20 11:55:17","servicenow-incidents-000001"
"2026-05-20 09:20:19","servicenow-incidents-000001"
"2026-05-22 07:15:12","servicenow-incidents-000001"
"2026-05-21 12:39:55","servicenow-incidents-000001"
"2026-05-22 09:23:09","servicenow-incidents-000001"
"2026-05-22 03:05:43","servicenow-incidents-000001"
"2026-05-21 12:51:32","servicenow-incidents-000001"
"2026-05-21 23:47:29","servicenow-incidents-000001"
"2026-05-22 10:41:13","servicenow-incidents-000001"
"2026-05-21 13:03:51","servicenow-incidents-000001"
"2026-05-22 08:24:54","servicenow-incidents-000001"
"2026-05-20 10:40:04","servicenow-incidents-000001"
"2026-05-19 14:48:40","servicenow-incidents-000001"
"2026-05-22 09:59:13","servicenow-incidents-000001"
"2026-05-21 11:22:49","servicenow-incidents-000001"
"2026-05-21 15:40:39","servicenow-incidents-000001"
"2026-05-22 10:01:06","servicenow-incidents-000001"
"2026-05-20 02:16:51","servicenow-incidents-000001"
"2026-05-21 14:20:18","servicenow-incidents-000001"
"2026-05-22 10:45:08","servicenow-incidents-000001"
"2026-05-22 08:43:21","servicenow-incidents-000001"
"2026-05-22 11:11:51","servicenow-incidents-000001"
"2026-05-22 11:24:07","servicenow-incidents-000001"
"2026-05-19 00:16:16","servicenow-incidents-000001"
"2026-05-20 23:19:21","servicenow-incidents-000001"
"2026-05-22 01:10:43","servicenow-incidents-000001"
"2026-05-20 08:50:18","servicenow-incidents-000001"
"2026-05-20 04:50:01","servicenow-incidents-000001"
"2026-05-19 08:20:40","servicenow-incidents-000001"
"2026-05-20 13:08:08","servicenow-incidents-000001"
"2026-05-22 10:42:52","servicenow-incidents-000001"
"2026-05-19 07:38:18","servicenow-incidents-000001"
"2026-05-22 10:39:38","servicenow-incidents-000001"
"2026-05-22 08:45:21","servicenow-incidents-000001"
"2026-05-12 12:55:16","servicenow-incidents-000001"
"2026-05-20 09:59:13","servicenow-incidents-000001"
"2026-05-20 11:30:39","servicenow-incidents-000001"
"2026-05-22 10:29:46","servicenow-incidents-000001"
"2026-05-19 10:57:16","servicenow-incidents-000001"
"2026-05-14 14:54:12","servicenow-incidents-000001"
"2026-05-20 07:37:49","servicenow-incidents-000001"
"2026-05-22 09:49:20","servicenow-incidents-000001"
"2026-05-07 11:36:41","servicenow-incidents-000001"
"2026-05-20 09:50:15","servicenow-incidents-000001"
"2026-05-18 15:51:10","servicenow-incidents-000001"
"2026-05-22 09:29:08","servicenow-incidents-000001"
"2026-05-21 14:24:17","servicenow-incidents-000001"
"2026-05-15 08:44:43","servicenow-incidents-000001"
"2026-05-22 10:37:34","servicenow-incidents-000001"
"2026-05-22 10:34:27","servicenow-incidents-000001"
"2026-05-20 14:42:07","servicenow-incidents-000001"
"2026-05-13 12:41:43","servicenow-incidents-000001"
"2026-05-13 13:50:37","servicenow-incidents-000001"
"2026-05-18 15:43:32","servicenow-incidents-000001"
"2026-05-15 17:25:01","servicenow-incidents-000001"
"2026-05-15 10:24:35","servicenow-incidents-000001"
"2026-05-27 07:54:55","servicenow-incidents-000001"
"2026-05-21 07:46:18","servicenow-incidents-000001"
"2026-05-12 12:14:00","servicenow-incidents-000001"
"2026-05-17 20:15:58","servicenow-incidents-000001"
"2026-05-22 05:23:08","servicenow-incidents-000001"
"2026-05-22 09:21:06","servicenow-incidents-000001"
"2026-05-20 07:58:40","servicenow-incidents-000001"
"2026-05-22 09:12:12","servicenow-incidents-000001"
"2026-05-20 11:03:06","servicenow-incidents-000001"
"2026-05-22 03:12:28","servicenow-incidents-000001"
"2026-05-22 09:30:05","servicenow-incidents-000001"
"2026-05-21 10:56:03","servicenow-incidents-000001"
"2026-05-22 08:43:22","servicenow-incidents-000001"
"2026-05-20 11:25:41","servicenow-incidents-000001"
"2026-05-20 10:46:12","servicenow-incidents-000001"
"2026-05-22 02:01:40","servicenow-incidents-000001"
"2026-05-19 10:05:44","servicenow-incidents-000001"
"2026-05-21 15:11:52","servicenow-incidents-000001"
"2026-05-20 10:28:09","servicenow-incidents-000001"
"2026-05-22 08:57:20","servicenow-incidents-000001"
"2026-05-20 10:42:18","servicenow-incidents-000001"
"2026-05-22 01:55:51","servicenow-incidents-000001"
"2026-05-20 06:36:11","servicenow-incidents-000001"
"2026-05-22 08:54:03","servicenow-incidents-000001"
"2026-05-21 15:34:39","servicenow-incidents-000001"
"2026-05-22 08:58:08","servicenow-incidents-000001"
"2026-05-20 14:53:04","servicenow-incidents-000001"
"2026-05-22 03:10:50","servicenow-incidents-000001"
"2026-05-20 19:07:17","servicenow-incidents-000001"
"2026-05-21 13:48:55","servicenow-incidents-000001"
"2026-05-21 19:57:47","servicenow-incidents-000001"
"2026-05-07 15:02:42","servicenow-incidents-000001"
"2026-05-22 08:56:50","servicenow-incidents-000001"
"2026-05-15 15:15:28","servicenow-incidents-000001"
"2026-05-22 07:05:08","servicenow-incidents-000001"
"2026-05-20 14:00:14","servicenow-incidents-000001"
"2026-05-15 12:46:27","servicenow-incidents-000001"
"2026-05-14 10:27:35","servicenow-incidents-000001"
"2026-05-21 00:16:23","servicenow-incidents-000001"
"2026-05-14 13:29:11","servicenow-incidents-000001"
"2026-05-21 06:16:43","servicenow-incidents-000001"
"2026-05-21 06:30:02","servicenow-incidents-000001"
"2026-05-21 06:10:20","servicenow-incidents-000001"
"2026-05-18 10:57:29","servicenow-incidents-000001"
"2026-05-14 12:43:53","servicenow-incidents-000001"
"2026-05-15 14:43:49","servicenow-incidents-000001"
"2026-05-21 13:55:52","servicenow-incidents-000001"
"2026-05-21 04:22:49","servicenow-incidents-000001"
"2026-05-21 02:02:10","servicenow-incidents-000001"
"2026-05-20 15:30:44","servicenow-incidents-000001"
"2026-05-20 20:31:11","servicenow-incidents-000001"
"2026-05-18 12:02:22","servicenow-incidents-000001"
"2026-05-21 00:54:55","servicenow-incidents-000001"
"2026-05-20 14:05:07","servicenow-incidents-000001"
"2026-05-20 10:43:36","servicenow-incidents-000001"
"2026-05-19 11:56:48","servicenow-incidents-000001"
"2026-05-19 16:21:49","servicenow-incidents-000001"
"2026-05-20 07:42:46","servicenow-incidents-000001"
"2026-05-18 12:13:39","servicenow-incidents-000001"
"2026-05-22 08:05:12","servicenow-incidents-000001"
"2026-05-21 09:19:44","servicenow-incidents-000001"
"2026-05-22 08:23:19","servicenow-incidents-000001"
"2026-05-21 14:13:36","servicenow-incidents-000001"
"2026-05-22 08:09:25","servicenow-incidents-000001"
"2026-05-20 18:48:05","servicenow-incidents-000001"
"2026-05-22 07:57:53","servicenow-incidents-000001"
"2026-05-22 08:30:06","servicenow-incidents-000001"
"2026-05-22 08:15:06","servicenow-incidents-000001"
"2026-05-22 08:13:58","servicenow-incidents-000001"
"2026-05-18 06:01:00","servicenow-incidents-000001"
"2026-05-21 14:57:26","servicenow-incidents-000001"
"2026-05-18 15:19:44","servicenow-incidents-000001"
"2026-05-15 02:04:38","servicenow-incidents-000001"
"2026-05-22 08:09:30","servicenow-incidents-000001"
"2026-05-21 10:46:36","servicenow-incidents-000001"
"2026-05-22 07:40:30","servicenow-incidents-000001"
"2026-05-22 08:04:25","servicenow-incidents-000001"
"2026-05-22 07:08:53","servicenow-incidents-000001"
"2026-05-22 07:06:23","servicenow-incidents-000001"
"2026-05-22 07:40:28","servicenow-incidents-000001"
"2026-05-20 11:28:46","servicenow-incidents-000001"
"2026-05-12 11:11:07","servicenow-incidents-000001"
"2026-05-11 08:56:44","servicenow-incidents-000001"
"2026-05-21 17:19:39","servicenow-incidents-000001"
"2026-05-19 12:21:27","servicenow-incidents-000001"
"2026-05-22 07:44:52","servicenow-incidents-000001"
"2026-05-21 15:01:48","servicenow-incidents-000001"
"2026-05-27 05:45:52","servicenow-incidents-000001"
"2026-05-22 07:24:34","servicenow-incidents-000001"
"2026-05-21 16:36:01","servicenow-incidents-000001"
"2026-05-22 05:42:31","servicenow-incidents-000001"
"2026-05-13 10:36:52","servicenow-incidents-000001"
"2026-05-18 09:44:25","servicenow-incidents-000001"
"2026-05-22 01:57:27","servicenow-incidents-000001"
"2026-05-21 14:51:50","servicenow-incidents-000001"
"2026-05-21 11:17:20","servicenow-incidents-000001"
"2026-05-22 07:35:52","servicenow-incidents-000001"
"2026-05-14 06:48:14","servicenow-incidents-000001"
"2026-05-22 01:50:21","servicenow-incidents-000001"
"2026-05-22 00:29:57","servicenow-incidents-000001"
"2026-05-19 03:05:25","servicenow-incidents-000001"
"2026-05-22 06:25:28","servicenow-incidents-000001"
"2026-05-22 05:49:44","servicenow-incidents-000001"
"2026-05-19 14:40:34","servicenow-incidents-000001"
"2026-05-22 06:25:32","servicenow-incidents-000001"
"2026-05-22 06:25:28","servicenow-incidents-000001"
"2026-05-22 04:06:20","servicenow-incidents-000001"
"2026-05-22 05:00:58","servicenow-incidents-000001"
"2026-05-21 14:20:12","servicenow-incidents-000001"
"2026-05-22 06:30:08","servicenow-incidents-000001"
"2026-05-21 06:04:56","servicenow-incidents-000001"
"2026-05-21 08:43:43","servicenow-incidents-000001"
"2026-05-22 06:30:07","servicenow-incidents-000001"
"2026-05-06 21:12:32","servicenow-incidents-000001"
"2026-05-01 03:30:07","servicenow-incidents-000001"
"2026-05-05 02:34:16","servicenow-incidents-000001"
"2026-05-21 06:30:03","servicenow-incidents-000001"
"2026-05-20 06:29:35","servicenow-incidents-000001"
"2026-05-20 06:29:35","servicenow-incidents-000001"
"2026-05-19 07:51:14","servicenow-incidents-000001"
"2026-05-22 06:23:49","servicenow-incidents-000001"
"2026-05-22 01:21:33","servicenow-incidents-000001"
"2026-05-22 01:08:52","servicenow-incidents-000001"
"2026-05-19 10:06:51","servicenow-incidents-000001"
"2026-05-21 07:21:04","servicenow-incidents-000001"
"2026-05-20 13:02:16","servicenow-incidents-000001"
"2026-05-22 05:22:39","servicenow-incidents-000001"
"2026-05-22 03:34:18","servicenow-incidents-000001"
"2026-04-23 08:54:57","servicenow-incidents-000001"
"2026-05-21 12:15:06","servicenow-incidents-000001"
"2026-05-21 19:30:07","servicenow-incidents-000001"
"2026-05-08 02:27:21","servicenow-incidents-000001"
"2026-05-18 04:40:10","servicenow-incidents-000001"
"2026-05-22 04:39:24","servicenow-incidents-000001"
"2026-05-19 04:37:37","servicenow-incidents-000001"
"2026-05-21 19:34:51","servicenow-incidents-000001"
"2026-05-13 10:20:13","servicenow-incidents-000001"
"2026-05-20 02:34:33","servicenow-incidents-000001"
"2026-05-21 09:33:23","servicenow-incidents-000001"
"2026-05-21 16:09:21","servicenow-incidents-000001"
"2026-05-19 13:40:37","servicenow-incidents-000001"
"2026-05-20 02:03:08","servicenow-incidents-000001"
"2026-05-19 02:46:53","servicenow-incidents-000001"
"2026-05-22 04:26:05","servicenow-incidents-000001"
"2026-05-14 12:37:20","servicenow-incidents-000001"
"2026-05-15 10:42:41","servicenow-incidents-000001"
"2026-05-21 14:16:56","servicenow-incidents-000001"
"2026-05-22 00:24:30","servicenow-incidents-000001"
"2026-05-22 01:00:38","servicenow-incidents-000001"
"2026-05-21 14:25:44","servicenow-incidents-000001"
"2026-05-22 02:16:39","servicenow-incidents-000001"
"2026-05-21 09:12:38","servicenow-incidents-000001"
"2026-05-21 16:15:23","servicenow-incidents-000001"
"2026-05-20 19:53:36","servicenow-incidents-000001"
"2026-05-22 03:19:47","servicenow-incidents-000001"
"2026-05-21 16:22:33","servicenow-incidents-000001"
"2026-05-15 10:09:51","servicenow-incidents-000001"
"2026-05-15 12:27:20","servicenow-incidents-000001"
"2026-05-21 11:36:00","servicenow-incidents-000001"
"2026-05-21 20:55:19","servicenow-incidents-000001"
"2026-05-22 00:17:20","servicenow-incidents-000001"
"2026-05-18 11:24:56","servicenow-incidents-000001"
"2026-05-17 23:48:29","servicenow-incidents-000001"
"2026-05-22 02:21:45","servicenow-incidents-000001"
"2026-05-21 02:57:44","servicenow-incidents-000001"
"2026-05-21 12:55:52","servicenow-incidents-000001"
"2026-05-17 23:52:21","servicenow-incidents-000001"
"2026-05-21 00:29:38","servicenow-incidents-000001"
"2026-05-22 02:10:37","servicenow-incidents-000001"
"2026-05-21 01:05:11","servicenow-incidents-000001"
"2026-05-22 02:23:12","servicenow-incidents-000001"
"2026-05-21 09:02:39","servicenow-incidents-000001"
"2026-05-22 02:13:31","servicenow-incidents-000001"
"2026-05-21 20:43:23","servicenow-incidents-000001"
"2026-05-01 16:19:49","servicenow-incidents-000001"
"2026-05-21 19:59:13","servicenow-incidents-000001"
"2026-05-19 00:42:00","servicenow-incidents-000001"
"2026-05-22 02:59:19","servicenow-incidents-000001"
"2026-05-21 21:41:59","servicenow-incidents-000001"
"2026-05-18 09:56:47","servicenow-incidents-000001"
"2026-05-21 12:03:17","servicenow-incidents-000001"
"2026-05-18 01:38:23","servicenow-incidents-000001"
"2026-05-15 10:53:08","servicenow-incidents-000001"
"2026-05-21 06:24:28","servicenow-incidents-000001"
"2026-05-18 11:46:48","servicenow-incidents-000001"
"2026-05-21 21:19:24","servicenow-incidents-000001"
"2026-05-14 04:16:47","servicenow-incidents-000001"
"2026-05-21 20:27:42","servicenow-incidents-000001"
"2026-05-21 23:35:14","servicenow-incidents-000001"
"2026-05-22 00:24:35","servicenow-incidents-000001"
"2026-05-06 10:06:03","servicenow-incidents-000001"
"2026-05-15 01:09:26","servicenow-incidents-000001"
"2026-05-21 20:52:00","servicenow-incidents-000001"
"2026-05-05 04:48:28","servicenow-incidents-000001"
"2026-05-20 11:04:40","servicenow-incidents-000001"
"2026-05-21 23:48:51","servicenow-incidents-000001"
"2026-05-18 17:52:32","servicenow-incidents-000001"
"2026-05-15 10:45:27","servicenow-incidents-000001"
"2026-05-21 17:07:43","servicenow-incidents-000001"
"2026-05-21 21:13:33","servicenow-incidents-000001"
"2026-05-20 09:43:41","servicenow-incidents-000001"
"2026-05-21 02:43:38","servicenow-incidents-000001"
"2026-05-15 11:01:06","servicenow-incidents-000001"
"2026-05-20 08:54:04","servicenow-incidents-000001"
"2026-05-20 02:14:02","servicenow-incidents-000001"
"2026-05-20 15:36:07","servicenow-incidents-000001"
"2026-05-21 07:45:23","servicenow-incidents-000001"
"2026-05-21 21:22:51","servicenow-incidents-000001"
"2026-05-17 22:59:07","servicenow-incidents-000001"
"2026-05-21 22:10:10","servicenow-incidents-000001"
"2026-05-17 22:48:48","servicenow-incidents-000001"
"2026-05-17 22:23:17","servicenow-incidents-000001"
"2026-05-14 14:52:59","servicenow-incidents-000001"
"2026-05-21 16:09:48","servicenow-incidents-000001"
"2026-05-19 17:32:16","servicenow-incidents-000001"
"2026-05-21 08:35:05","servicenow-incidents-000001"
"2026-05-21 11:35:08","servicenow-incidents-000001"
"2026-05-21 20:13:56","servicenow-incidents-000001"
"2026-05-21 19:07:02","servicenow-incidents-000001"
"2026-05-21 19:43:21","servicenow-incidents-000001"
"2026-05-21 18:09:37","servicenow-incidents-000001"
"2026-05-21 21:54:14","servicenow-incidents-000001"
"2026-05-21 19:05:13","servicenow-incidents-000001"
"2026-05-21 19:03:44","servicenow-incidents-000001"
"2026-05-21 19:00:01","servicenow-incidents-000001"
"2026-05-21 18:19:31","servicenow-incidents-000001"
"2026-05-21 17:44:08","servicenow-incidents-000001"
"2026-05-20 13:48:06","servicenow-incidents-000001"
"2026-03-23 12:11:54","servicenow-incidents-000001"
"2026-05-21 18:24:52","servicenow-incidents-000001"
"2026-05-21 22:30:10","servicenow-incidents-000001"
"2026-05-14 09:25:00","servicenow-incidents-000001"
"2026-05-11 14:35:17","servicenow-incidents-000001"
"2026-05-14 13:12:51","servicenow-incidents-000001"
"2026-05-21 14:05:50","servicenow-incidents-000001"
"2026-05-21 18:05:04","servicenow-incidents-000001"
"2026-05-20 16:08:05","servicenow-incidents-000001"
"2026-05-19 12:21:06","servicenow-incidents-000001"
"2026-05-21 18:04:38","servicenow-incidents-000001"
"2026-05-19 07:18:13","servicenow-incidents-000001"
"2026-05-21 15:43:44","servicenow-incidents-000001"
"2026-05-11 08:59:48","servicenow-incidents-000001"
"2026-05-20 00:04:38","servicenow-incidents-000001"
"2026-05-21 08:49:13","servicenow-incidents-000001"
"2026-05-19 14:16:59","servicenow-incidents-000001"
"2026-05-19 16:44:36","servicenow-incidents-000001"
"2026-05-19 16:47:02","servicenow-incidents-000001"
"2026-05-21 15:21:02","servicenow-incidents-000001"
"2026-05-21 15:17:40","servicenow-incidents-000001"
"2026-05-21 15:06:33","servicenow-incidents-000001"
"2026-05-21 16:41:44","servicenow-incidents-000001"
"2026-05-18 17:32:39","servicenow-incidents-000001"
"2026-05-21 16:57:54","servicenow-incidents-000001"
"2026-05-21 10:07:24","servicenow-incidents-000001"
"2026-05-26 15:20:40","servicenow-incidents-000001"
"2026-05-20 02:48:48","servicenow-incidents-000001"
"2026-05-27 05:28:23","servicenow-incidents-000001"
"2026-05-27 06:57:18","servicenow-incidents-000001"
"2026-05-27 04:20:51","servicenow-incidents-000001"
"2026-02-27 06:10:58","servicenow-incidents-000001"
"2026-05-26 09:54:05","servicenow-incidents-000001"
"2026-05-19 01:08:04","servicenow-incidents-000001"
"2026-03-26 04:02:45","servicenow-incidents-000001"
"2026-04-17 04:02:33","servicenow-incidents-000001"
"2026-04-17 04:02:55","servicenow-incidents-000001"
"2026-03-26 04:03:07","servicenow-incidents-000001"
"2026-04-17 04:02:33","servicenow-incidents-000001"
"2026-04-17 04:02:45","servicenow-incidents-000001"
"2026-05-27 01:55:48","servicenow-incidents-000001"
"2026-05-26 09:42:55","servicenow-incidents-000001"
"2026-05-14 13:16:11","servicenow-incidents-000001"
"2026-05-21 15:51:44","servicenow-incidents-000001"
"2026-05-21 09:20:16","servicenow-incidents-000001"
"2026-05-21 08:22:34","servicenow-incidents-000001"
"2026-05-21 07:39:59","servicenow-incidents-000001"
"2026-05-19 13:51:59","servicenow-incidents-000001"
"2026-05-21 11:55:25","servicenow-incidents-000001"
"2026-05-21 12:50:51","servicenow-incidents-000001"
"2026-05-21 04:49:18","servicenow-incidents-000001"
"2026-05-21 09:19:31","servicenow-incidents-000001"
"2026-05-20 09:19:15","servicenow-incidents-000001"
"2026-05-20 13:38:13","servicenow-incidents-000001"
"2026-05-21 15:54:07","servicenow-incidents-000001"
"2026-05-21 12:55:39","servicenow-incidents-000001"
"2026-05-21 14:02:19","servicenow-incidents-000001"
"2026-05-21 14:04:43","servicenow-incidents-000001"
"2026-05-21 13:50:34","servicenow-incidents-000001"
"2026-05-21 13:58:42","servicenow-incidents-000001"
"2026-05-21 13:59:23","servicenow-incidents-000001"
"2026-05-21 14:01:55","servicenow-incidents-000001"
"2026-05-21 15:24:42","servicenow-incidents-000001"
"2026-05-20 07:45:23","servicenow-incidents-000001"
"2026-05-21 15:45:32","servicenow-incidents-000001"
"2026-05-21 14:02:07","servicenow-incidents-000001"
"2026-05-21 14:03:03","servicenow-incidents-000001"
"2026-05-21 15:24:22","servicenow-incidents-000001"
"2026-05-21 14:00:41","servicenow-incidents-000001"
"2026-05-20 12:52:47","servicenow-incidents-000001"
"2026-05-21 13:51:08","servicenow-incidents-000001"
"2026-05-14 11:17:10","servicenow-incidents-000001"
"2026-05-21 15:31:51","servicenow-incidents-000001"
"2026-05-18 09:37:19","servicenow-incidents-000001"
"2026-05-21 12:55:54","servicenow-incidents-000001"
"2026-05-14 15:14:57","servicenow-incidents-000001"
"2026-05-21 14:07:58","servicenow-incidents-000001"
"2026-05-21 14:08:42","servicenow-incidents-000001"
"2026-05-18 08:41:13","servicenow-incidents-000001"
"2026-05-19 16:23:20","servicenow-incidents-000001"
"2026-05-21 14:07:23","servicenow-incidents-000001"
"2026-05-14 12:17:57","servicenow-incidents-000001"
"2026-05-18 12:07:02","servicenow-incidents-000001"
"2026-05-20 14:39:36","servicenow-incidents-000001"
"2026-05-21 14:07:53","servicenow-incidents-000001"
"2026-05-20 13:53:59","servicenow-incidents-000001"
"2026-05-21 14:07:43","servicenow-incidents-000001"
"2026-05-21 15:09:44","servicenow-incidents-000001"
"2026-05-21 15:09:27","servicenow-incidents-000001"
"2026-05-21 14:08:43","servicenow-incidents-000001"
"2026-05-21 15:12:12","servicenow-incidents-000001"
"2026-05-20 12:51:27","servicenow-incidents-000001"
"2026-05-21 15:27:01","servicenow-incidents-000001"
"2026-05-21 14:14:50","servicenow-incidents-000001"
"2026-05-21 14:03:54","servicenow-incidents-000001"
"2026-05-21 14:04:37","servicenow-incidents-000001"
"2026-05-21 14:06:56","servicenow-incidents-000001"
"2026-05-21 14:01:21","servicenow-incidents-000001"
"2026-05-19 14:51:54","servicenow-incidents-000001"
"2026-05-21 14:39:15","servicenow-incidents-000001"
"2026-05-21 04:09:18","servicenow-incidents-000001"
"2026-05-18 14:55:33","servicenow-incidents-000001"
"2026-05-21 14:47:04","servicenow-incidents-000001"
"2026-05-21 14:43:54","servicenow-incidents-000001"
"2026-05-21 15:42:07","servicenow-incidents-000001"
"2026-05-21 14:03:27","servicenow-incidents-000001"
"2026-05-21 13:33:51","servicenow-incidents-000001"
"2026-05-22 10:44:57","servicenow-incidents-000001"
"2026-05-20 13:44:47","servicenow-incidents-000001"
"2026-05-21 01:23:52","servicenow-incidents-000001"
"2026-05-19 18:53:32","servicenow-incidents-000001"
"2026-05-19 14:42:11","servicenow-incidents-000001"
"2026-05-21 14:31:24","servicenow-incidents-000001"
"2026-05-18 14:52:30","servicenow-incidents-000001"
"2026-05-21 14:16:22","servicenow-incidents-000001"
"2026-05-21 08:05:17","servicenow-incidents-000001"
"2026-05-21 14:23:50","servicenow-incidents-000001"
"2026-05-21 12:13:21","servicenow-incidents-000001"
"2026-05-19 13:14:44","servicenow-incidents-000001"
"2026-05-21 11:32:59","servicenow-incidents-000001"
"2026-05-21 14:00:28","servicenow-incidents-000001"
"2026-05-18 14:42:47","servicenow-incidents-000001"
"2026-05-21 14:02:56","servicenow-incidents-000001"
"2026-05-21 12:12:22","servicenow-incidents-000001"
"2026-05-18 11:24:48","servicenow-incidents-000001"
"2026-05-21 14:00:22","servicenow-incidents-000001"
"2026-05-21 12:47:46","servicenow-incidents-000001"
"2026-05-21 13:50:34","servicenow-incidents-000001"
"2026-05-21 11:01:17","servicenow-incidents-000001"
"2026-05-26 10:40:24","servicenow-incidents-000001"
"2026-05-19 14:47:47","servicenow-incidents-000001"
"2026-05-21 07:18:22","servicenow-incidents-000001"
"2026-05-21 09:40:36","servicenow-incidents-000001"
"2026-05-21 08:55:43","servicenow-incidents-000001"
"2026-05-19 14:46:38","servicenow-incidents-000001"
"2026-05-19 14:40:49","servicenow-incidents-000001"
"2026-05-18 12:19:44","servicenow-incidents-000001"
"2026-05-21 13:04:23","servicenow-incidents-000001"
"2026-05-21 11:01:56","servicenow-incidents-000001"
"2026-05-21 11:21:52","servicenow-incidents-000001"
"2026-05-21 10:58:49","servicenow-incidents-000001"
"2026-05-20 10:33:56","servicenow-incidents-000001"
"2026-05-18 11:45:36","servicenow-incidents-000001"
"2026-05-19 17:42:48","servicenow-incidents-000001"
"2026-05-21 12:34:57","servicenow-incidents-000001"
"2026-05-21 12:51:02","servicenow-incidents-000001"
"2026-05-08 11:12:14","servicenow-incidents-000001"
"2026-05-21 12:10:38","servicenow-incidents-000001"
"2026-05-21 13:23:22","servicenow-incidents-000001"
"2026-05-21 12:04:38","servicenow-incidents-000001"
"2026-05-19 20:03:31","servicenow-incidents-000001"
"2026-05-19 12:37:49","servicenow-incidents-000001"
"2026-05-21 06:25:14","servicenow-incidents-000001"
"2026-05-20 12:19:49","servicenow-incidents-000001"
"2026-05-21 07:38:00","servicenow-incidents-000001"
"2026-05-19 03:54:40","servicenow-incidents-000001"
"2026-05-12 09:49:16","servicenow-incidents-000001"
"2026-05-20 15:20:38","servicenow-incidents-000001"
"2026-05-15 16:40:20","servicenow-incidents-000001"
"2026-05-18 14:38:21","servicenow-incidents-000001"
"2026-05-20 09:13:21","servicenow-incidents-000001"
"2026-05-20 14:55:37","servicenow-incidents-000001"
"2026-05-18 18:55:02","servicenow-incidents-000001"
"2026-05-20 09:42:55","servicenow-incidents-000001"
"2026-05-18 08:00:46","servicenow-incidents-000001"
"2026-05-19 04:41:12","servicenow-incidents-000001"
"2026-05-19 08:49:58","servicenow-incidents-000001"
"2026-05-13 16:07:08","servicenow-incidents-000001"
"2026-05-20 15:15:48","servicenow-incidents-000001"
"2026-05-13 11:49:20","servicenow-incidents-000001"
"2026-05-21 12:01:37","servicenow-incidents-000001"
"2026-05-15 14:53:13","servicenow-incidents-000001"
"2026-05-06 15:57:33","servicenow-incidents-000001"
"2026-05-20 06:30:43","servicenow-incidents-000001"
"2026-05-21 11:50:27","servicenow-incidents-000001"
"2026-05-21 11:37:04","servicenow-incidents-000001"
"2026-05-21 08:56:53","servicenow-incidents-000001"
"2026-05-21 09:37:58","servicenow-incidents-000001"
"2026-05-21 06:03:35","servicenow-incidents-000001"
"2026-05-21 03:30:02","servicenow-incidents-000001"
"2026-05-20 14:19:54","servicenow-incidents-000001"
"2026-05-20 14:52:09","servicenow-incidents-000001"
"2026-05-13 10:36:17","servicenow-incidents-000001"
"2026-05-17 20:57:22","servicenow-incidents-000001"
"2026-05-16 02:12:08","servicenow-incidents-000001"
"2026-05-20 12:49:21","servicenow-incidents-000001"
"2026-05-21 09:31:47","servicenow-incidents-000001"
"2026-05-20 10:57:33","servicenow-incidents-000001"
"2026-05-21 09:35:44","servicenow-incidents-000001"
"2026-05-21 11:26:12","servicenow-incidents-000001"
"2026-05-05 17:22:16","servicenow-incidents-000001"
"2026-05-21 09:29:27","servicenow-incidents-000001"
"2026-05-21 11:14:36","servicenow-incidents-000001"
"2026-05-21 10:22:40","servicenow-incidents-000001"
"2026-05-21 09:33:48","servicenow-incidents-000001"
"2026-05-21 11:40:35","servicenow-incidents-000001"
"2026-05-21 11:10:43","servicenow-incidents-000001"
"2026-05-21 09:19:00","servicenow-incidents-000001"
"2026-05-19 14:00:31","servicenow-incidents-000001"
"2026-05-21 10:43:47","servicenow-incidents-000001"
"2026-05-21 10:50:19","servicenow-incidents-000001"
"2026-05-21 11:34:40","servicenow-incidents-000001"
"2026-05-20 16:08:50","servicenow-incidents-000001"
"2026-05-21 08:10:40","servicenow-incidents-000001"
"2026-05-21 10:56:08","servicenow-incidents-000001"
"2026-05-21 10:36:05","servicenow-incidents-000001"
"2026-05-26 11:18:43","servicenow-incidents-000001"
"2026-05-20 17:33:35","servicenow-incidents-000001"
"2026-05-21 10:54:59","servicenow-incidents-000001"
"2026-05-21 09:45:14","servicenow-incidents-000001"
"2026-05-20 15:07:24","servicenow-incidents-000001"
"2026-05-20 15:24:17","servicenow-incidents-000001"
"2026-05-21 07:27:23","servicenow-incidents-000001"
"2026-05-21 11:00:13","servicenow-incidents-000001"
"2026-05-19 14:00:01","servicenow-incidents-000001"
"2026-05-21 10:54:00","servicenow-incidents-000001"
"2026-05-19 15:49:13","servicenow-incidents-000001"
"2026-05-20 14:30:45","servicenow-incidents-000001"
"2026-05-16 07:49:20","servicenow-incidents-000001"
"2026-05-21 10:54:35","servicenow-incidents-000001"
"2026-05-19 13:27:07","servicenow-incidents-000001"
"2026-05-26 10:40:17","servicenow-incidents-000001"
"2026-05-21 10:24:51","servicenow-incidents-000001"
"2026-05-21 10:09:26","servicenow-incidents-000001"
"2026-05-21 08:26:31","servicenow-incidents-000001"
"2026-05-21 10:26:19","servicenow-incidents-000001"
"2026-05-21 09:27:21","servicenow-incidents-000001"
"2026-05-18 14:44:11","servicenow-incidents-000001"
"2026-05-04 15:02:34","servicenow-incidents-000001"
"2026-05-18 02:58:01","servicenow-incidents-000001"
"2026-05-21 10:14:40","servicenow-incidents-000001"
"2026-05-20 13:52:24","servicenow-incidents-000001"
"2026-05-21 09:00:21","servicenow-incidents-000001"
"2026-05-19 10:06:49","servicenow-incidents-000001"
"2026-05-20 23:14:08","servicenow-incidents-000001"
"2026-05-19 04:53:40","servicenow-incidents-000001"
"2026-05-21 09:32:01","servicenow-incidents-000001"
"2026-05-18 08:34:28","servicenow-incidents-000001"
"2026-05-12 15:14:05","servicenow-incidents-000001"
"2026-05-06 08:03:49","servicenow-incidents-000001"
"2026-05-13 11:22:11","servicenow-incidents-000001"
"2026-05-21 09:20:16","servicenow-incidents-000001"
"2026-05-21 09:54:22","servicenow-incidents-000001"
"2026-05-21 09:44:48","servicenow-incidents-000001"
"2026-05-18 10:15:33","servicenow-incidents-000001"
"2026-05-20 16:16:06","servicenow-incidents-000001"
"2026-05-19 10:13:28","servicenow-incidents-000001"
"2026-05-20 12:57:46","servicenow-incidents-000001"
"2026-05-19 08:27:58","servicenow-incidents-000001"
"2026-05-21 07:33:38","servicenow-incidents-000001"
"2026-05-21 07:15:59","servicenow-incidents-000001"
"2026-05-20 08:31:40","servicenow-incidents-000001"
"2026-05-21 02:39:07","servicenow-incidents-000001"
"2026-05-19 10:18:45","servicenow-incidents-000001"
"2026-05-18 11:58:01","servicenow-incidents-000001"
"2026-05-15 00:27:05","servicenow-incidents-000001"
"2026-05-20 17:11:02","servicenow-incidents-000001"
"2026-05-21 08:48:49","servicenow-incidents-000001"
"2026-05-21 10:36:04","servicenow-incidents-000001"
"2026-05-13 03:46:23","servicenow-incidents-000001"
"2026-05-20 06:20:50","servicenow-incidents-000001"
"2026-05-20 04:01:12","servicenow-incidents-000001"
"2026-05-21 10:18:36","servicenow-incidents-000001"
"2026-05-20 23:38:59","servicenow-incidents-000001"
"2026-05-20 13:53:36","servicenow-incidents-000001"
"2026-05-26 09:16:41","servicenow-incidents-000001"
"2026-05-19 13:30:54","servicenow-incidents-000001"
"2026-05-21 02:39:37","servicenow-incidents-000001"
"2026-05-21 02:40:07","servicenow-incidents-000001"
"2026-05-18 17:15:04","servicenow-incidents-000001"
"2026-05-21 08:26:19","servicenow-incidents-000001"
"2026-05-21 09:24:10","servicenow-incidents-000001"
"2026-05-18 09:05:16","servicenow-incidents-000001"
"2026-05-18 09:45:03","servicenow-incidents-000001"
"2026-05-20 09:14:46","servicenow-incidents-000001"
"2026-05-19 11:37:20","servicenow-incidents-000001"
"2026-05-20 06:44:01","servicenow-incidents-000001"
"2026-05-21 09:30:26","servicenow-incidents-000001"
"2026-05-20 12:35:03","servicenow-incidents-000001"
"2026-05-20 09:36:14","servicenow-incidents-000001"
"2026-05-21 08:36:55","servicenow-incidents-000001"
"2026-05-20 12:45:50","servicenow-incidents-000001"
"2026-05-20 12:24:10","servicenow-incidents-000001"
"2026-05-20 07:15:26","servicenow-incidents-000001"
"2026-05-20 14:06:17","servicenow-incidents-000001"
"2026-05-19 13:50:27","servicenow-incidents-000001"
"2026-05-21 09:01:38","servicenow-incidents-000001"
"2026-05-18 09:11:12","servicenow-incidents-000001"
"2026-05-21 07:11:08","servicenow-incidents-000001"
"2026-05-20 08:53:11","servicenow-incidents-000001"
"2026-05-21 08:52:45","servicenow-incidents-000001"
"2026-05-18 16:03:59","servicenow-incidents-000001"
"2026-05-21 08:48:05","servicenow-incidents-000001"
"2026-05-21 08:43:21","servicenow-incidents-000001"
"2026-05-21 08:47:35","servicenow-incidents-000001"
"2026-05-21 06:24:18","servicenow-incidents-000001"
"2026-05-19 08:55:01","servicenow-incidents-000001"
"2026-05-21 02:38:34","servicenow-incidents-000001"
"2026-05-21 01:05:10","servicenow-incidents-000001"
"2026-05-20 05:18:53","servicenow-incidents-000001"
"2026-05-18 09:11:01","servicenow-incidents-000001"
"2026-05-21 11:07:14","servicenow-incidents-000001"
"2026-05-20 09:24:49","servicenow-incidents-000001"
"2026-05-12 04:40:55","servicenow-incidents-000001"
"2026-05-20 08:17:11","servicenow-incidents-000001"
"2026-05-19 07:50:53","servicenow-incidents-000001"
"2026-05-20 16:52:41","servicenow-incidents-000001"
"2026-05-19 13:08:27","servicenow-incidents-000001"
"2026-05-21 01:04:01","servicenow-incidents-000001"
"2026-05-21 06:11:36","servicenow-incidents-000001"
"2026-05-13 14:17:00","servicenow-incidents-000001"
"2026-04-16 15:33:14","servicenow-incidents-000001"
"2026-05-21 08:12:24","servicenow-incidents-000001"
"2026-05-21 08:04:53","servicenow-incidents-000001"
"2026-05-21 07:39:21","servicenow-incidents-000001"
"2026-05-14 09:57:54","servicenow-incidents-000001"
"2026-05-15 10:46:24","servicenow-incidents-000001"
"2026-05-17 04:54:01","servicenow-incidents-000001"
"2026-05-21 08:09:18","servicenow-incidents-000001"
"2026-05-21 07:18:03","servicenow-incidents-000001"
"2026-05-18 13:00:40","servicenow-incidents-000001"
"2026-05-20 21:08:40","servicenow-incidents-000001"
"2026-05-20 13:00:14","servicenow-incidents-000001"
"2026-05-20 06:49:43","servicenow-incidents-000001"
"2026-05-18 09:43:51","servicenow-incidents-000001"
"2026-05-21 07:21:29","servicenow-incidents-000001"
"2026-05-20 13:51:20","servicenow-incidents-000001"
"2026-05-21 07:10:27","servicenow-incidents-000001"
"2026-05-21 07:15:16","servicenow-incidents-000001"
"2026-05-20 16:32:13","servicenow-incidents-000001"
"2026-05-21 07:15:54","servicenow-incidents-000001"
"2026-05-20 01:23:09","servicenow-incidents-000001"
"2026-05-21 06:31:59","servicenow-incidents-000001"
"2026-05-21 06:53:30","servicenow-incidents-000001"
"2026-05-14 18:57:30","servicenow-incidents-000001"
"2026-05-21 06:25:14","servicenow-incidents-000001"
"2026-05-20 08:03:55","servicenow-incidents-000001"
"2026-05-12 18:30:51","servicenow-incidents-000001"
"2026-05-19 06:36:03","servicenow-incidents-000001"
"2026-05-19 15:59:22","servicenow-incidents-000001"
"2026-05-13 12:24:40","servicenow-incidents-000001"
"2026-05-13 12:40:25","servicenow-incidents-000001"
"2026-05-20 04:25:43","servicenow-incidents-000001"
"2026-05-14 06:29:29","servicenow-incidents-000001"
"2026-05-20 14:52:24","servicenow-incidents-000001"
"2026-05-19 13:39:46","servicenow-incidents-000001"
"2026-05-15 16:14:11","servicenow-incidents-000001"
"2026-05-20 07:20:16","servicenow-incidents-000001"
"2026-05-18 15:56:53","servicenow-incidents-000001"
"2026-01-22 09:41:47","servicenow-incidents-000001"
"2026-05-21 05:54:14","servicenow-incidents-000001"
"2026-05-19 06:41:10","servicenow-incidents-000001"
"2026-05-21 02:34:27","servicenow-incidents-000001"
"2026-05-21 05:01:03","servicenow-incidents-000001"
"2026-05-21 03:04:32","servicenow-incidents-000001"
"2026-05-14 13:20:36","servicenow-incidents-000001"
"2026-05-21 05:11:44","servicenow-incidents-000001"
"2026-05-20 08:17:56","servicenow-incidents-000001"
"2026-05-20 08:11:50","servicenow-incidents-000001"
"2026-05-20 04:38:33","servicenow-incidents-000001"
"2026-05-20 23:52:08","servicenow-incidents-000001"
"2026-05-21 03:41:23","servicenow-incidents-000001"
"2026-05-20 19:30:31","servicenow-incidents-000001"
"2026-05-18 17:22:38","servicenow-incidents-000001"
"2026-05-19 05:18:37","servicenow-incidents-000001"
"2026-05-21 05:18:37","servicenow-incidents-000001"
"2026-05-14 12:27:53","servicenow-incidents-000001"
"2026-05-13 08:39:23","servicenow-incidents-000001"
"2026-05-21 05:15:42","servicenow-incidents-000001"
"2026-05-21 05:00:28","servicenow-incidents-000001"
"2026-05-21 05:52:15","servicenow-incidents-000001"
"2026-05-21 03:11:36","servicenow-incidents-000001"
"2026-05-14 00:58:07","servicenow-incidents-000001"
"2026-05-21 05:34:16","servicenow-incidents-000001"
"2026-05-21 04:27:33","servicenow-incidents-000001"
"2026-05-20 07:29:40","servicenow-incidents-000001"
"2026-05-14 07:47:22","servicenow-incidents-000001"
"2026-05-20 13:30:52","servicenow-incidents-000001"
"2026-05-21 03:26:55","servicenow-incidents-000001"
"2026-05-19 11:38:40","servicenow-incidents-000001"
"2026-05-11 11:25:22","servicenow-incidents-000001"
"2026-05-19 03:27:29","servicenow-incidents-000001"
"2026-05-21 04:19:53","servicenow-incidents-000001"
"2026-05-19 22:57:09","servicenow-incidents-000001"
"2026-05-20 05:16:44","servicenow-incidents-000001"
"2026-05-11 08:47:53","servicenow-incidents-000001"
"2026-05-21 03:57:12","servicenow-incidents-000001"
"2026-05-20 21:50:29","servicenow-incidents-000001"
"2026-05-21 00:24:02","servicenow-incidents-000001"
"2026-05-21 00:27:55","servicenow-incidents-000001"
"2026-05-21 04:49:12","servicenow-incidents-000001"
"2026-05-19 02:35:12","servicenow-incidents-000001"
"2026-05-18 03:54:20","servicenow-incidents-000001"
"2026-05-21 04:15:08","servicenow-incidents-000001"
"2026-05-17 10:12:48","servicenow-incidents-000001"
"2026-05-18 10:59:00","servicenow-incidents-000001"
"2026-05-13 07:45:33","servicenow-incidents-000001"
"2026-05-05 09:28:32","servicenow-incidents-000001"
"2026-05-21 00:24:00","servicenow-incidents-000001"
"2026-05-20 23:57:14","servicenow-incidents-000001"
"2026-05-20 21:19:48","servicenow-incidents-000001"
"2026-05-05 09:38:42","servicenow-incidents-000001"
"2026-05-20 20:39:29","servicenow-incidents-000001"
"2026-04-28 11:52:59","servicenow-incidents-000001"
"2026-05-21 04:24:16","servicenow-incidents-000001"
"2026-05-20 22:58:20","servicenow-incidents-000001"
"2026-05-21 02:54:36","servicenow-incidents-000001"
"2026-05-20 13:12:09","servicenow-incidents-000001"
"2026-05-20 21:11:38","servicenow-incidents-000001"
"2026-05-19 01:06:10","servicenow-incidents-000001"
"2026-05-20 20:39:28","servicenow-incidents-000001"
"2026-05-21 02:31:06","servicenow-incidents-000001"
"2026-05-20 10:05:47","servicenow-incidents-000001"
"2026-05-20 21:11:56","servicenow-incidents-000001"
"2026-05-21 04:50:05","servicenow-incidents-000001"
"2026-05-21 00:58:44","servicenow-incidents-000001"
"2026-05-20 23:46:08","servicenow-incidents-000001"
"2026-05-21 01:40:06","servicenow-incidents-000001"
"2026-05-21 01:40:07","servicenow-incidents-000001"
"2026-05-21 01:36:43","servicenow-incidents-000001"
"2026-05-21 01:35:09","servicenow-incidents-000001"
"2026-05-21 01:45:16","servicenow-incidents-000001"
"2026-05-21 01:35:08","servicenow-incidents-000001"
"2026-05-16 04:10:59","servicenow-incidents-000001"
"2026-05-21 01:05:09","servicenow-incidents-000001"
"2026-05-20 01:39:08","servicenow-incidents-000001"
"2026-05-21 01:05:31","servicenow-incidents-000001"
"2026-05-21 01:05:09","servicenow-incidents-000001"
"2026-05-20 03:24:24","servicenow-incidents-000001"
"2026-05-20 02:41:00","servicenow-incidents-000001"
"2026-05-21 02:10:12","servicenow-incidents-000001"
"2026-05-21 01:16:53","servicenow-incidents-000001"
"2026-05-20 22:57:23","servicenow-incidents-000001"
"2026-04-16 15:09:15","servicenow-incidents-000001"
"2026-05-21 01:08:10","servicenow-incidents-000001"
"2026-05-21 01:05:31","servicenow-incidents-000001"
"2026-05-21 01:10:14","servicenow-incidents-000001"
"2026-05-15 00:36:55","servicenow-incidents-000001"
"2026-05-17 06:09:54","servicenow-incidents-000001"
"2026-05-19 06:51:35","servicenow-incidents-000001"
"2026-05-20 10:46:50","servicenow-incidents-000001"
"2026-05-21 01:04:10","servicenow-incidents-000001"
"2026-05-21 01:43:38","servicenow-incidents-000001"
"2026-05-21 00:59:03","servicenow-incidents-000001"
"2026-05-19 03:36:24","servicenow-incidents-000001"
"2026-05-21 00:49:00","servicenow-incidents-000001"
"2026-05-20 17:46:09","servicenow-incidents-000001"
"2026-05-08 11:43:57","servicenow-incidents-000001"
"2026-05-21 02:34:01","servicenow-incidents-000001"
"2026-05-20 17:46:10","servicenow-incidents-000001"
"2026-05-20 17:46:09","servicenow-incidents-000001"
"2026-05-20 17:46:01","servicenow-incidents-000001"
"2026-05-18 06:52:15","servicenow-incidents-000001"
"2026-05-21 00:24:12","servicenow-incidents-000001"
"2026-05-21 00:33:47","servicenow-incidents-000001"
"2026-05-20 17:46:09","servicenow-incidents-000001"
"2026-05-20 17:46:04","servicenow-incidents-000001"
"2026-05-20 08:36:41","servicenow-incidents-000001"
"2026-05-06 16:13:53","servicenow-incidents-000001"
"2026-05-19 21:50:28","servicenow-incidents-000001"
"2026-05-19 15:19:17","servicenow-incidents-000001"
"2026-05-16 22:40:25","servicenow-incidents-000001"
"2026-05-17 08:05:13","servicenow-incidents-000001"
"2026-05-20 00:03:12","servicenow-incidents-000001"
"2026-05-21 00:29:00","servicenow-incidents-000001"
"2026-05-19 12:20:40","servicenow-incidents-000001"
"2026-05-21 01:05:09","servicenow-incidents-000001"
"2026-05-21 00:22:22","servicenow-incidents-000001"
"2026-05-20 02:12:16","servicenow-incidents-000001"
"2026-05-21 00:08:28","servicenow-incidents-000001"
"2026-05-21 00:49:13","servicenow-incidents-000001"
"2026-05-20 19:22:55","servicenow-incidents-000001"
"2026-05-21 01:25:13","servicenow-incidents-000001"
"2026-05-18 06:52:31","servicenow-incidents-000001"
"2026-05-20 00:50:18","servicenow-incidents-000001"
"2026-05-20 02:43:27","servicenow-incidents-000001"
"2026-05-11 15:07:08","servicenow-incidents-000001"
"2026-05-17 23:22:37","servicenow-incidents-000001"
"2026-05-20 22:09:55","servicenow-incidents-000001"
"2026-05-15 09:18:38","servicenow-incidents-000001"
"2026-05-19 08:33:17","servicenow-incidents-000001"
"2026-05-19 11:15:07","servicenow-incidents-000001"
"2026-05-20 22:50:03","servicenow-incidents-000001"
"2026-05-18 23:18:16","servicenow-incidents-000001"
"2026-05-21 01:46:58","servicenow-incidents-000001"
"2026-05-15 09:54:37","servicenow-incidents-000001"
"2026-05-20 20:22:20","servicenow-incidents-000001"
"2026-05-19 22:13:42","servicenow-incidents-000001"
"2026-05-20 21:01:03","servicenow-incidents-000001"
"2026-05-15 08:15:02","servicenow-incidents-000001"
"2026-05-20 22:26:11","servicenow-incidents-000001"
"2026-05-20 05:11:23","servicenow-incidents-000001"
"2026-05-21 09:24:51","servicenow-incidents-000001"
"2026-05-21 01:34:15","servicenow-incidents-000001"
"2026-05-20 14:45:07","servicenow-incidents-000001"
"2026-05-15 13:26:31","servicenow-incidents-000001"
"2026-05-13 07:12:03","servicenow-incidents-000001"
"2026-05-20 05:02:16","servicenow-incidents-000001"
"2026-05-20 19:24:16","servicenow-incidents-000001"
"2026-05-18 23:18:05","servicenow-incidents-000001"
"2026-05-18 23:18:27","servicenow-incidents-000001"
"2026-05-19 20:59:37","servicenow-incidents-000001"
"2026-05-21 01:59:26","servicenow-incidents-000001"
"2026-05-19 04:56:28","servicenow-incidents-000001"
"2026-05-20 14:04:48","servicenow-incidents-000001"
"2026-05-20 22:50:01","servicenow-incidents-000001"
"2026-05-21 01:35:01","servicenow-incidents-000001"
"2026-05-18 04:18:03","servicenow-incidents-000001"
"2026-05-19 14:18:26","servicenow-incidents-000001"
"2026-05-18 23:18:13","servicenow-incidents-000001"
"2026-05-20 21:57:05","servicenow-incidents-000001"
"2026-05-19 17:14:42","servicenow-incidents-000001"
"2026-05-19 16:23:25","servicenow-incidents-000001"
"2026-05-20 20:43:30","servicenow-incidents-000001"
"2026-05-18 03:22:34","servicenow-incidents-000001"
"2026-05-19 01:48:05","servicenow-incidents-000001"
"2026-05-19 19:52:39","servicenow-incidents-000001"
"2026-05-20 16:00:04","servicenow-incidents-000001"
"2026-05-20 16:00:28","servicenow-incidents-000001"
"2026-05-20 16:00:04","servicenow-incidents-000001"
"2026-05-20 16:00:28","servicenow-incidents-000001"
"2026-05-20 15:58:14","servicenow-incidents-000001"
"2026-05-20 16:00:04","servicenow-incidents-000001"
"2026-05-20 18:31:09","servicenow-incidents-000001"
"2026-05-20 16:00:29","servicenow-incidents-000001"
"2026-05-20 18:34:59","servicenow-incidents-000001"
"2026-05-19 02:18:37","servicenow-incidents-000001"
"2026-05-20 12:07:53","servicenow-incidents-000001"
"2026-05-20 18:56:43","servicenow-incidents-000001"
"2026-05-20 19:13:47","servicenow-incidents-000001"
"2026-05-20 18:27:30","servicenow-incidents-000001"
"2026-05-04 11:59:25","servicenow-incidents-000001"
"2026-05-18 07:53:55","servicenow-incidents-000001"
"2026-05-20 18:14:05","servicenow-incidents-000001"
"2026-05-20 18:26:29","servicenow-incidents-000001"
"2026-05-20 17:49:08","servicenow-incidents-000001"
"2026-05-18 09:37:14","servicenow-incidents-000001"
"2026-05-20 17:09:33","servicenow-incidents-000001"
"2026-05-18 08:07:38","servicenow-incidents-000001"
"2026-05-18 07:28:40","servicenow-incidents-000001"
"2026-05-20 17:43:59","servicenow-incidents-000001"
"2026-05-20 17:43:58","servicenow-incidents-000001"
"2026-05-20 15:11:08","servicenow-incidents-000001"
"2026-05-18 14:06:42","servicenow-incidents-000001"
"2026-05-20 17:12:39","servicenow-incidents-000001"
"2026-05-15 20:15:55","servicenow-incidents-000001"
"2026-05-20 17:23:24","servicenow-incidents-000001"
"2026-05-20 17:09:30","servicenow-incidents-000001"
"2026-05-20 17:04:41","servicenow-incidents-000001"
"2026-05-20 17:23:05","servicenow-incidents-000001"
"2026-05-20 17:05:39","servicenow-incidents-000001"
"2026-05-20 18:55:32","servicenow-incidents-000001"
"2026-05-20 10:09:38","servicenow-incidents-000001"
"2026-05-20 17:53:25","servicenow-incidents-000001"
"2026-05-20 19:48:04","servicenow-incidents-000001"
"2026-05-11 16:34:02","servicenow-incidents-000001"
"2026-05-18 13:42:13","servicenow-incidents-000001"
"2026-05-11 16:46:35","servicenow-incidents-000001"
"2026-05-06 13:43:02","servicenow-incidents-000001"
"2026-05-18 09:25:16","servicenow-incidents-000001"
"2026-05-26 03:28:17","servicenow-incidents-000001"
"2026-05-26 07:20:02","servicenow-incidents-000001"
"2026-05-25 10:43:53","servicenow-incidents-000001"
"2026-05-20 08:05:56","servicenow-incidents-000001"
"2026-04-07 07:09:27","servicenow-incidents-000001"
"2026-05-20 09:49:16","servicenow-incidents-000001"
"2026-05-26 04:57:01","servicenow-incidents-000001"
"2026-05-26 04:01:14","servicenow-incidents-000001"
"2026-05-22 11:26:16","servicenow-incidents-000001"
"2026-02-27 06:07:51","servicenow-incidents-000001"
"2026-05-18 16:36:43","servicenow-incidents-000001"
"2026-05-26 03:09:46","servicenow-incidents-000001"
"2026-05-25 06:14:57","servicenow-incidents-000001"
"2026-05-20 16:41:53","servicenow-incidents-000001"
"2026-05-20 14:31:47","servicenow-incidents-000001"
"2026-05-20 16:57:08","servicenow-incidents-000001"
"2026-05-12 08:41:42","servicenow-incidents-000001"
"2026-05-19 15:43:24","servicenow-incidents-000001"
"2026-05-20 14:06:58","servicenow-incidents-000001"
"2026-05-20 16:25:40","servicenow-incidents-000001"
"2026-05-20 09:34:50","servicenow-incidents-000001"
"2026-05-20 16:22:43","servicenow-incidents-000001"
"2026-05-20 11:30:32","servicenow-incidents-000001"
"2026-05-20 15:25:00","servicenow-incidents-000001"
"2026-05-20 15:42:55","servicenow-incidents-000001"
"2026-05-19 10:00:44","servicenow-incidents-000001"
"2026-05-19 15:43:28","servicenow-incidents-000001"
"2026-05-20 15:51:38","servicenow-incidents-000001"
"2026-05-20 11:08:13","servicenow-incidents-000001"
"2026-05-20 15:36:00","servicenow-incidents-000001"
"2026-05-20 15:38:57","servicenow-incidents-000001"
"2026-05-20 15:46:22","servicenow-incidents-000001"
"2026-05-20 16:18:09","servicenow-incidents-000001"
"2026-05-20 14:08:17","servicenow-incidents-000001"
"2026-05-20 14:52:57","servicenow-incidents-000001"
"2026-05-20 12:43:59","servicenow-incidents-000001"
"2026-05-20 16:12:01","servicenow-incidents-000001"
"2026-05-20 15:57:42","servicenow-incidents-000001"
"2026-05-20 14:39:08","servicenow-incidents-000001"
"2026-05-20 15:33:22","servicenow-incidents-000001"
"2026-05-20 15:20:27","servicenow-incidents-000001"
"2026-05-18 09:10:03","servicenow-incidents-000001"
"2026-05-20 15:29:27","servicenow-incidents-000001"
"2026-05-20 13:54:54","servicenow-incidents-000001"
"2026-05-18 23:10:09","servicenow-incidents-000001"
"2026-05-15 09:15:28","servicenow-incidents-000001"
"2026-05-20 15:26:30","servicenow-incidents-000001"
"2026-05-20 15:27:29","servicenow-incidents-000001"
"2026-05-20 15:11:08","servicenow-incidents-000001"
"2026-05-20 14:03:53","servicenow-incidents-000001"
"2026-05-20 15:22:42","servicenow-incidents-000001"
"2026-05-20 15:07:54","servicenow-incidents-000001"
"2026-05-18 13:15:36","servicenow-incidents-000001"
"2026-05-20 15:21:11","servicenow-incidents-000001"
"2026-05-18 09:11:45","servicenow-incidents-000001"
"2026-05-19 11:49:32","servicenow-incidents-000001"
"2026-05-19 08:40:58","servicenow-incidents-000001"
"2026-05-20 14:54:48","servicenow-incidents-000001"
"2026-05-20 14:06:34","servicenow-incidents-000001"
"2026-05-20 14:06:29","servicenow-incidents-000001"
"2026-05-20 14:02:50","servicenow-incidents-000001"
"2026-05-20 15:11:08","servicenow-incidents-000001"
"2026-05-20 13:08:18","servicenow-incidents-000001"
"2026-05-20 13:52:58","servicenow-incidents-000001"
"2026-05-19 12:02:56","servicenow-incidents-000001"
"2026-05-20 13:42:53","servicenow-incidents-000001"
"2026-05-20 14:43:56","servicenow-incidents-000001"
"2026-05-20 13:42:52","servicenow-incidents-000001"
"2026-05-20 13:52:58","servicenow-incidents-000001"
"2026-05-20 07:45:44","servicenow-incidents-000001"
"2026-05-05 14:57:57","servicenow-incidents-000001"
"2026-05-20 12:02:00","servicenow-incidents-000001"
"2026-05-19 12:57:24","servicenow-incidents-000001"
"2026-05-20 14:05:35","servicenow-incidents-000001"
"2026-05-20 11:03:00","servicenow-incidents-000001"
"2026-05-12 11:03:37","servicenow-incidents-000001"
"2026-05-20 13:57:33","servicenow-incidents-000001"
"2026-05-20 14:02:48","servicenow-incidents-000001"
"2026-05-20 14:34:58","servicenow-incidents-000001"
"2026-05-20 13:53:04","servicenow-incidents-000001"
"2026-05-20 13:42:59","servicenow-incidents-000001"
"2026-05-18 17:05:16","servicenow-incidents-000001"
"2026-05-20 05:43:58","servicenow-incidents-000001"
"2026-05-13 15:09:39","servicenow-incidents-000001"
"2026-05-20 10:29:52","servicenow-incidents-000001"
"2026-05-20 13:23:10","servicenow-incidents-000001"
"2026-05-19 10:14:06","servicenow-incidents-000001"
"2026-05-19 11:37:44","servicenow-incidents-000001"
"2026-05-04 14:12:10","servicenow-incidents-000001"
"2026-05-20 07:28:23","servicenow-incidents-000001"
"2026-05-19 12:54:07","servicenow-incidents-000001"
"2026-05-18 09:00:06","servicenow-incidents-000001"
"2026-05-19 09:13:08","servicenow-incidents-000001"
"2026-05-07 08:51:52","servicenow-incidents-000001"
"2026-05-20 08:51:24","servicenow-incidents-000001"
"2026-05-20 11:42:29","servicenow-incidents-000001"
"2026-05-20 10:55:46","servicenow-incidents-000001"
"2026-05-20 09:17:29","servicenow-incidents-000001"
"2026-05-19 14:06:22","servicenow-incidents-000001"
"2026-05-20 14:15:55","servicenow-incidents-000001"
"2026-05-20 11:44:39","servicenow-incidents-000001"
"2026-05-20 13:48:45","servicenow-incidents-000001"
"2026-05-20 08:39:54","servicenow-incidents-000001"
"2026-05-12 13:52:46","servicenow-incidents-000001"
"2026-05-13 07:52:17","servicenow-incidents-000001"
"2026-05-20 14:03:49","servicenow-incidents-000001"
"2026-05-20 08:23:38","servicenow-incidents-000001"
"2026-05-20 11:53:30","servicenow-incidents-000001"
"2026-05-19 14:52:21","servicenow-incidents-000001"
"2026-05-20 13:00:47","servicenow-incidents-000001"
"2026-05-20 07:53:21","servicenow-incidents-000001"
"2026-05-20 06:47:49","servicenow-incidents-000001"
"2026-05-20 10:29:02","servicenow-incidents-000001"
"2026-05-20 06:37:37","servicenow-incidents-000001"
"2026-05-13 09:22:52","servicenow-incidents-000001"
"2026-05-20 12:20:42","servicenow-incidents-000001"
"2026-05-16 03:13:23","servicenow-incidents-000001"
"2026-05-16 03:29:10","servicenow-incidents-000001"
"2026-05-19 08:37:13","servicenow-incidents-000001"
"2026-05-20 11:21:35","servicenow-incidents-000001"
"2026-05-20 11:24:58","servicenow-incidents-000001"
"2026-05-20 11:35:04","servicenow-incidents-000001"
"2026-05-20 06:41:44","servicenow-incidents-000001"
"2026-05-20 13:51:37","servicenow-incidents-000001"
"2026-05-20 04:28:57","servicenow-incidents-000001"
"2026-05-20 13:22:47","servicenow-incidents-000001"
"2026-05-20 12:08:43","servicenow-incidents-000001"
"2026-05-20 11:30:19","servicenow-incidents-000001"
"2026-05-20 11:12:47","servicenow-incidents-000001"
"2026-05-18 09:12:10","servicenow-incidents-000001"
"2026-05-13 08:39:23","servicenow-incidents-000001"
"2026-05-20 12:52:10","servicenow-incidents-000001"
"2026-05-19 10:44:03","servicenow-incidents-000001"
"2026-05-20 12:59:58","servicenow-incidents-000001"
"2026-05-19 18:57:43","servicenow-incidents-000001"
"2026-05-18 10:39:38","servicenow-incidents-000001"
"2026-05-20 12:54:44","servicenow-incidents-000001"
"2026-05-19 10:21:49","servicenow-incidents-000001"
"2026-05-19 14:24:57","servicenow-incidents-000001"
"2026-05-20 12:54:55","servicenow-incidents-000001"
"2026-05-20 12:55:00","servicenow-incidents-000001"
"2026-05-19 02:24:54","servicenow-incidents-000001"
"2026-05-25 10:28:28","servicenow-incidents-000001"
"2026-05-15 18:02:52","servicenow-incidents-000001"
"2026-05-18 17:35:29","servicenow-incidents-000001"
"2026-05-19 20:45:26","servicenow-incidents-000001"
"2026-05-20 12:15:38","servicenow-incidents-000001"
"2026-05-19 08:43:12","servicenow-incidents-000001"
"2026-05-15 05:08:55","servicenow-incidents-000001"
"2026-05-20 10:40:03","servicenow-incidents-000001"
"2026-05-20 12:15:39","servicenow-incidents-000001"
"2026-05-19 15:52:50","servicenow-incidents-000001"
"2026-05-20 12:15:35","servicenow-incidents-000001"
"2026-05-20 10:45:28","servicenow-incidents-000001"
"2026-05-20 11:32:06","servicenow-incidents-000001"
"2026-05-20 12:15:34","servicenow-incidents-000001"
"2026-05-18 13:46:33","servicenow-incidents-000001"
"2026-05-14 07:56:59","servicenow-incidents-000001"
"2026-05-20 11:46:09","servicenow-incidents-000001"
"2026-05-08 12:53:05","servicenow-incidents-000001"
"2026-05-20 10:21:45","servicenow-incidents-000001"
"2026-05-20 12:15:34","servicenow-incidents-000001"
"2026-05-10 10:55:40","servicenow-incidents-000001"
"2026-05-14 11:47:50","servicenow-incidents-000001"
"2026-05-18 16:35:51","servicenow-incidents-000001"
"2026-05-19 12:56:53","servicenow-incidents-000001"
"2026-05-08 05:07:01","servicenow-incidents-000001"
"2026-05-20 11:36:36","servicenow-incidents-000001"
"2026-05-15 03:48:57","servicenow-incidents-000001"
"2026-05-20 06:11:00","servicenow-incidents-000001"
"2026-05-06 13:35:49","servicenow-incidents-000001"
"2026-05-13 16:14:45","servicenow-incidents-000001"
"2026-05-14 11:40:11","servicenow-incidents-000001"
"2026-05-10 11:04:35","servicenow-incidents-000001"
"2026-05-20 11:24:15","servicenow-incidents-000001"
"2026-05-20 11:22:35","servicenow-incidents-000001"
"2026-05-20 10:42:40","servicenow-incidents-000001"
"2026-05-20 11:19:53","servicenow-incidents-000001"
"2026-05-20 06:13:00","servicenow-incidents-000001"
"2026-05-20 08:34:38","servicenow-incidents-000001"
"2026-05-14 06:08:29","servicenow-incidents-000001"
"2026-05-06 08:07:32","servicenow-incidents-000001"
"2026-05-19 07:17:31","servicenow-incidents-000001"
"2026-05-19 16:26:22","servicenow-incidents-000001"
"2026-05-11 11:08:38","servicenow-incidents-000001"
"2026-05-19 16:17:51","servicenow-incidents-000001"
"2026-05-15 06:34:04","servicenow-incidents-000001"
"2026-05-18 10:48:21","servicenow-incidents-000001"
"2026-05-20 07:23:11","servicenow-incidents-000001"
"2026-05-18 09:12:21","servicenow-incidents-000001"
"2026-05-20 08:11:55","servicenow-incidents-000001"
"2026-05-13 12:56:36","servicenow-incidents-000001"
"2026-05-19 12:13:00","servicenow-incidents-000001"
"2026-05-20 05:43:36","servicenow-incidents-000001"
"2026-05-19 12:43:40","servicenow-incidents-000001"
"2026-05-15 15:33:33","servicenow-incidents-000001"
"2026-05-18 09:13:54","servicenow-incidents-000001"
"2026-05-14 09:23:06","servicenow-incidents-000001"
"2026-05-19 09:42:34","servicenow-incidents-000001"
"2026-05-19 14:16:16","servicenow-incidents-000001"
"2026-05-18 09:14:58","servicenow-incidents-000001"
"2026-05-20 10:29:30","servicenow-incidents-000001"
"2026-05-19 11:39:38","servicenow-incidents-000001"
"2026-05-20 10:50:38","servicenow-incidents-000001"
"2026-05-20 10:15:49","servicenow-incidents-000001"
"2026-05-18 14:04:02","servicenow-incidents-000001"
"2026-05-19 15:14:26","servicenow-incidents-000001"
"2026-05-06 13:25:11","servicenow-incidents-000001"
"2026-05-13 12:40:48","servicenow-incidents-000001"
"2026-05-19 13:54:36","servicenow-incidents-000001"
"2026-05-20 08:27:55","servicenow-incidents-000001"
"2026-05-14 10:27:17","servicenow-incidents-000001"
"2026-05-20 08:48:18","servicenow-incidents-000001"
"2026-05-20 10:28:22","servicenow-incidents-000001"
"2026-05-13 08:37:36","servicenow-incidents-000001"
"2026-05-13 08:51:23","servicenow-incidents-000001"
"2026-05-20 08:45:18","servicenow-incidents-000001"
"2026-05-19 15:55:31","servicenow-incidents-000001"
"2026-05-08 13:41:34","servicenow-incidents-000001"
"2026-04-30 14:58:53","servicenow-incidents-000001"
"2026-05-14 09:53:55","servicenow-incidents-000001"
"2026-05-20 03:57:01","servicenow-incidents-000001"
"2026-05-13 14:14:52","servicenow-incidents-000001"
"2026-05-15 09:32:15","servicenow-incidents-000001"
"2026-05-07 18:53:37","servicenow-incidents-000001"
"2026-05-14 18:20:57","servicenow-incidents-000001"
"2026-05-20 10:07:57","servicenow-incidents-000001"
"2026-05-14 11:15:52","servicenow-incidents-000001"
"2026-05-19 09:11:25","servicenow-incidents-000001"
"2026-05-19 14:50:28","servicenow-incidents-000001"
"2026-04-30 09:49:42","servicenow-incidents-000001"
"2026-05-15 11:25:54","servicenow-incidents-000001"
"2026-05-14 11:34:54","servicenow-incidents-000001"
"2026-05-20 09:48:13","servicenow-incidents-000001"
"2026-05-15 13:56:26","servicenow-incidents-000001"
"2026-05-18 07:37:10","servicenow-incidents-000001"
"2026-05-18 05:59:59","servicenow-incidents-000001"
"2026-04-24 17:45:54","servicenow-incidents-000001"
"2026-05-20 09:56:46","servicenow-incidents-000001"
"2026-05-19 08:08:59","servicenow-incidents-000001"
"2026-05-06 10:05:53","servicenow-incidents-000001"
"2026-05-18 13:01:43","servicenow-incidents-000001"
"2026-05-19 17:56:53","servicenow-incidents-000001"
"2026-05-18 10:51:55","servicenow-incidents-000001"
"2026-05-15 11:25:11","servicenow-incidents-000001"
"2026-05-07 01:10:54","servicenow-incidents-000001"
"2026-05-20 09:43:57","servicenow-incidents-000001"
"2026-05-15 08:41:47","servicenow-incidents-000001"
"2026-05-18 09:02:56","servicenow-incidents-000001"
"2026-05-06 09:51:14","servicenow-incidents-000001"
"2026-05-20 09:44:52","servicenow-incidents-000001"
"2026-05-12 12:10:35","servicenow-incidents-000001"
"2026-05-19 15:53:01","servicenow-incidents-000001"
"2026-05-24 17:55:08","servicenow-incidents-000001"
"2026-05-19 20:58:20","servicenow-incidents-000001"
"2026-05-15 14:14:42","servicenow-incidents-000001"
"2026-05-18 10:58:00","servicenow-incidents-000001"
"2026-05-20 05:10:36","servicenow-incidents-000001"
"2026-05-18 09:13:00","servicenow-incidents-000001"
"2026-05-19 10:16:22","servicenow-incidents-000001"
"2026-05-19 14:34:12","servicenow-incidents-000001"
"2026-05-19 13:54:35","servicenow-incidents-000001"
"2026-05-19 09:38:19","servicenow-incidents-000001"
"2026-05-19 13:54:43","servicenow-incidents-000001"
"2026-05-19 13:54:43","servicenow-incidents-000001"
"2026-05-14 07:09:18","servicenow-incidents-000001"
"2026-05-20 05:32:51","servicenow-incidents-000001"
"2026-05-19 13:54:37","servicenow-incidents-000001"
"2026-05-18 08:52:57","servicenow-incidents-000001"
"2026-05-20 07:38:31","servicenow-incidents-000001"
"2026-05-18 09:20:09","servicenow-incidents-000001"
"2026-05-18 10:48:38","servicenow-incidents-000001"
"2026-05-20 09:22:07","servicenow-incidents-000001"
"2026-05-19 16:52:49","servicenow-incidents-000001"
"2026-05-18 17:02:11","servicenow-incidents-000001"
"2026-05-20 09:07:52","servicenow-incidents-000001"
"2026-05-18 09:23:34","servicenow-incidents-000001"
"2026-05-19 09:39:19","servicenow-incidents-000001"
"2026-04-17 15:06:55","servicenow-incidents-000001"
"2026-05-18 17:50:18","servicenow-incidents-000001"
"2026-05-20 09:00:40","servicenow-incidents-000001"
"2026-05-13 10:57:13","servicenow-incidents-000001"
"2026-05-20 09:03:42","servicenow-incidents-000001"
"2026-05-14 14:15:19","servicenow-incidents-000001"
"2026-05-14 12:31:43","servicenow-incidents-000001"
"2026-05-18 07:45:46","servicenow-incidents-000001"
"2026-05-20 06:32:48","servicenow-incidents-000001"
"2026-05-19 14:29:53","servicenow-incidents-000001"
"2026-05-20 07:32:45","servicenow-incidents-000001"
"2026-05-18 11:15:59","servicenow-incidents-000001"
"2026-05-20 08:28:36","servicenow-incidents-000001"
"2026-05-19 11:15:37","servicenow-incidents-000001"
"2026-05-22 11:21:04","servicenow-incidents-000001"
"2026-05-19 12:21:10","servicenow-incidents-000001"
"2026-05-14 16:55:46","servicenow-incidents-000001"
"2026-05-20 04:36:24","servicenow-incidents-000001"
"2026-05-01 09:15:44","servicenow-incidents-000001"
"2026-05-20 05:38:12","servicenow-incidents-000001"
"2026-05-20 05:33:07","servicenow-incidents-000001"
"2026-05-16 05:31:50","servicenow-incidents-000001"
"2026-05-16 05:31:49","servicenow-incidents-000001"
"2026-05-20 02:32:34","servicenow-incidents-000001"
"2026-05-20 05:41:16","servicenow-incidents-000001"
"2026-05-19 23:54:06","servicenow-incidents-000001"
"2026-05-20 05:03:55","servicenow-incidents-000001"
"2026-05-19 05:03:48","servicenow-incidents-000001"
"2026-05-16 05:06:52","servicenow-incidents-000001"
"2026-05-17 05:12:09","servicenow-incidents-000001"
"2026-05-17 05:06:48","servicenow-incidents-000001"
"2026-05-20 04:34:58","servicenow-incidents-000001"
"2026-05-20 04:39:53","servicenow-incidents-000001"
"2026-05-20 04:34:52","servicenow-incidents-000001"
"2026-05-16 05:12:00","servicenow-incidents-000001"
"2026-05-20 02:24:28","servicenow-incidents-000001"
"2026-05-20 04:57:37","servicenow-incidents-000001"
"2026-05-16 05:37:08","servicenow-incidents-000001"
"2026-05-20 04:34:52","servicenow-incidents-000001"
"2026-05-20 00:42:18","servicenow-incidents-000001"
"2026-05-20 04:28:47","servicenow-incidents-000001"
"2026-05-20 01:12:11","servicenow-incidents-000001"
"2026-05-20 02:04:30","servicenow-incidents-000001"
"2026-05-19 08:19:07","servicenow-incidents-000001"
"2026-05-19 02:51:01","servicenow-incidents-000001"
"2026-05-19 00:46:10","servicenow-incidents-000001"
"2026-05-20 03:09:13","servicenow-incidents-000001"
"2026-05-20 04:26:29","servicenow-incidents-000001"
"2026-05-20 03:20:14","servicenow-incidents-000001"
"2026-05-20 04:05:05","servicenow-incidents-000001"
"2026-05-20 02:05:24","servicenow-incidents-000001"
"2026-05-16 05:12:00","servicenow-incidents-000001"
"2026-05-20 04:03:44","servicenow-incidents-000001"
"2026-05-16 05:06:54","servicenow-incidents-000001"
"2026-05-19 10:31:16","servicenow-incidents-000001"
"2026-05-20 01:37:40","servicenow-incidents-000001"
"2026-05-20 03:59:05","servicenow-incidents-000001"
"2026-05-18 10:30:25","servicenow-incidents-000001"
"2026-05-20 03:33:19","servicenow-incidents-000001"
"2026-05-16 05:37:08","servicenow-incidents-000001"
"2026-05-20 03:58:43","servicenow-incidents-000001"
"2026-05-20 01:06:13","servicenow-incidents-000001"
"2026-05-19 02:04:53","servicenow-incidents-000001"
"2026-05-18 08:18:45","servicenow-incidents-000001"
"2026-05-19 06:29:30","servicenow-incidents-000001"
"2026-05-11 03:18:22","servicenow-incidents-000001"
"2026-05-19 21:44:51","servicenow-incidents-000001"
"2026-05-18 15:11:55","servicenow-incidents-000001"
"2026-05-19 06:37:04","servicenow-incidents-000001"
"2026-05-12 09:38:55","servicenow-incidents-000001"
"2026-05-19 12:52:40","servicenow-incidents-000001"
"2026-05-19 06:29:30","servicenow-incidents-000001"
"2026-05-19 06:30:34","servicenow-incidents-000001"
"2026-05-20 04:35:27","servicenow-incidents-000001"
"2026-05-19 04:31:03","servicenow-incidents-000001"
"2026-05-20 02:24:24","servicenow-incidents-000001"
"2026-05-19 23:04:39","servicenow-incidents-000001"
"2026-05-19 18:04:32","servicenow-incidents-000001"
"2026-05-19 02:59:30","servicenow-incidents-000001"
"2026-05-19 13:02:01","servicenow-incidents-000001"
"2026-05-20 01:58:57","servicenow-incidents-000001"
"2026-04-29 08:46:06","servicenow-incidents-000001"
"2026-05-19 14:40:17","servicenow-incidents-000001"
"2026-05-20 00:34:47","servicenow-incidents-000001"
"2026-05-20 00:34:37","servicenow-incidents-000001"
"2026-05-20 02:23:54","servicenow-incidents-000001"
"2026-05-15 02:40:19","servicenow-incidents-000001"
"2026-05-19 13:32:46","servicenow-incidents-000001"
"2026-05-20 03:00:47","servicenow-incidents-000001"
"2026-05-18 08:56:06","servicenow-incidents-000001"
"2026-05-20 02:55:22","servicenow-incidents-000001"
"2026-05-20 03:32:33","servicenow-incidents-000001"
"2026-05-15 15:05:41","servicenow-incidents-000001"
"2026-05-18 20:27:00","servicenow-incidents-000001"
"2026-05-19 09:03:48","servicenow-incidents-000001"
"2026-05-19 09:20:04","servicenow-incidents-000001"
"2026-05-20 01:20:20","servicenow-incidents-000001"
"2026-05-19 03:04:09","servicenow-incidents-000001"
"2026-05-15 10:13:00","servicenow-incidents-000001"
"2026-05-18 01:14:01","servicenow-incidents-000001"
"2026-05-19 08:54:03","servicenow-incidents-000001"
"2026-05-19 12:40:53","servicenow-incidents-000001"
"2026-05-14 21:43:03","servicenow-incidents-000001"
"2026-05-20 00:51:25","servicenow-incidents-000001"
"2026-05-18 10:05:26","servicenow-incidents-000001"
"2026-05-15 20:40:24","servicenow-incidents-000001"
"2026-05-18 09:47:10","servicenow-incidents-000001"
"2026-05-13 06:53:23","servicenow-incidents-000001"
"2026-05-16 21:42:37","servicenow-incidents-000001"
"2026-05-16 21:51:03","servicenow-incidents-000001"
"2026-05-16 05:48:02","servicenow-incidents-000001"
"2026-05-14 13:54:55","servicenow-incidents-000001"
"2026-05-19 22:19:32","servicenow-incidents-000001"
"2026-05-11 21:11:04","servicenow-incidents-000001"
"2026-05-19 23:04:09","servicenow-incidents-000001"
"2026-05-15 09:34:28","servicenow-incidents-000001"
"2026-05-19 19:54:17","servicenow-incidents-000001"
"2026-05-14 14:17:03","servicenow-incidents-000001"
"2026-05-19 23:38:01","servicenow-incidents-000001"
"2026-05-19 21:17:53","servicenow-incidents-000001"
"2026-05-16 05:50:24","servicenow-incidents-000001"
"2026-05-19 05:02:28","servicenow-incidents-000001"
"2026-05-19 23:46:02","servicenow-incidents-000001"
"2026-05-19 22:32:58","servicenow-incidents-000001"
"2026-05-20 00:16:07","servicenow-incidents-000001"
"2026-05-19 05:05:20","servicenow-incidents-000001"
"2026-05-18 16:18:39","servicenow-incidents-000001"
"2026-05-19 19:47:30","servicenow-incidents-000001"
"2026-05-13 01:43:11","servicenow-incidents-000001"
"2026-05-18 08:50:53","servicenow-incidents-000001"
"2026-05-19 22:57:45","servicenow-incidents-000001"
"2026-05-18 22:49:39","servicenow-incidents-000001"
"2026-05-17 22:53:30","servicenow-incidents-000001"
"2026-05-19 21:12:22","servicenow-incidents-000001"
"2026-05-07 08:08:28","servicenow-incidents-000001"
"2026-05-17 22:23:10","servicenow-incidents-000001"
"2026-05-19 10:28:48","servicenow-incidents-000001"
"2026-05-14 14:12:41","servicenow-incidents-000001"
"2026-05-08 11:12:12","servicenow-incidents-000001"
"2026-05-19 21:31:50","servicenow-incidents-000001"
"2026-05-18 07:18:54","servicenow-incidents-000001"
"2026-05-06 11:27:12","servicenow-incidents-000001"
"2026-05-18 18:44:21","servicenow-incidents-000001"
"2026-05-19 23:54:29","servicenow-incidents-000001"
"2026-05-19 21:37:45","servicenow-incidents-000001"
"2026-05-18 17:11:16","servicenow-incidents-000001"
"2026-05-19 20:09:07","servicenow-incidents-000001"
"2026-05-17 22:28:12","servicenow-incidents-000001"
"2026-05-19 20:37:51","servicenow-incidents-000001"
"2026-05-19 20:43:13","servicenow-incidents-000001"
"2026-05-17 03:14:50","servicenow-incidents-000001"
"2026-05-16 01:09:32","servicenow-incidents-000001"
"2026-05-19 13:23:45","servicenow-incidents-000001"
"2026-05-17 20:15:16","servicenow-incidents-000001"
"2026-05-17 20:44:18","servicenow-incidents-000001"
"2026-05-19 21:16:02","servicenow-incidents-000001"
"2026-05-19 09:08:26","servicenow-incidents-000001"
"2026-05-19 10:22:11","servicenow-incidents-000001"
"2026-05-18 06:54:35","servicenow-incidents-000001"
"2026-05-18 07:28:49","servicenow-incidents-000001"
"2026-05-18 07:43:46","servicenow-incidents-000001"
"2026-05-19 17:27:00","servicenow-incidents-000001"
"2026-05-19 11:14:19","servicenow-incidents-000001"
"2026-05-19 13:17:25","servicenow-incidents-000001"
"2026-05-19 17:24:54","servicenow-incidents-000001"
"2026-05-19 09:25:44","servicenow-incidents-000001"
"2026-05-18 07:23:44","servicenow-incidents-000001"
"2026-05-19 13:03:14","servicenow-incidents-000001"
"2026-05-19 09:16:38","servicenow-incidents-000001"
"2026-05-19 09:13:43","servicenow-incidents-000001"
"2026-05-19 08:30:01","servicenow-incidents-000001"
"2026-05-19 09:56:03","servicenow-incidents-000001"
"2026-05-19 09:04:56","servicenow-incidents-000001"
"2026-05-19 15:50:56","servicenow-incidents-000001"
"2026-05-19 17:11:31","servicenow-incidents-000001"
"2026-05-19 11:27:08","servicenow-incidents-000001"
"2026-05-19 12:31:54","servicenow-incidents-000001"
"2026-05-19 15:32:49","servicenow-incidents-000001"
"2026-05-19 15:52:40","servicenow-incidents-000001"
"2026-05-18 06:29:29","servicenow-incidents-000001"
"2026-05-06 20:13:44","servicenow-incidents-000001"
"2026-05-16 15:10:55","servicenow-incidents-000001"
"2026-05-19 08:51:47","servicenow-incidents-000001"
"2026-05-19 07:15:19","servicenow-incidents-000001"
"2026-05-18 05:13:25","servicenow-incidents-000001"
"2026-05-18 07:04:37","servicenow-incidents-000001"
"2026-05-18 05:32:43","servicenow-incidents-000001"
"2026-05-19 09:20:03","servicenow-incidents-000001"
"2026-05-19 08:36:51","servicenow-incidents-000001"
"2026-05-18 08:03:18","servicenow-incidents-000001"
"2026-05-19 09:16:44","servicenow-incidents-000001"
"2026-05-19 17:26:49","servicenow-incidents-000001"
"2026-05-19 13:29:14","servicenow-incidents-000001"
"2026-05-18 03:14:54","servicenow-incidents-000001"
"2026-05-19 14:08:59","servicenow-incidents-000001"
"2026-05-13 09:09:17","servicenow-incidents-000001"
"2026-05-11 10:46:08","servicenow-incidents-000001"
"2026-05-18 09:15:23","servicenow-incidents-000001"
"2026-05-18 07:06:14","servicenow-incidents-000001"
"2026-05-19 08:00:42","servicenow-incidents-000001"
"2026-05-19 08:21:45","servicenow-incidents-000001"
"2026-05-12 05:25:23","servicenow-incidents-000001"
"2026-05-20 08:22:32","servicenow-incidents-000001"
"2026-05-19 08:31:42","servicenow-incidents-000001"
"2026-05-20 08:33:14","servicenow-incidents-000001"
"2026-05-19 09:31:22","servicenow-incidents-000001"
"2026-05-12 09:45:25","servicenow-incidents-000001"
"2026-05-19 16:35:42","servicenow-incidents-000001"
"2026-05-20 08:00:13","servicenow-incidents-000001"
"2026-05-20 08:17:59","servicenow-incidents-000001"
"2026-05-20 08:14:16","servicenow-incidents-000001"
"2026-05-20 08:24:39","servicenow-incidents-000001"
"2026-05-18 07:54:50","servicenow-incidents-000001"
"2026-05-18 22:47:55","servicenow-incidents-000001"
"2026-05-20 07:29:33","servicenow-incidents-000001"
"2026-05-16 07:28:48","servicenow-incidents-000001"
"2026-05-16 07:28:48","servicenow-incidents-000001"
"2026-05-14 08:52:19","servicenow-incidents-000001"
"2026-05-16 07:28:52","servicenow-incidents-000001"
"2026-05-19 01:07:00","servicenow-incidents-000001"
"2026-05-16 07:28:51","servicenow-incidents-000001"
"2026-05-19 07:58:32","servicenow-incidents-000001"
"2026-05-20 08:05:08","servicenow-incidents-000001"
"2026-05-20 08:24:37","servicenow-incidents-000001"
"2026-05-20 08:25:44","servicenow-incidents-000001"
"2026-05-20 02:25:54","servicenow-incidents-000001"
"2026-05-14 03:14:56","servicenow-incidents-000001"
"2026-05-12 11:56:33","servicenow-incidents-000001"
"2026-05-12 03:16:35","servicenow-incidents-000001"
"2026-05-18 05:03:58","servicenow-incidents-000001"
"2026-05-14 07:45:23","servicenow-incidents-000001"
"2026-05-19 05:14:42","servicenow-incidents-000001"
"2026-05-18 15:29:19","servicenow-incidents-000001"
"2026-05-19 19:59:47","servicenow-incidents-000001"
"2026-05-20 06:58:35","servicenow-incidents-000001"
"2026-05-19 21:09:46","servicenow-incidents-000001"
"2026-05-20 02:25:25","servicenow-incidents-000001"
"2026-05-19 01:02:05","servicenow-incidents-000001"
"2026-05-18 09:42:23","servicenow-incidents-000001"
"2026-05-18 16:06:39","servicenow-incidents-000001"
"2026-05-20 04:39:55","servicenow-incidents-000001"
"2026-05-20 02:24:54","servicenow-incidents-000001"
"2026-05-12 03:49:53","servicenow-incidents-000001"
"2026-05-20 07:19:17","servicenow-incidents-000001"
"2026-05-18 12:57:01","servicenow-incidents-000001"
"2026-05-18 16:31:47","servicenow-incidents-000001"
"2026-05-20 02:37:00","servicenow-incidents-000001"
"2026-05-18 10:51:49","servicenow-incidents-000001"
"2026-05-18 02:22:49","servicenow-incidents-000001"
"2026-05-18 15:32:18","servicenow-incidents-000001"
"2026-05-20 05:53:12","servicenow-incidents-000001"
"2026-05-20 06:17:59","servicenow-incidents-000001"
"2026-05-13 18:05:39","servicenow-incidents-000001"
"2026-05-20 02:51:39","servicenow-incidents-000001"
"2026-05-18 05:07:19","servicenow-incidents-000001"
"2026-05-20 02:23:20","servicenow-incidents-000001"
"2026-05-20 06:22:32","servicenow-incidents-000001"
"2026-05-18 02:27:06","servicenow-incidents-000001"
"2026-05-19 19:31:58","servicenow-incidents-000001"
"2026-05-19 08:45:52","servicenow-incidents-000001"
"2026-05-18 22:08:23","servicenow-incidents-000001"
"2026-05-19 14:43:11","servicenow-incidents-000001"
"2026-05-18 06:47:36","servicenow-incidents-000001"
"2026-05-11 12:46:02","servicenow-incidents-000001"
"2026-05-20 05:52:48","servicenow-incidents-000001"
"2026-05-15 07:33:31","servicenow-incidents-000001"
"2026-05-20 05:20:19","servicenow-incidents-000001"
"2026-05-06 10:54:41","servicenow-incidents-000001"
"2026-05-14 02:33:22","servicenow-incidents-000001"
"2026-05-19 09:41:52","servicenow-incidents-000001"
"2026-05-20 04:38:04","servicenow-incidents-000001"
"2026-05-19 13:47:04","servicenow-incidents-000001"
"2026-05-18 16:29:00","servicenow-incidents-000001"
"2026-05-20 02:58:10","servicenow-incidents-000001"
"2026-05-19 04:26:12","servicenow-incidents-000001"
"2026-05-20 02:09:18","servicenow-incidents-000001"
"2026-05-19 20:48:31","servicenow-incidents-000001"
"2026-05-20 01:59:33","servicenow-incidents-000001"
"2026-05-25 07:49:42","servicenow-incidents-000001"
"2026-05-22 02:25:02","servicenow-incidents-000001"
"2026-05-12 07:36:11","servicenow-incidents-000001"
"2026-05-25 06:02:16","servicenow-incidents-000001"
"2026-05-20 05:42:22","servicenow-incidents-000001"
"2026-05-23 13:08:29","servicenow-incidents-000001"
"2026-04-25 06:38:38","servicenow-incidents-000001"
"2026-05-19 16:53:01","servicenow-incidents-000001"
"2026-05-19 16:39:56","servicenow-incidents-000001"
"2026-05-19 13:44:55","servicenow-incidents-000001"
"2026-05-12 16:44:55","servicenow-incidents-000001"
"2026-05-19 09:38:46","servicenow-incidents-000001"
"2026-05-19 16:47:16","servicenow-incidents-000001"
"2026-05-19 16:44:19","servicenow-incidents-000001"
"2026-05-19 12:31:15","servicenow-incidents-000001"
"2026-05-08 06:51:35","servicenow-incidents-000001"
"2026-05-14 11:25:06","servicenow-incidents-000001"
"2026-05-19 13:19:46","servicenow-incidents-000001"
"2026-05-19 16:39:34","servicenow-incidents-000001"
"2026-05-19 16:19:47","servicenow-incidents-000001"
"2026-05-19 16:11:13","servicenow-incidents-000001"
"2026-05-18 18:18:13","servicenow-incidents-000001"
"2026-05-19 13:06:59","servicenow-incidents-000001"
"2026-05-18 11:00:32","servicenow-incidents-000001"
"2026-05-18 09:36:19","servicenow-incidents-000001"
"2026-05-19 15:21:59","servicenow-incidents-000001"
"2026-05-19 16:33:50","servicenow-incidents-000001"
"2026-05-18 09:49:31","servicenow-incidents-000001"
"2026-05-19 10:55:00","servicenow-incidents-000001"
"2026-05-12 15:44:58","servicenow-incidents-000001"
"2026-05-13 12:05:33","servicenow-incidents-000001"
"2026-05-19 15:54:48","servicenow-incidents-000001"
"2026-05-19 15:06:24","servicenow-incidents-000001"
"2026-05-18 10:06:41","servicenow-incidents-000001"
"2026-05-18 09:59:35","servicenow-incidents-000001"
"2026-05-19 15:47:41","servicenow-incidents-000001"
"2026-05-19 15:54:07","servicenow-incidents-000001"
"2026-05-19 12:20:51","servicenow-incidents-000001"
"2026-05-08 02:01:40","servicenow-incidents-000001"
"2026-05-19 12:20:52","servicenow-incidents-000001"
"2026-05-19 12:21:09","servicenow-incidents-000001"
"2026-05-19 12:20:40","servicenow-incidents-000001"
"2026-05-19 15:12:11","servicenow-incidents-000001"
"2026-05-19 11:37:24","servicenow-incidents-000001"
"2026-05-05 13:45:29","servicenow-incidents-000001"
"2026-05-19 12:21:08","servicenow-incidents-000001"
"2026-05-22 15:45:45","servicenow-incidents-000001"
"2026-05-13 15:39:07","servicenow-incidents-000001"
"2026-05-19 15:42:02","servicenow-incidents-000001"
"2026-05-19 12:00:59","servicenow-incidents-000001"
"2026-05-14 13:48:32","servicenow-incidents-000001"
"2026-05-13 10:15:38","servicenow-incidents-000001"
"2026-05-08 06:06:31","servicenow-incidents-000001"
"2026-05-19 12:21:29","servicenow-incidents-000001"
"2026-05-19 15:10:41","servicenow-incidents-000001"
"2026-05-19 12:21:41","servicenow-incidents-000001"
"2026-05-11 14:31:19","servicenow-incidents-000001"
"2026-05-19 15:03:43","servicenow-incidents-000001"
"2026-05-19 12:23:23","servicenow-incidents-000001"
"2026-05-19 15:28:24","servicenow-incidents-000001"
"2026-05-19 09:57:26","servicenow-incidents-000001"
"2026-05-19 14:08:19","servicenow-incidents-000001"
"2026-05-19 15:01:33","servicenow-incidents-000001"
"2026-03-11 16:01:20","servicenow-incidents-000001"
"2026-05-14 16:46:51","servicenow-incidents-000001"
"2026-05-19 15:10:45","servicenow-incidents-000001"
"2026-05-19 14:11:32","servicenow-incidents-000001"
"2026-05-19 14:43:32","servicenow-incidents-000001"
"2026-05-19 13:17:09","servicenow-incidents-000001"
"2026-05-14 16:57:56","servicenow-incidents-000001"
"2026-05-19 15:06:50","servicenow-incidents-000001"
"2026-05-19 10:39:58","servicenow-incidents-000001"
"2026-05-18 08:31:39","servicenow-incidents-000001"
"2026-05-13 09:42:56","servicenow-incidents-000001"
"2026-05-19 14:50:59","servicenow-incidents-000001"
"2026-05-19 14:49:57","servicenow-incidents-000001"
"2026-05-18 15:31:53","servicenow-incidents-000001"
"2026-05-19 14:31:31","servicenow-incidents-000001"
"2026-04-25 13:11:07","servicenow-incidents-000001"
"2026-05-13 18:28:48","servicenow-incidents-000001"
"2026-05-13 18:36:34","servicenow-incidents-000001"
"2026-05-19 08:18:13","servicenow-incidents-000001"
"2026-05-19 11:42:25","servicenow-incidents-000001"
"2026-04-20 15:24:50","servicenow-incidents-000001"
"2026-05-19 14:22:09","servicenow-incidents-000001"
"2026-05-19 07:38:04","servicenow-incidents-000001"
"2026-05-19 13:57:29","servicenow-incidents-000001"
"2026-05-19 06:09:54","servicenow-incidents-000001"
"2026-05-19 14:04:44","servicenow-incidents-000001"
"2026-05-19 09:53:38","servicenow-incidents-000001"
"2026-05-19 10:12:54","servicenow-incidents-000001"
"2026-05-19 13:44:54","servicenow-incidents-000001"
"2026-05-19 14:18:07","servicenow-incidents-000001"
"2026-05-11 10:45:21","servicenow-incidents-000001"
"2026-05-19 14:09:21","servicenow-incidents-000001"
"2026-05-18 08:10:55","servicenow-incidents-000001"
"2026-05-05 17:03:27","servicenow-incidents-000001"
"2026-05-19 13:50:49","servicenow-incidents-000001"
"2026-05-18 08:59:41","servicenow-incidents-000001"
"2026-05-18 06:28:15","servicenow-incidents-000001"
"2026-05-19 13:20:29","servicenow-incidents-000001"
"2026-05-19 13:23:15","servicenow-incidents-000001"
"2026-05-19 13:20:21","servicenow-incidents-000001"
"2026-05-19 11:41:47","servicenow-incidents-000001"
"2026-05-19 12:49:56","servicenow-incidents-000001"
"2026-05-19 12:58:18","servicenow-incidents-000001"
"2026-05-18 11:27:46","servicenow-incidents-000001"
"2026-05-12 12:38:51","servicenow-incidents-000001"
"2026-05-14 08:43:20","servicenow-incidents-000001"
"2026-05-15 13:55:20","servicenow-incidents-000001"
"2026-05-19 07:29:28","servicenow-incidents-000001"
"2026-05-18 09:25:06","servicenow-incidents-000001"
"2026-05-18 09:29:31","servicenow-incidents-000001"
"2026-05-19 08:49:47","servicenow-incidents-000001"
"2026-05-19 08:21:24","servicenow-incidents-000001"
"2026-05-19 03:02:56","servicenow-incidents-000001"
"2026-05-22 12:56:39","servicenow-incidents-000001"
"2026-05-20 10:54:17","servicenow-incidents-000001"
"2026-05-12 12:49:47","servicenow-incidents-000001"
"2026-05-14 17:04:20","servicenow-incidents-000001"
"2026-05-18 13:48:09","servicenow-incidents-000001"
"2026-05-18 13:44:37","servicenow-incidents-000001"
"2026-05-19 12:21:58","servicenow-incidents-000001"
"2026-05-14 00:55:54","servicenow-incidents-000001"
"2026-05-19 12:24:42","servicenow-incidents-000001"
"2026-05-19 12:23:31","servicenow-incidents-000001"
"2026-05-19 12:23:22","servicenow-incidents-000001"
"2026-05-19 12:23:14","servicenow-incidents-000001"
"2026-05-19 12:23:14","servicenow-incidents-000001"
"2026-05-19 12:23:48","servicenow-incidents-000001"
"2026-05-19 12:23:23","servicenow-incidents-000001"
"2026-05-19 12:21:39","servicenow-incidents-000001"
"2026-05-19 12:21:56","servicenow-incidents-000001"
"2026-05-19 12:22:57","servicenow-incidents-000001"
"2026-05-19 12:22:57","servicenow-incidents-000001"
"2026-05-19 12:22:56","servicenow-incidents-000001"
"2026-05-19 12:21:10","servicenow-incidents-000001"
"2026-05-19 09:20:21","servicenow-incidents-000001"
"2026-05-19 12:21:25","servicenow-incidents-000001"
"2026-05-19 12:21:06","servicenow-incidents-000001"
"2026-05-19 12:20:51","servicenow-incidents-000001"
"2026-05-19 12:21:21","servicenow-incidents-000001"
"2026-05-19 12:21:03","servicenow-incidents-000001"
"2026-05-19 12:20:52","servicenow-incidents-000001"
"2026-05-19 12:20:52","servicenow-incidents-000001"
"2026-05-19 11:21:57","servicenow-incidents-000001"
"2026-05-12 09:44:04","servicenow-incidents-000001"
"2026-05-19 12:21:08","servicenow-incidents-000001"
"2026-05-19 12:21:41","servicenow-incidents-000001"
"2026-05-19 12:23:28","servicenow-incidents-000001"
"2026-05-19 12:21:24","servicenow-incidents-000001"
"2026-05-19 12:21:47","servicenow-incidents-000001"
"2026-05-19 12:21:41","servicenow-incidents-000001"
"2026-05-19 08:55:02","servicenow-incidents-000001"
"2026-05-19 12:20:37","servicenow-incidents-000001"
"2026-05-19 12:15:04","servicenow-incidents-000001"
"2026-05-19 12:21:42","servicenow-incidents-000001"
"2026-05-19 10:45:28","servicenow-incidents-000001"
"2026-05-19 12:21:24","servicenow-incidents-000001"
"2026-05-19 12:23:14","servicenow-incidents-000001"
"2026-05-19 12:21:41","servicenow-incidents-000001"
"2026-05-19 12:21:28","servicenow-incidents-000001"
"2026-05-19 12:21:58","servicenow-incidents-000001"
"2026-05-19 12:21:25","servicenow-incidents-000001"
"2026-05-19 12:21:28","servicenow-incidents-000001"
"2026-05-18 07:56:40","servicenow-incidents-000001"
"2026-05-19 12:20:38","servicenow-incidents-000001"
"2026-05-19 12:21:10","servicenow-incidents-000001"
"2026-05-12 11:20:49","servicenow-incidents-000001"
"2026-05-15 08:32:39","servicenow-incidents-000001"
"2026-05-19 12:20:51","servicenow-incidents-000001"
"2026-05-19 09:52:37","servicenow-incidents-000001"
"2026-05-14 06:54:46","servicenow-incidents-000001"
"2026-05-19 08:42:02","servicenow-incidents-000001"
"2026-05-19 11:33:36","servicenow-incidents-000001"
"2026-05-19 09:58:28","servicenow-incidents-000001"
"2026-05-19 12:07:32","servicenow-incidents-000001"
"2026-05-19 08:40:59","servicenow-incidents-000001"
"2026-05-19 12:23:24","servicenow-incidents-000001"
"2026-05-19 12:23:45","servicenow-incidents-000001"
"2026-05-19 12:23:23","servicenow-incidents-000001"
"2026-05-19 12:21:46","servicenow-incidents-000001"
"2026-05-19 09:20:21","servicenow-incidents-000001"
"2026-05-19 09:08:07","servicenow-incidents-000001"
"2026-05-19 11:42:00","servicenow-incidents-000001"
"2026-05-19 11:33:08","servicenow-incidents-000001"
"2026-05-19 08:11:59","servicenow-incidents-000001"
"2026-05-18 11:26:13","servicenow-incidents-000001"
"2026-05-15 02:34:19","servicenow-incidents-000001"
"2026-05-19 09:39:51","servicenow-incidents-000001"
"2026-05-14 11:15:49","servicenow-incidents-000001"
"2026-05-19 11:04:31","servicenow-incidents-000001"
"2026-05-19 11:12:42","servicenow-incidents-000001"
"2026-05-19 10:28:17","servicenow-incidents-000001"
"2026-05-18 12:25:08","servicenow-incidents-000001"
"2026-05-18 16:52:34","servicenow-incidents-000001"
"2026-05-16 09:42:47","servicenow-incidents-000001"
"2026-05-19 09:15:14","servicenow-incidents-000001"
"2026-05-19 12:21:47","servicenow-incidents-000001"
"2026-05-19 12:21:25","servicenow-incidents-000001"
"2026-05-18 15:59:43","servicenow-incidents-000001"
"2026-05-18 22:58:33","servicenow-incidents-000001"
"2026-05-18 10:08:25","servicenow-incidents-000001"
"2026-05-06 12:33:57","servicenow-incidents-000001"
"2026-05-19 11:02:18","servicenow-incidents-000001"
"2026-05-22 09:17:56","servicenow-incidents-000001"
"2026-05-18 14:50:13","servicenow-incidents-000001"
"2026-05-18 13:28:17","servicenow-incidents-000001"
"2026-05-15 11:28:12","servicenow-incidents-000001"
"2026-05-12 12:24:06","servicenow-incidents-000001"
"2026-05-19 08:10:02","servicenow-incidents-000001"
"2026-05-06 10:56:28","servicenow-incidents-000001"
"2026-05-18 15:00:24","servicenow-incidents-000001"
"2026-05-19 11:31:39","servicenow-incidents-000001"
"2026-05-18 11:18:51","servicenow-incidents-000001"
"2026-05-15 10:15:28","servicenow-incidents-000001"
"2026-05-18 10:37:55","servicenow-incidents-000001"
"2026-05-15 12:03:32","servicenow-incidents-000001"
"2026-05-18 08:54:59","servicenow-incidents-000001"
"2026-05-19 11:19:38","servicenow-incidents-000001"
"2026-05-15 14:38:13","servicenow-incidents-000001"
"2026-05-19 11:15:15","servicenow-incidents-000001"
"2026-05-18 12:46:43","servicenow-incidents-000001"
"2026-05-19 09:22:33","servicenow-incidents-000001"
"2026-05-14 11:42:59","servicenow-incidents-000001"
"2026-05-19 11:15:15","servicenow-incidents-000001"
"2026-05-18 10:20:06","servicenow-incidents-000001"
"2026-05-19 08:50:50","servicenow-incidents-000001"
"2026-05-19 08:07:03","servicenow-incidents-000001"
"2026-05-19 09:57:26","servicenow-incidents-000001"
"2026-05-18 01:25:26","servicenow-incidents-000001"
"2026-05-19 08:24:28","servicenow-incidents-000001"
"2026-05-18 20:53:38","servicenow-incidents-000001"
"2026-05-18 11:28:30","servicenow-incidents-000001"
"2026-05-19 11:04:04","servicenow-incidents-000001"
"2026-05-19 11:12:18","servicenow-incidents-000001"
"2026-05-18 10:37:59","servicenow-incidents-000001"
"2026-05-19 01:28:49","servicenow-incidents-000001"
"2026-05-07 06:14:32","servicenow-incidents-000001"
"2026-05-11 14:27:14","servicenow-incidents-000001"
"2026-05-13 06:20:01","servicenow-incidents-000001"
"2026-05-16 00:20:50","servicenow-incidents-000001"
"2026-05-12 10:56:12","servicenow-incidents-000001"
"2026-05-14 06:03:32","servicenow-incidents-000001"
"2026-05-19 10:46:51","servicenow-incidents-000001"
"2026-05-14 09:52:36","servicenow-incidents-000001"
"2026-05-19 11:05:16","servicenow-incidents-000001"
"2026-05-15 08:15:19","servicenow-incidents-000001"
"2026-05-19 11:04:44","servicenow-incidents-000001"
"2026-05-13 13:37:07","servicenow-incidents-000001"
"2026-05-18 09:42:42","servicenow-incidents-000001"
"2026-05-20 10:41:44","servicenow-incidents-000001"
"2026-05-20 16:46:50","servicenow-incidents-000001"
"2026-05-22 09:57:55","servicenow-incidents-000001"
"2026-05-19 04:01:29","servicenow-incidents-000001"
"2026-05-13 11:16:22","servicenow-incidents-000001"
"2026-05-12 15:04:25","servicenow-incidents-000001"
"2026-05-19 05:51:52","servicenow-incidents-000001"
"2026-04-24 15:59:59","servicenow-incidents-000001"
"2026-05-19 10:26:15","servicenow-incidents-000001"
"2026-05-19 09:09:35","servicenow-incidents-000001"
"2026-05-19 08:05:16","servicenow-incidents-000001"
"2026-05-19 10:30:17","servicenow-incidents-000001"
"2026-05-18 10:05:20","servicenow-incidents-000001"
"2026-05-19 08:16:09","servicenow-incidents-000001"
"2026-05-19 06:19:50","servicenow-incidents-000001"
"2026-05-19 04:32:19","servicenow-incidents-000001"
"2026-05-18 15:02:29","servicenow-incidents-000001"
"2026-05-08 10:08:43","servicenow-incidents-000001"
"2026-05-12 11:57:06","servicenow-incidents-000001"
"2026-05-19 10:14:31","servicenow-incidents-000001"
"2026-05-19 08:23:14","servicenow-incidents-000001"
"2026-05-18 14:48:43","servicenow-incidents-000001"
"2026-05-15 16:31:00","servicenow-incidents-000001"
"2026-05-18 08:04:13","servicenow-incidents-000001"
"2026-05-19 02:25:18","servicenow-incidents-000001"
"2026-05-19 10:11:29","servicenow-incidents-000001"
"2026-05-19 10:03:47","servicenow-incidents-000001"
"2026-05-19 10:08:09","servicenow-incidents-000001"
"2026-01-07 16:52:12","servicenow-incidents-000001"
"2026-05-19 09:56:28","servicenow-incidents-000001"
"2026-05-18 20:33:19","servicenow-incidents-000001"
"2026-05-15 07:22:15","servicenow-incidents-000001"
"2026-05-14 13:49:52","servicenow-incidents-000001"
"2026-05-19 05:39:37","servicenow-incidents-000001"
"2026-05-19 09:53:26","servicenow-incidents-000001"
"2026-05-19 08:58:59","servicenow-incidents-000001"
"2026-05-18 12:12:27","servicenow-incidents-000001"
"2026-05-08 17:18:17","servicenow-incidents-000001"
"2026-05-12 08:05:49","servicenow-incidents-000001"
"2026-05-18 12:43:44","servicenow-incidents-000001"
"2026-05-18 22:15:10","servicenow-incidents-000001"
"2026-05-19 09:52:36","servicenow-incidents-000001"
"2026-05-14 15:00:48","servicenow-incidents-000001"
"2026-05-19 05:05:08","servicenow-incidents-000001"
"2026-05-18 10:01:53","servicenow-incidents-000001"
"2026-05-19 09:47:18","servicenow-incidents-000001"
"2026-05-18 10:20:34","servicenow-incidents-000001"
"2026-05-18 15:27:09","servicenow-incidents-000001"
"2026-05-15 15:27:39","servicenow-incidents-000001"
"2026-05-19 09:46:12","servicenow-incidents-000001"
"2026-05-19 09:40:30","servicenow-incidents-000001"
"2026-05-19 09:30:51","servicenow-incidents-000001"
"2026-05-19 07:28:50","servicenow-incidents-000001"
"2026-05-18 07:53:56","servicenow-incidents-000001"
"2026-05-18 11:46:41","servicenow-incidents-000001"
"2026-05-18 15:35:07","servicenow-incidents-000001"
"2026-05-19 09:48:39","servicenow-incidents-000001"
"2026-05-12 14:25:45","servicenow-incidents-000001"
"2026-05-19 03:48:00","servicenow-incidents-000001"
"2026-05-20 08:11:42","servicenow-incidents-000001"
"2026-05-20 03:28:43","servicenow-incidents-000001"
"2026-05-19 03:00:11","servicenow-incidents-000001"
"2026-05-13 14:01:27","servicenow-incidents-000001"
"2026-04-07 13:27:49","servicenow-incidents-000001"
"2026-05-14 02:49:25","servicenow-incidents-000001"
"2026-05-18 08:42:45","servicenow-incidents-000001"
"2026-05-12 18:11:30","servicenow-incidents-000001"
"2026-05-18 13:21:50","servicenow-incidents-000001"
"2026-05-18 09:11:49","servicenow-incidents-000001"
"2026-05-19 09:30:29","servicenow-incidents-000001"
"2026-05-13 15:37:03","servicenow-incidents-000001"
"2026-05-19 09:29:40","servicenow-incidents-000001"
"2026-05-19 09:10:23","servicenow-incidents-000001"
"2026-05-05 13:48:54","servicenow-incidents-000001"
"2026-05-18 09:46:41","servicenow-incidents-000001"
"2026-05-14 09:01:36","servicenow-incidents-000001"
"2026-05-19 07:33:00","servicenow-incidents-000001"
"2026-04-27 13:01:52","servicenow-incidents-000001"
"2026-05-18 07:32:18","servicenow-incidents-000001"
"2026-05-18 13:05:02","servicenow-incidents-000001"
"2026-05-18 23:03:15","servicenow-incidents-000001"
"2026-05-19 08:29:44","servicenow-incidents-000001"
"2026-05-18 08:50:28","servicenow-incidents-000001"
"2026-05-13 15:06:59","servicenow-incidents-000001"
"2026-05-19 07:21:44","servicenow-incidents-000001"
"2026-05-18 14:48:52","servicenow-incidents-000001"
"2026-05-19 04:25:23","servicenow-incidents-000001"
"2026-05-08 03:14:27","servicenow-incidents-000001"
"2026-05-19 07:05:49","servicenow-incidents-000001"
"2026-04-21 19:38:55","servicenow-incidents-000001"
"2026-05-19 08:55:47","servicenow-incidents-000001"
"2026-05-19 08:01:15","servicenow-incidents-000001"
"2026-05-19 08:52:09","servicenow-incidents-000001"
"2026-05-15 10:54:30","servicenow-incidents-000001"
"2026-05-15 11:41:06","servicenow-incidents-000001"
"2026-05-18 09:16:54","servicenow-incidents-000001"
"2026-05-19 08:31:43","servicenow-incidents-000001"
"2026-05-19 08:44:47","servicenow-incidents-000001"
"2026-05-19 08:35:57","servicenow-incidents-000001"
"2026-05-18 05:54:31","servicenow-incidents-000001"
"2026-05-19 08:47:34","servicenow-incidents-000001"
"2026-05-18 07:00:45","servicenow-incidents-000001"
"2026-05-19 08:33:34","servicenow-incidents-000001"
"2026-05-21 05:59:35","servicenow-incidents-000001"
"2026-05-22 08:50:43","servicenow-incidents-000001"
"2026-05-08 00:06:54","servicenow-incidents-000001"
"2026-05-13 13:19:34","servicenow-incidents-000001"
"2026-05-19 01:39:12","servicenow-incidents-000001"
"2026-05-16 16:20:42","servicenow-incidents-000001"
"2026-05-17 06:04:46","servicenow-incidents-000001"
"2026-05-17 19:05:14","servicenow-incidents-000001"
"2026-05-17 19:55:06","servicenow-incidents-000001"
"2026-05-18 07:34:32","servicenow-incidents-000001"
"2026-05-14 04:50:48","servicenow-incidents-000001"
"2026-05-18 03:44:34","servicenow-incidents-000001"
"2026-05-19 01:36:32","servicenow-incidents-000001"
"2026-05-18 06:47:49","servicenow-incidents-000001"
"2026-05-08 22:31:49","servicenow-incidents-000001"
"2026-05-19 00:35:57","servicenow-incidents-000001"
"2026-04-25 13:15:22","servicenow-incidents-000001"
"2026-05-19 02:53:45","servicenow-incidents-000001"
"2026-05-19 00:36:11","servicenow-incidents-000001"
"2026-05-17 21:09:54","servicenow-incidents-000001"
"2026-05-19 03:00:36","servicenow-incidents-000001"
"2026-05-18 20:38:13","servicenow-incidents-000001"
"2026-05-19 02:24:51","servicenow-incidents-000001"
"2026-05-17 19:05:14","servicenow-incidents-000001"
"2026-05-19 00:55:03","servicenow-incidents-000001"
"2026-05-19 01:27:33","servicenow-incidents-000001"
"2026-05-18 05:17:27","servicenow-incidents-000001"
"2026-05-18 23:12:06","servicenow-incidents-000001"
"2026-05-18 21:15:31","servicenow-incidents-000001"
"2026-05-18 23:11:05","servicenow-incidents-000001"
"2026-05-18 20:24:46","servicenow-incidents-000001"
"2026-05-17 20:50:16","servicenow-incidents-000001"
"2026-05-18 20:55:30","servicenow-incidents-000001"
"2026-05-18 12:54:03","servicenow-incidents-000001"
"2026-05-06 23:59:53","servicenow-incidents-000001"
"2026-05-19 03:37:35","servicenow-incidents-000001"
"2026-05-18 01:23:51","servicenow-incidents-000001"
"2026-05-19 02:09:22","servicenow-incidents-000001"
"2026-05-19 01:53:10","servicenow-incidents-000001"
"2026-05-18 09:27:28","servicenow-incidents-000001"
"2026-05-18 01:11:30","servicenow-incidents-000001"
"2026-04-29 09:15:16","servicenow-incidents-000001"
"2026-05-18 23:09:31","servicenow-incidents-000001"
"2026-05-19 01:38:31","servicenow-incidents-000001"
"2026-05-15 01:24:32","servicenow-incidents-000001"
"2026-05-14 02:27:39","servicenow-incidents-000001"
"2026-05-14 08:45:31","servicenow-incidents-000001"
"2026-05-08 13:35:58","servicenow-incidents-000001"
"2026-05-14 11:31:21","servicenow-incidents-000001"
"2026-05-18 23:05:47","servicenow-incidents-000001"
"2026-04-17 12:46:55","servicenow-incidents-000001"
"2026-05-19 01:14:14","servicenow-incidents-000001"
"2026-04-27 13:57:16","servicenow-incidents-000001"
"2026-05-04 11:43:13","servicenow-incidents-000001"
"2026-05-18 09:55:12","servicenow-incidents-000001"
"2026-05-08 01:28:55","servicenow-incidents-000001"
"2026-05-12 08:31:30","servicenow-incidents-000001"
"2026-05-18 15:07:55","servicenow-incidents-000001"
"2026-05-18 23:50:34","servicenow-incidents-000001"
"2026-05-18 00:36:06","servicenow-incidents-000001"
"2026-05-19 00:20:50","servicenow-incidents-000001"
"2026-05-13 01:25:39","servicenow-incidents-000001"
"2026-05-14 15:40:41","servicenow-incidents-000001"
"2026-05-15 10:31:59","servicenow-incidents-000001"
"2026-05-19 01:35:15","servicenow-incidents-000001"
"2026-05-17 20:12:04","servicenow-incidents-000001"
"2026-05-17 14:05:19","servicenow-incidents-000001"
"2026-05-19 00:28:40","servicenow-incidents-000001"
"2026-05-17 20:12:36","servicenow-incidents-000001"
"2026-05-18 21:35:13","servicenow-incidents-000001"
"2026-05-18 20:00:28","servicenow-incidents-000001"
"2026-05-18 22:11:51","servicenow-incidents-000001"
"2026-05-18 23:19:57","servicenow-incidents-000001"
"2026-05-18 20:01:48","servicenow-incidents-000001"
"2026-05-18 22:34:29","servicenow-incidents-000001"
"2026-04-30 12:07:16","servicenow-incidents-000001"
"2026-05-17 13:52:01","servicenow-incidents-000001"
"2026-05-19 01:01:06","servicenow-incidents-000001"
"2026-05-15 07:43:53","servicenow-incidents-000001"
"2026-05-18 19:50:07","servicenow-incidents-000001"
"2026-05-19 00:12:46","servicenow-incidents-000001"
"2026-05-19 01:56:11","servicenow-incidents-000001"
"2026-05-18 23:45:18","servicenow-incidents-000001"
"2026-05-14 16:45:44","servicenow-incidents-000001"
"2026-05-18 09:29:40","servicenow-incidents-000001"
"2026-05-18 20:28:14","servicenow-incidents-000001"
"2026-05-19 01:05:11","servicenow-incidents-000001"
"2026-05-18 20:32:33","servicenow-incidents-000001"
"2026-05-19 00:03:31","servicenow-incidents-000001"
"2026-05-17 08:05:14","servicenow-incidents-000001"
"2026-05-17 22:20:06","servicenow-incidents-000001"
"2026-05-17 12:34:44","servicenow-incidents-000001"
"2026-05-15 02:04:27","servicenow-incidents-000001"
"2026-05-17 01:04:50","servicenow-incidents-000001"
"2026-05-16 08:04:35","servicenow-incidents-000001"
"2026-05-18 21:50:12","servicenow-incidents-000001"
"2026-05-16 20:34:48","servicenow-incidents-000001"
"2026-05-17 13:04:59","servicenow-incidents-000001"
"2026-05-17 02:04:48","servicenow-incidents-000001"
"2026-05-16 06:44:39","servicenow-incidents-000001"
"2026-05-14 09:25:54","servicenow-incidents-000001"
"2026-05-18 15:34:50","servicenow-incidents-000001"
"2026-05-19 01:59:19","servicenow-incidents-000001"
"2026-05-18 19:44:52","servicenow-incidents-000001"
"2026-05-18 23:05:32","servicenow-incidents-000001"
"2026-05-11 23:35:52","servicenow-incidents-000001"
"2026-05-18 19:49:11","servicenow-incidents-000001"
"2026-05-11 22:05:08","servicenow-incidents-000001"
"2026-05-18 01:10:03","servicenow-incidents-000001"
"2026-05-18 05:01:04","servicenow-incidents-000001"
"2026-05-18 05:51:08","servicenow-incidents-000001"
"2026-05-18 19:47:01","servicenow-incidents-000001"
"2026-05-17 20:10:18","servicenow-incidents-000001"
"2026-05-14 08:04:37","servicenow-incidents-000001"
"2026-05-18 19:28:42","servicenow-incidents-000001"
"2026-05-14 16:10:22","servicenow-incidents-000001"
"2026-05-16 02:29:38","servicenow-incidents-000001"
"2026-05-18 20:35:03","servicenow-incidents-000001"
"2026-05-14 04:37:40","servicenow-incidents-000001"
"2026-05-18 19:33:29","servicenow-incidents-000001"
"2026-05-18 20:32:46","servicenow-incidents-000001"
"2026-05-17 07:05:28","servicenow-incidents-000001"
"2026-05-18 08:12:50","servicenow-incidents-000001"
"2026-05-18 19:37:45","servicenow-incidents-000001"
"2026-05-18 20:25:29","servicenow-incidents-000001"
"2026-05-18 22:27:26","servicenow-incidents-000001"
"2026-05-18 19:32:24","servicenow-incidents-000001"
"2026-05-19 00:27:02","servicenow-incidents-000001"
"2026-05-12 18:02:47","servicenow-incidents-000001"
"2026-05-18 23:34:27","servicenow-incidents-000001"
"2026-05-13 00:04:22","servicenow-incidents-000001"
"2026-05-16 19:15:46","servicenow-incidents-000001"
"2026-05-15 08:04:30","servicenow-incidents-000001"
"2026-05-18 06:12:09","servicenow-incidents-000001"
"2026-05-04 16:45:23","servicenow-incidents-000001"
"2026-05-18 23:08:45","servicenow-incidents-000001"
"2026-05-18 17:36:12","servicenow-incidents-000001"
"2026-05-18 15:27:44","servicenow-incidents-000001"
"2026-05-18 17:23:30","servicenow-incidents-000001"
"2026-05-18 18:56:49","servicenow-incidents-000001"
"2026-05-18 17:22:35","servicenow-incidents-000001"
"2026-05-18 13:11:45","servicenow-incidents-000001"
"2026-05-18 19:21:34","servicenow-incidents-000001"
"2026-05-18 17:22:38","servicenow-incidents-000001"
"2026-04-30 07:01:55","servicenow-incidents-000001"
"2026-05-18 09:07:37","servicenow-incidents-000001"
"2026-05-15 11:39:29","servicenow-incidents-000001"
"2026-05-15 14:55:37","servicenow-incidents-000001"
"2026-05-18 19:12:10","servicenow-incidents-000001"
"2026-05-18 05:51:06","servicenow-incidents-000001"
"2026-05-18 18:03:41","servicenow-incidents-000001"
"2026-05-17 23:55:07","servicenow-incidents-000001"
"2026-05-18 10:08:28","servicenow-incidents-000001"
"2026-05-18 19:15:24","servicenow-incidents-000001"
"2026-05-18 20:07:16","servicenow-incidents-000001"
"2026-05-18 14:15:11","servicenow-incidents-000001"
"2026-05-13 11:57:01","servicenow-incidents-000001"
"2026-05-18 10:32:53","servicenow-incidents-000001"
"2026-05-08 11:34:52","servicenow-incidents-000001"
"2026-05-11 05:50:22","servicenow-incidents-000001"
"2026-05-15 00:03:38","servicenow-incidents-000001"
"2026-05-05 14:57:09","servicenow-incidents-000001"
"2026-05-12 13:39:16","servicenow-incidents-000001"
"2026-05-18 07:14:51","servicenow-incidents-000001"
"2026-05-11 07:55:44","servicenow-incidents-000001"
"2026-04-21 09:43:30","servicenow-incidents-000001"
"2026-05-18 10:19:58","servicenow-incidents-000001"
"2026-05-07 14:55:10","servicenow-incidents-000001"
"2026-05-18 15:52:35","servicenow-incidents-000001"
"2026-05-14 07:31:38","servicenow-incidents-000001"
"2026-05-14 11:55:58","servicenow-incidents-000001"
"2026-05-14 23:20:32","servicenow-incidents-000001"
"2026-05-18 13:32:02","servicenow-incidents-000001"
"2026-05-19 07:58:40","servicenow-incidents-000001"
"2026-05-18 18:31:23","servicenow-incidents-000001"
"2026-05-18 23:15:56","servicenow-incidents-000001"
"2026-05-19 08:34:44","servicenow-incidents-000001"
"2026-05-19 07:47:17","servicenow-incidents-000001"
"2026-05-19 08:25:47","servicenow-incidents-000001"
"2026-05-18 10:04:44","servicenow-incidents-000001"
"2026-05-07 04:53:32","servicenow-incidents-000001"
"2026-05-18 09:43:18","servicenow-incidents-000001"
"2026-05-18 09:28:40","servicenow-incidents-000001"
"2026-05-18 09:41:10","servicenow-incidents-000001"
"2026-05-18 23:05:28","servicenow-incidents-000001"
"2026-05-15 00:52:42","servicenow-incidents-000001"
"2026-05-19 07:38:26","servicenow-incidents-000001"
"2026-05-19 07:44:53","servicenow-incidents-000001"
"2026-05-18 08:45:35","servicenow-incidents-000001"
"2026-05-18 11:56:12","servicenow-incidents-000001"
"2026-05-18 11:27:59","servicenow-incidents-000001"
"2026-05-17 12:44:38","servicenow-incidents-000001"
"2026-05-19 08:32:54","servicenow-incidents-000001"
"2026-05-18 19:31:23","servicenow-incidents-000001"
"2026-05-19 02:15:14","servicenow-incidents-000001"
"2026-05-18 14:51:48","servicenow-incidents-000001"
"2026-05-19 08:17:07","servicenow-incidents-000001"
"2026-05-19 08:08:48","servicenow-incidents-000001"
"2026-05-18 13:45:51","servicenow-incidents-000001"
"2026-05-18 16:32:44","servicenow-incidents-000001"
"2026-05-19 08:09:00","servicenow-incidents-000001"
"2026-05-19 08:06:54","servicenow-incidents-000001"
"2026-05-19 07:26:55","servicenow-incidents-000001"
"2026-05-15 08:04:38","servicenow-incidents-000001"
"2026-05-19 07:49:35","servicenow-incidents-000001"
"2026-05-18 10:13:08","servicenow-incidents-000001"
"2026-05-15 02:04:26","servicenow-incidents-000001"
"2026-05-19 05:04:26","servicenow-incidents-000001"
"2026-04-30 09:18:55","servicenow-incidents-000001"
"2026-05-18 10:03:59","servicenow-incidents-000001"
"2026-05-18 01:15:00","servicenow-incidents-000001"
"2026-05-16 06:02:34","servicenow-incidents-000001"
"2026-05-15 05:04:49","servicenow-incidents-000001"
"2026-05-17 20:15:27","servicenow-incidents-000001"
"2026-05-18 09:15:48","servicenow-incidents-000001"
"2026-05-18 05:10:13","servicenow-incidents-000001"
"2026-05-19 07:30:41","servicenow-incidents-000001"
"2026-05-14 08:29:10","servicenow-incidents-000001"
"2026-05-19 04:58:37","servicenow-incidents-000001"
"2026-05-18 04:24:04","servicenow-incidents-000001"
"2026-05-16 07:28:47","servicenow-incidents-000001"
"2026-05-17 06:30:05","servicenow-incidents-000001"
"2026-05-10 11:01:51","servicenow-incidents-000001"
"2026-05-18 15:15:55","servicenow-incidents-000001"
"2026-05-14 05:32:22","servicenow-incidents-000001"
"2026-05-19 07:03:54","servicenow-incidents-000001"
"2026-05-19 07:14:30","servicenow-incidents-000001"
"2026-05-18 06:01:00","servicenow-incidents-000001"
"2026-05-18 06:26:08","servicenow-incidents-000001"
"2026-05-18 05:36:04","servicenow-incidents-000001"
"2026-05-17 19:16:25","servicenow-incidents-000001"
"2026-05-18 03:35:36","servicenow-incidents-000001"
"2026-05-19 07:39:49","servicenow-incidents-000001"
"2026-05-18 01:15:00","servicenow-incidents-000001"
"2026-05-18 06:06:08","servicenow-incidents-000001"
"2026-05-13 08:39:21","servicenow-incidents-000001"
"2026-05-18 06:21:00","servicenow-incidents-000001"
"2026-05-18 00:21:06","servicenow-incidents-000001"
"2026-05-18 05:36:04","servicenow-incidents-000001"
"2026-05-18 05:56:03","servicenow-incidents-000001"
"2026-05-18 05:10:14","servicenow-incidents-000001"
"2026-05-14 08:44:45","servicenow-incidents-000001"
"2026-05-18 08:30:43","servicenow-incidents-000001"
"2026-05-18 05:31:08","servicenow-incidents-000001"
"2026-05-18 05:31:08","servicenow-incidents-000001"
"2026-05-18 05:10:13","servicenow-incidents-000001"
"2026-05-19 03:05:56","servicenow-incidents-000001"
"2026-05-18 08:32:59","servicenow-incidents-000001"
"2026-05-14 09:43:06","servicenow-incidents-000001"
"2026-05-18 09:07:29","servicenow-incidents-000001"
"2026-05-17 06:14:51","servicenow-incidents-000001"
"2026-05-18 09:22:49","servicenow-incidents-000001"
"2026-05-18 15:54:48","servicenow-incidents-000001"
"2026-05-12 08:02:37","servicenow-incidents-000001"
"2026-05-19 03:24:43","servicenow-incidents-000001"
"2026-04-07 09:36:03","servicenow-incidents-000001"
"2026-05-18 05:36:04","servicenow-incidents-000001"
"2026-05-18 00:16:12","servicenow-incidents-000001"
"2026-05-19 06:15:24","servicenow-incidents-000001"
"2026-05-12 09:30:17","servicenow-incidents-000001"
"2026-05-15 02:45:33","servicenow-incidents-000001"
"2026-04-27 04:54:28","servicenow-incidents-000001"
"2026-05-18 22:00:47","servicenow-incidents-000001"
"2026-05-18 05:16:05","servicenow-incidents-000001"
"2026-05-16 14:04:40","servicenow-incidents-000001"
"2026-05-18 05:16:06","servicenow-incidents-000001"
"2026-05-19 01:35:03","servicenow-incidents-000001"
"2026-05-19 05:29:46","servicenow-incidents-000001"
"2026-05-19 05:28:46","servicenow-incidents-000001"
"2026-05-18 09:24:12","servicenow-incidents-000001"
"2026-05-18 07:37:42","servicenow-incidents-000001"
"2026-05-18 05:53:31","servicenow-incidents-000001"
"2026-05-19 04:08:48","servicenow-incidents-000001"
"2026-05-18 23:08:23","servicenow-incidents-000001"
"2026-05-18 07:31:28","servicenow-incidents-000001"
"2026-05-19 05:14:47","servicenow-incidents-000001"
"2026-05-19 02:15:36","servicenow-incidents-000001"
"2026-05-18 04:46:02","servicenow-incidents-000001"
"2026-05-19 01:35:16","servicenow-incidents-000001"
"2026-05-15 02:01:11","servicenow-incidents-000001"
"2026-05-14 00:05:35","servicenow-incidents-000001"
"2026-05-18 03:02:15","servicenow-incidents-000001"
"2026-05-18 12:49:45","servicenow-incidents-000001"
"2026-05-18 23:04:04","servicenow-incidents-000001"
"2026-05-18 23:14:02","servicenow-incidents-000001"
"2026-05-19 05:19:36","servicenow-incidents-000001"
"2026-05-12 09:54:47","servicenow-incidents-000001"
"2026-05-19 00:02:19","servicenow-incidents-000001"
"2026-05-18 23:59:23","servicenow-incidents-000001"
"2026-05-19 04:48:49","servicenow-incidents-000001"
"2026-05-18 23:59:20","servicenow-incidents-000001"
"2026-04-22 09:39:22","servicenow-incidents-000001"
"2026-05-19 04:31:54","servicenow-incidents-000001"
"2026-05-18 06:59:37","servicenow-incidents-000001"
"2026-05-18 07:05:07","servicenow-incidents-000001"
"2026-05-18 06:19:16","servicenow-incidents-000001"
"2026-05-18 07:18:54","servicenow-incidents-000001"
"2026-05-18 07:14:52","servicenow-incidents-000001"
"2026-05-19 04:57:37","servicenow-incidents-000001"
"2026-05-19 04:18:26","servicenow-incidents-000001"
"2026-05-15 07:12:56","servicenow-incidents-000001"
"2026-05-18 05:54:12","servicenow-incidents-000001"
"2026-05-18 20:41:00","servicenow-incidents-000001"
"2026-05-19 02:32:14","servicenow-incidents-000001"
"2026-05-18 15:18:01","servicenow-incidents-000001"
"2026-05-15 11:33:14","servicenow-incidents-000001"
"2026-05-18 21:55:46","servicenow-incidents-000001"
"2026-04-27 08:14:55","servicenow-incidents-000001"
"2026-05-21 16:20:08","servicenow-incidents-000001"
"2026-05-14 10:20:13","servicenow-incidents-000001"
"2026-05-20 17:25:47","servicenow-incidents-000001"
"2026-05-14 07:52:19","servicenow-incidents-000001"
"2026-05-18 09:33:34","servicenow-incidents-000001"
"2026-05-18 10:36:10","servicenow-incidents-000001"
"2026-05-18 12:07:52","servicenow-incidents-000001"
"2026-05-18 08:47:32","servicenow-incidents-000001"
"2026-05-18 11:34:59","servicenow-incidents-000001"
"2026-05-18 10:34:52","servicenow-incidents-000001"
"2026-05-18 08:50:54","servicenow-incidents-000001"
"2026-05-18 08:58:44","servicenow-incidents-000001"
"2026-05-18 08:52:40","servicenow-incidents-000001"
"2026-05-18 09:20:39","servicenow-incidents-000001"
"2026-05-18 09:08:05","servicenow-incidents-000001"
"2026-05-18 10:37:09","servicenow-incidents-000001"
"2026-05-18 09:26:05","servicenow-incidents-000001"
"2026-05-18 10:17:36","servicenow-incidents-000001"
"2026-05-18 08:55:42","servicenow-incidents-000001"
"2026-05-18 08:53:41","servicenow-incidents-000001"
"2026-05-18 09:48:56","servicenow-incidents-000001"
"2026-05-18 09:08:03","servicenow-incidents-000001"
"2026-05-18 09:16:51","servicenow-incidents-000001"
"2026-05-18 08:54:01","servicenow-incidents-000001"
"2026-05-18 10:19:38","servicenow-incidents-000001"
"2026-05-18 09:34:17","servicenow-incidents-000001"
"2026-05-18 11:54:07","servicenow-incidents-000001"
"2026-05-18 09:09:05","servicenow-incidents-000001"
"2026-05-18 08:49:47","servicenow-incidents-000001"
"2026-05-18 09:55:07","servicenow-incidents-000001"
"2026-05-18 09:46:21","servicenow-incidents-000001"
"2026-05-18 10:23:20","servicenow-incidents-000001"
"2026-05-18 10:08:03","servicenow-incidents-000001"
"2026-05-18 10:21:01","servicenow-incidents-000001"
"2026-05-18 09:13:37","servicenow-incidents-000001"
"2026-05-18 09:31:32","servicenow-incidents-000001"
"2026-05-18 09:14:15","servicenow-incidents-000001"
"2026-05-18 08:50:57","servicenow-incidents-000001"
"2026-05-18 09:04:10","servicenow-incidents-000001"
"2026-05-18 10:25:13","servicenow-incidents-000001"
"2026-05-18 09:22:37","servicenow-incidents-000001"
"2026-05-18 09:55:36","servicenow-incidents-000001"
"2026-05-18 09:38:52","servicenow-incidents-000001"
"2026-05-18 10:06:11","servicenow-incidents-000001"
"2026-05-18 10:12:12","servicenow-incidents-000001"
"2026-05-18 10:31:54","servicenow-incidents-000001"
"2026-05-18 08:56:32","servicenow-incidents-000001"
"2026-05-18 09:24:34","servicenow-incidents-000001"
"2026-05-18 09:23:21","servicenow-incidents-000001"
"2026-05-18 08:59:44","servicenow-incidents-000001"
"2026-05-18 10:10:53","servicenow-incidents-000001"
"2026-05-18 09:46:36","servicenow-incidents-000001"
"2026-05-18 10:17:16","servicenow-incidents-000001"
"2026-05-18 09:02:47","servicenow-incidents-000001"
"2026-05-18 09:00:31","servicenow-incidents-000001"
"2026-05-18 10:28:03","servicenow-incidents-000001"
"2026-05-18 09:39:44","servicenow-incidents-000001"
"2026-05-18 09:01:53","servicenow-incidents-000001"
"2026-05-18 08:54:26","servicenow-incidents-000001"
"2026-05-18 09:43:17","servicenow-incidents-000001"
"2026-05-18 09:37:01","servicenow-incidents-000001"
"2026-05-18 10:10:11","servicenow-incidents-000001"
"2026-05-18 09:33:30","servicenow-incidents-000001"
"2026-05-18 09:56:27","servicenow-incidents-000001"
"2026-05-18 10:19:35","servicenow-incidents-000001"
"2026-05-18 10:20:14","servicenow-incidents-000001"
"2026-05-18 09:00:11","servicenow-incidents-000001"
"2026-05-18 10:05:22","servicenow-incidents-000001"
"2026-05-18 09:10:30","servicenow-incidents-000001"
"2026-05-18 09:25:53","servicenow-incidents-000001"
"2026-05-17 20:52:26","servicenow-incidents-000001"
"2026-05-18 11:50:28","servicenow-incidents-000001"
"2026-05-18 11:40:28","servicenow-incidents-000001"
"2026-05-18 12:00:11","servicenow-incidents-000001"
"2026-05-18 11:48:39","servicenow-incidents-000001"
"2026-05-18 09:22:27","servicenow-incidents-000001"
"2026-05-18 11:43:39","servicenow-incidents-000001"
"2026-05-18 09:47:34","servicenow-incidents-000001"
"2026-05-18 10:00:17","servicenow-incidents-000001"
"2026-05-16 22:03:28","servicenow-incidents-000001"
"2026-05-18 08:20:10","servicenow-incidents-000001"
"2026-05-20 14:19:36","servicenow-incidents-000001"
"2026-05-21 10:42:49","servicenow-incidents-000001"
"2026-05-21 01:42:13","servicenow-incidents-000001"
"2026-05-21 11:49:08","servicenow-incidents-000001"
"2026-05-17 00:24:52","servicenow-incidents-000001"
"2026-05-18 10:14:08","servicenow-incidents-000001"
"2026-05-18 11:25:37","servicenow-incidents-000001"
"2026-05-18 11:26:12","servicenow-incidents-000001"
"2026-05-17 09:20:04","servicenow-incidents-000001"
"2026-05-18 10:47:05","servicenow-incidents-000001"
"2026-05-15 11:21:44","servicenow-incidents-000001"
"2026-05-12 06:29:10","servicenow-incidents-000001"
"2026-05-18 11:00:10","servicenow-incidents-000001"
"2026-05-14 17:40:54","servicenow-incidents-000001"
"2026-05-18 09:15:18","servicenow-incidents-000001"
"2026-05-18 10:33:32","servicenow-incidents-000001"
"2026-05-18 09:34:08","servicenow-incidents-000001"
"2026-05-18 10:16:19","servicenow-incidents-000001"
"2026-05-18 09:51:50","servicenow-incidents-000001"
"2026-05-18 06:18:57","servicenow-incidents-000001"
"2026-05-18 10:50:47","servicenow-incidents-000001"
"2026-05-18 05:51:26","servicenow-incidents-000001"
"2026-05-09 07:41:26","servicenow-incidents-000001"
"2026-05-18 09:55:32","servicenow-incidents-000001"
"2026-05-19 14:19:49","servicenow-incidents-000001"
"2026-05-18 09:04:19","servicenow-incidents-000001"
"2026-05-18 10:07:39","servicenow-incidents-000001"
"2026-05-18 01:29:16","servicenow-incidents-000001"
"2026-05-18 10:31:58","servicenow-incidents-000001"
"2026-05-18 10:26:53","servicenow-incidents-000001"
"2026-05-15 15:47:55","servicenow-incidents-000001"
"2026-05-17 23:43:32","servicenow-incidents-000001"
"2026-05-18 10:13:57","servicenow-incidents-000001"
"2026-05-14 08:41:32","servicenow-incidents-000001"
"2026-05-14 14:02:24","servicenow-incidents-000001"
"2026-05-18 10:08:28","servicenow-incidents-000001"
"2026-05-11 10:57:34","servicenow-incidents-000001"
"2026-05-18 09:20:46","servicenow-incidents-000001"
"2026-05-18 10:03:28","servicenow-incidents-000001"
"2026-05-15 09:52:19","servicenow-incidents-000001"
"2026-05-17 03:55:42","servicenow-incidents-000001"
"2026-05-18 09:43:04","servicenow-incidents-000001"
"2026-05-18 09:43:05","servicenow-incidents-000001"
"2026-05-18 09:31:20","servicenow-incidents-000001"
"2026-05-18 09:53:58","servicenow-incidents-000001"
"2026-05-17 01:04:50","servicenow-incidents-000001"
"2026-05-18 09:38:38","servicenow-incidents-000001"
"2026-05-14 02:34:36","servicenow-incidents-000001"
"2026-05-18 09:52:03","servicenow-incidents-000001"
"2026-05-17 01:29:46","servicenow-incidents-000001"
"2026-05-18 09:49:55","servicenow-incidents-000001"
"2026-05-18 08:46:54","servicenow-incidents-000001"
"2026-05-18 09:46:12","servicenow-incidents-000001"
"2026-05-18 10:07:29","servicenow-incidents-000001"
"2026-05-18 09:37:27","servicenow-incidents-000001"
"2026-05-08 21:21:22","servicenow-incidents-000001"
"2026-05-18 07:34:30","servicenow-incidents-000001"
"2026-05-17 01:34:44","servicenow-incidents-000001"
"2026-05-18 09:56:05","servicenow-incidents-000001"
"2026-05-20 10:42:57","servicenow-incidents-000001"
"2026-05-21 09:40:56","servicenow-incidents-000001"
"2026-05-15 10:11:10","servicenow-incidents-000001"
"2026-05-18 09:32:59","servicenow-incidents-000001"
"2026-05-18 09:36:16","servicenow-incidents-000001"
"2026-05-14 10:18:47","servicenow-incidents-000001"
"2026-05-18 09:30:58","servicenow-incidents-000001"
"2026-05-15 16:14:07","servicenow-incidents-000001"
"2026-05-18 09:18:44","servicenow-incidents-000001"
"2026-04-22 08:07:45","servicenow-incidents-000001"
"2026-05-17 07:20:00","servicenow-incidents-000001"
"2026-05-18 09:30:55","servicenow-incidents-000001"
"2026-05-18 09:27:58","servicenow-incidents-000001"
"2026-05-18 09:12:51","servicenow-incidents-000001"
"2026-05-18 08:57:47","servicenow-incidents-000001"
"2026-04-20 23:52:59","servicenow-incidents-000001"
"2026-05-18 09:13:16","servicenow-incidents-000001"
"2026-05-18 09:13:33","servicenow-incidents-000001"
"2026-05-18 08:46:18","servicenow-incidents-000001"
"2026-05-18 09:21:11","servicenow-incidents-000001"
"2026-04-17 07:51:31","servicenow-incidents-000001"
"2026-05-09 07:57:15","servicenow-incidents-000001"
"2026-05-18 08:39:04","servicenow-incidents-000001"
"2026-05-18 07:59:49","servicenow-incidents-000001"
"2026-05-18 08:16:17","servicenow-incidents-000001"
"2026-05-18 08:46:10","servicenow-incidents-000001"
"2026-05-12 12:42:47","servicenow-incidents-000001"
"2026-05-18 09:02:17","servicenow-incidents-000001"
"2026-05-18 09:03:34","servicenow-incidents-000001"
"2026-05-14 06:51:39","servicenow-incidents-000001"
"2026-05-18 08:42:12","servicenow-incidents-000001"
"2026-05-18 06:35:42","servicenow-incidents-000001"
"2026-05-16 08:17:22","servicenow-incidents-000001"
"2026-05-18 08:55:23","servicenow-incidents-000001"
"2026-05-12 02:05:04","servicenow-incidents-000001"
"2026-05-08 08:59:40","servicenow-incidents-000001"
"2026-05-18 08:22:59","servicenow-incidents-000001"
"2026-05-17 00:09:51","servicenow-incidents-000001"
"2026-05-18 04:41:20","servicenow-incidents-000001"
"2026-05-01 03:38:29","servicenow-incidents-000001"
"2026-05-18 05:13:48","servicenow-incidents-000001"
"2026-05-15 07:48:44","servicenow-incidents-000001"
"2026-05-18 05:30:48","servicenow-incidents-000001"
"2026-04-27 05:21:04","servicenow-incidents-000001"
"2026-05-18 07:04:18","servicenow-incidents-000001"
"2026-05-18 08:34:14","servicenow-incidents-000001"
"2026-05-05 08:44:55","servicenow-incidents-000001"
"2026-05-11 09:14:31","servicenow-incidents-000001"
"2026-05-16 15:36:59","servicenow-incidents-000001"
"2026-05-16 16:02:09","servicenow-incidents-000001"
"2026-05-16 15:10:59","servicenow-incidents-000001"
"2026-05-16 15:10:56","servicenow-incidents-000001"
"2026-05-16 15:10:58","servicenow-incidents-000001"
"2026-05-16 15:10:59","servicenow-incidents-000001"
"2026-05-15 14:41:45","servicenow-incidents-000001"
"2026-05-16 12:02:04","servicenow-incidents-000001"
"2026-05-16 12:13:06","servicenow-incidents-000001"
"2026-05-16 11:56:58","servicenow-incidents-000001"
"2026-05-16 12:12:46","servicenow-incidents-000001"
"2026-05-16 11:47:06","servicenow-incidents-000001"
"2026-05-16 11:18:20","servicenow-incidents-000001"
"2026-05-13 17:15:44","servicenow-incidents-000001"
"2026-05-16 11:44:17","servicenow-incidents-000001"
"2026-05-08 10:01:02","servicenow-incidents-000001"
"2026-05-15 23:51:49","servicenow-incidents-000001"
"2026-05-16 06:44:40","servicenow-incidents-000001"
"2026-05-16 05:47:00","servicenow-incidents-000001"
"2026-05-16 02:19:34","servicenow-incidents-000001"
"2026-05-15 17:55:52","servicenow-incidents-000001"
"2026-05-18 08:34:02","servicenow-incidents-000001"
"2026-05-16 06:41:49","servicenow-incidents-000001"
"2026-05-16 06:59:42","servicenow-incidents-000001"
"2026-05-14 14:56:44","servicenow-incidents-000001"
"2026-05-08 18:36:18","servicenow-incidents-000001"
"2026-05-16 05:06:55","servicenow-incidents-000001"
"2026-04-24 13:33:16","servicenow-incidents-000001"
"2026-05-16 05:37:00","servicenow-incidents-000001"
"2026-05-18 08:23:32","servicenow-incidents-000001"
"2026-05-15 21:14:31","servicenow-incidents-000001"
"2026-05-17 00:09:52","servicenow-incidents-000001"
"2026-05-16 04:02:09","servicenow-incidents-000001"
"2026-05-15 18:59:50","servicenow-incidents-000001"
"2026-05-15 14:20:03","servicenow-incidents-000001"
"2026-05-15 14:24:43","servicenow-incidents-000001"
"2026-05-15 14:19:51","servicenow-incidents-000001"
"2026-05-15 14:24:41","servicenow-incidents-000001"
"2026-05-15 14:19:33","servicenow-incidents-000001"
"2026-05-15 14:16:50","servicenow-incidents-000001"
"2026-05-18 08:23:28","servicenow-incidents-000001"
"2026-05-15 21:17:18","servicenow-incidents-000001"
"2026-05-15 08:32:34","servicenow-incidents-000001"
"2026-05-15 14:14:45","servicenow-incidents-000001"
"2026-05-18 08:21:36","servicenow-incidents-000001"
"2026-05-15 22:19:54","servicenow-incidents-000001"
"2026-05-18 08:27:58","servicenow-incidents-000001"
"2026-05-18 08:23:28","servicenow-incidents-000001"
"2026-05-18 08:28:50","servicenow-incidents-000001"
"2026-05-16 00:34:51","servicenow-incidents-000001"
"2026-05-16 00:34:51","servicenow-incidents-000001"
"2026-05-18 08:23:02","servicenow-incidents-000001"
"2026-05-08 13:05:48","servicenow-incidents-000001"
"2026-05-15 22:04:48","servicenow-incidents-000001"
"2026-05-18 04:12:56","servicenow-incidents-000001"
"2026-05-15 22:04:53","servicenow-incidents-000001"
"2026-05-15 20:13:58","servicenow-incidents-000001"
"2026-05-15 03:50:15","servicenow-incidents-000001"
"2026-05-15 11:02:50","servicenow-incidents-000001"
"2026-05-16 00:34:30","servicenow-incidents-000001"
"2026-05-15 23:34:44","servicenow-incidents-000001"
"2026-05-13 00:10:12","servicenow-incidents-000001"
"2026-05-15 11:01:23","servicenow-incidents-000001"
"2026-05-18 08:10:51","servicenow-incidents-000001"
"2026-05-04 06:49:25","servicenow-incidents-000001"
"2026-05-18 07:18:04","servicenow-incidents-000001"
"2026-05-15 06:09:44","servicenow-incidents-000001"
"2026-05-18 08:18:38","servicenow-incidents-000001"
"2026-05-15 16:50:00","servicenow-incidents-000001"
"2026-04-21 19:32:53","servicenow-incidents-000001"
"2026-05-18 08:10:08","servicenow-incidents-000001"
"2026-05-18 07:31:17","servicenow-incidents-000001"
"2026-05-18 07:52:27","servicenow-incidents-000001"
"2026-05-15 17:45:51","servicenow-incidents-000001"
"2026-05-18 08:10:13","servicenow-incidents-000001"
"2026-05-18 07:27:49","servicenow-incidents-000001"
"2026-05-15 23:59:49","servicenow-incidents-000001"
"2026-05-15 22:34:57","servicenow-incidents-000001"
"2026-05-15 11:32:52","servicenow-incidents-000001"
"2026-05-18 08:04:59","servicenow-incidents-000001"
"2026-05-18 07:36:27","servicenow-incidents-000001"
"2026-05-15 20:18:59","servicenow-incidents-000001"
"2026-05-18 06:38:17","servicenow-incidents-000001"
"2026-05-15 13:01:38","servicenow-incidents-000001"
"2026-05-11 04:18:54","servicenow-incidents-000001"
"2026-05-13 14:40:52","servicenow-incidents-000001"
"2026-05-13 23:30:49","servicenow-incidents-000001"
"2026-05-18 07:17:00","servicenow-incidents-000001"
"2026-05-15 09:38:11","servicenow-incidents-000001"
"2026-05-18 07:53:07","servicenow-incidents-000001"
"2026-05-10 21:15:18","servicenow-incidents-000001"
"2026-05-17 00:04:53","servicenow-incidents-000001"
"2026-05-15 01:33:54","servicenow-incidents-000001"
"2026-05-17 02:04:47","servicenow-incidents-000001"
"2026-05-15 21:56:49","servicenow-incidents-000001"
"2026-05-07 14:30:31","servicenow-incidents-000001"
"2026-05-18 07:12:30","servicenow-incidents-000001"
"2026-05-13 15:31:02","servicenow-incidents-000001"
"2026-05-15 21:50:57","servicenow-incidents-000001"
"2026-05-15 20:16:13","servicenow-incidents-000001"
"2026-05-18 07:01:27","servicenow-incidents-000001"
"2026-05-14 02:04:32","servicenow-incidents-000001"
"2026-05-18 06:37:41","servicenow-incidents-000001"
"2026-05-17 05:54:41","servicenow-incidents-000001"
"2026-05-15 03:39:24","servicenow-incidents-000001"
"2026-05-15 21:01:12","servicenow-incidents-000001"
"2026-05-15 19:32:50","servicenow-incidents-000001"
"2026-05-18 06:41:34","servicenow-incidents-000001"
"2026-05-18 05:54:30","servicenow-incidents-000001"
"2026-05-05 16:30:51","servicenow-incidents-000001"
"2026-05-18 01:27:17","servicenow-incidents-000001"
"2026-05-15 15:34:44","servicenow-incidents-000001"
"2026-05-15 07:50:31","servicenow-incidents-000001"
"2026-05-18 08:48:38","servicenow-incidents-000001"
"2026-05-18 14:42:47","servicenow-incidents-000001"
"2026-05-21 16:13:48","servicenow-incidents-000001"
"2026-05-18 16:20:39","servicenow-incidents-000001"
"2026-05-15 10:04:24","servicenow-incidents-000001"
"2026-05-18 08:20:10","servicenow-incidents-000001"
"2026-05-14 16:38:28","servicenow-incidents-000001"
"2026-05-18 08:23:27","servicenow-incidents-000001"
"2026-05-16 00:34:30","servicenow-incidents-000001"
"2026-05-15 19:26:06","servicenow-incidents-000001"
"2026-05-16 12:54:48","servicenow-incidents-000001"
"2026-05-14 20:39:43","servicenow-incidents-000001"
"2026-05-18 09:22:16","servicenow-incidents-000001"
"2026-05-20 07:42:42","servicenow-incidents-000001"
"2026-05-22 03:29:51","servicenow-incidents-000001"
"2026-05-15 15:34:56","servicenow-incidents-000001"
"2026-05-15 15:34:40","servicenow-incidents-000001"
"2026-05-15 20:33:02","servicenow-incidents-000001"
"2026-05-15 18:01:29","servicenow-incidents-000001"
"2026-05-18 12:52:20","servicenow-incidents-000001"
"2026-05-18 16:26:54","servicenow-incidents-000001"
"2026-05-18 15:32:56","servicenow-incidents-000001"
"2026-05-15 18:49:41","servicenow-incidents-000001"
"2026-05-18 15:34:19","servicenow-incidents-000001"
"2026-05-18 10:12:06","servicenow-incidents-000001"
"2026-05-18 15:15:34","servicenow-incidents-000001"
"2026-04-21 19:43:27","servicenow-incidents-000001"
"2026-05-18 12:19:46","servicenow-incidents-000001"
"2026-05-18 14:56:49","servicenow-incidents-000001"
"2026-05-18 14:38:09","servicenow-incidents-000001"
"2026-05-14 12:47:42","servicenow-incidents-000001"
"2026-05-18 14:07:30","servicenow-incidents-000001"
"2026-05-13 16:48:05","servicenow-incidents-000001"
"2026-05-15 11:46:23","servicenow-incidents-000001"
"2026-05-18 09:17:57","servicenow-incidents-000001"
"2026-05-18 14:41:02","servicenow-incidents-000001"
"2026-05-14 15:30:03","servicenow-incidents-000001"
"2026-05-18 07:39:50","servicenow-incidents-000001"
"2026-05-17 07:02:04","servicenow-incidents-000001"
"2026-05-12 13:53:36","servicenow-incidents-000001"
"2026-05-18 06:13:03","servicenow-incidents-000001"
"2026-05-15 12:04:59","servicenow-incidents-000001"
"2026-05-15 09:56:51","servicenow-incidents-000001"
"2026-05-15 18:59:50","servicenow-incidents-000001"
"2026-05-15 18:59:51","servicenow-incidents-000001"
"2026-05-18 06:08:33","servicenow-incidents-000001"
"2026-05-14 12:36:31","servicenow-incidents-000001"
"2026-05-15 17:16:25","servicenow-incidents-000001"
"2026-05-15 19:11:59","servicenow-incidents-000001"
"2026-05-14 21:55:11","servicenow-incidents-000001"
"2026-05-17 20:37:28","servicenow-incidents-000001"
"2026-05-18 10:07:44","servicenow-incidents-000001"
"2026-05-17 19:44:52","servicenow-incidents-000001"
"2026-05-18 11:50:10","servicenow-incidents-000001"
"2026-05-18 09:20:14","servicenow-incidents-000001"
"2026-05-20 10:06:12","servicenow-incidents-000001"
"2026-05-18 14:29:36","servicenow-incidents-000001"
"2026-05-09 20:56:35","servicenow-incidents-000001"
"2026-05-18 11:52:48","servicenow-incidents-000001"
"2026-05-18 14:20:53","servicenow-incidents-000001"
"2026-05-18 07:59:35","servicenow-incidents-000001"
"2026-05-18 02:07:24","servicenow-incidents-000001"
"2026-05-18 12:27:43","servicenow-incidents-000001"
"2026-05-18 12:04:18","servicenow-incidents-000001"
"2026-05-18 12:01:11","servicenow-incidents-000001"
"2026-05-13 16:31:49","servicenow-incidents-000001"
"2026-05-18 13:56:15","servicenow-incidents-000001"
"2026-05-18 08:30:35","servicenow-incidents-000001"
"2026-05-18 13:55:24","servicenow-incidents-000001"
"2026-05-15 12:28:11","servicenow-incidents-000001"
"2026-05-18 08:51:36","servicenow-incidents-000001"
"2026-05-01 11:23:32","servicenow-incidents-000001"
"2026-05-12 09:10:02","servicenow-incidents-000001"
"2026-05-14 13:09:07","servicenow-incidents-000001"
"2026-05-18 11:28:15","servicenow-incidents-000001"
"2026-05-18 07:07:17","servicenow-incidents-000001"
"2026-05-18 12:45:30","servicenow-incidents-000001"
"2026-04-19 13:11:06","servicenow-incidents-000001"
"2026-05-18 02:16:36","servicenow-incidents-000001"
"2026-05-15 18:10:31","servicenow-incidents-000001"
"2026-05-15 18:12:05","servicenow-incidents-000001"
"2026-05-15 12:59:50","servicenow-incidents-000001"
"2026-05-18 00:52:44","servicenow-incidents-000001"
"2026-05-15 15:08:46","servicenow-incidents-000001"
"2026-05-18 02:25:55","servicenow-incidents-000001"
"2026-05-15 18:10:05","servicenow-incidents-000001"
"2026-05-13 17:25:47","servicenow-incidents-000001"
"2026-05-15 07:42:48","servicenow-incidents-000001"
"2026-05-18 02:05:15","servicenow-incidents-000001"
"2026-05-15 18:17:27","servicenow-incidents-000001"
"2026-05-14 07:45:49","servicenow-incidents-000001"
"2026-05-18 07:40:22","servicenow-incidents-000001"
"2026-05-15 19:00:10","servicenow-incidents-000001"
"2026-05-18 13:32:51","servicenow-incidents-000001"
"2026-05-18 00:52:57","servicenow-incidents-000001"
"2026-05-18 02:57:41","servicenow-incidents-000001"
"2026-05-18 10:13:57","servicenow-incidents-000001"
"2026-05-18 12:43:49","servicenow-incidents-000001"
"2026-05-18 10:09:35","servicenow-incidents-000001"
"2026-05-15 03:27:47","servicenow-incidents-000001"
"2026-05-18 09:14:45","servicenow-incidents-000001"
"2026-05-15 14:06:43","servicenow-incidents-000001"
"2026-04-16 07:10:43","servicenow-incidents-000001"
"2026-05-14 21:46:00","servicenow-incidents-000001"
"2026-05-18 11:01:23","servicenow-incidents-000001"
"2026-05-17 22:11:59","servicenow-incidents-000001"
"2026-05-18 05:43:25","servicenow-incidents-000001"
"2026-05-18 10:58:20","servicenow-incidents-000001"
"2026-05-18 10:25:58","servicenow-incidents-000001"
"2026-04-21 19:45:14","servicenow-incidents-000001"
"2026-05-18 09:13:39","servicenow-incidents-000001"
"2026-05-15 18:09:47","servicenow-incidents-000001"
"2026-05-18 09:02:15","servicenow-incidents-000001"
"2026-05-18 13:06:40","servicenow-incidents-000001"
"2026-05-14 09:54:40","servicenow-incidents-000001"
"2026-05-15 20:26:24","servicenow-incidents-000001"
"2026-05-15 17:22:05","servicenow-incidents-000001"
"2026-05-18 10:09:40","servicenow-incidents-000001"
"2026-05-15 17:13:32","servicenow-incidents-000001"
"2026-05-18 00:19:13","servicenow-incidents-000001"
"2026-05-15 12:16:28","servicenow-incidents-000001"
"2026-05-18 10:17:31","servicenow-incidents-000001"
"2026-05-15 08:35:18","servicenow-incidents-000001"
"2026-05-17 09:20:03","servicenow-incidents-000001"
"2026-05-18 09:36:28","servicenow-incidents-000001"
"2026-05-15 18:09:49","servicenow-incidents-000001"
"2026-05-18 05:41:45","servicenow-incidents-000001"
"2026-05-18 04:09:57","servicenow-incidents-000001"
"2026-05-17 07:39:44","servicenow-incidents-000001"
"2026-05-15 01:04:41","servicenow-incidents-000001"
"2026-05-17 02:04:49","servicenow-incidents-000001"
"2026-05-14 08:22:39","servicenow-incidents-000001"
"2026-05-18 03:23:22","servicenow-incidents-000001"
"2026-05-17 23:42:14","servicenow-incidents-000001"
"2026-05-18 02:05:14","servicenow-incidents-000001"
"2026-05-18 09:44:55","servicenow-incidents-000001"
"2026-05-17 02:34:40","servicenow-incidents-000001"
"2026-05-18 11:27:55","servicenow-incidents-000001"
"2026-05-17 22:35:08","servicenow-incidents-000001"
"2026-05-18 13:13:32","servicenow-incidents-000001"
"2026-05-17 04:35:18","servicenow-incidents-000001"
"2026-05-16 07:54:41","servicenow-incidents-000001"
"2026-05-15 23:19:32","servicenow-incidents-000001"
"2026-05-15 03:26:43","servicenow-incidents-000001"
"2026-05-18 05:31:50","servicenow-incidents-000001"
"2026-05-18 04:29:53","servicenow-incidents-000001"
"2026-05-16 01:04:34","servicenow-incidents-000001"
"2026-05-17 00:54:45","servicenow-incidents-000001"
"2026-05-18 04:11:48","servicenow-incidents-000001"
"2026-05-16 18:04:49","servicenow-incidents-000001"
"2026-05-16 01:34:38","servicenow-incidents-000001"
"2026-04-29 04:33:55","servicenow-incidents-000001"
"2026-05-18 04:37:33","servicenow-incidents-000001"
"2026-05-15 02:12:53","servicenow-incidents-000001"
"2026-05-18 04:22:20","servicenow-incidents-000001"
"2026-05-16 00:34:30","servicenow-incidents-000001"
"2026-05-16 00:04:38","servicenow-incidents-000001"
"2026-05-18 00:15:23","servicenow-incidents-000001"
"2026-05-17 21:16:04","servicenow-incidents-000001"
"2026-05-17 02:44:45","servicenow-incidents-000001"
"2026-05-17 02:44:46","servicenow-incidents-000001"
"2026-05-16 16:09:42","servicenow-incidents-000001"
"2026-05-13 04:31:23","servicenow-incidents-000001"
"2026-05-13 04:31:25","servicenow-incidents-000001"
"2026-05-18 02:52:00","servicenow-incidents-000001"
"2026-05-17 22:56:44","servicenow-incidents-000001"
"2026-05-14 03:30:51","servicenow-incidents-000001"
"2026-05-16 21:04:40","servicenow-incidents-000001"
"2026-05-16 17:04:41","servicenow-incidents-000001"
"2026-05-16 22:04:48","servicenow-incidents-000001"
"2026-05-16 19:04:46","servicenow-incidents-000001"
"2026-05-15 20:54:30","servicenow-incidents-000001"
"2026-05-17 04:35:18","servicenow-incidents-000001"
"2026-05-17 23:09:59","servicenow-incidents-000001"
"2026-05-18 02:26:52","servicenow-incidents-000001"
"2026-05-18 03:03:41","servicenow-incidents-000001"
"2026-05-18 03:02:53","servicenow-incidents-000001"
"2026-05-18 03:28:03","servicenow-incidents-000001"
"2026-05-18 02:34:42","servicenow-incidents-000001"
"2026-05-15 07:22:26","servicenow-incidents-000001"
"2026-05-17 07:05:27","servicenow-incidents-000001"
"2026-05-18 03:15:52","servicenow-incidents-000001"
"2026-05-16 18:04:50","servicenow-incidents-000001"
"2026-05-18 01:31:38","servicenow-incidents-000001"
"2026-05-17 23:35:16","servicenow-incidents-000001"
"2026-05-15 01:19:21","servicenow-incidents-000001"
"2026-05-17 23:10:00","servicenow-incidents-000001"
"2026-05-15 00:04:23","servicenow-incidents-000001"
"2026-05-14 23:14:18","servicenow-incidents-000001"
"2026-05-16 20:34:47","servicenow-incidents-000001"
"2026-05-17 07:34:48","servicenow-incidents-000001"
"2026-05-15 20:34:31","servicenow-incidents-000001"
"2026-05-14 16:54:15","servicenow-incidents-000001"
"2026-05-17 22:19:56","servicenow-incidents-000001"
"2026-05-15 20:34:31","servicenow-incidents-000001"
"2026-05-16 20:34:47","servicenow-incidents-000001"
"2026-05-15 00:39:22","servicenow-incidents-000001"
"2026-05-16 20:34:48","servicenow-incidents-000001"
"2026-05-17 03:35:00","servicenow-incidents-000001"
"2026-05-14 03:01:14","servicenow-incidents-000001"
"2026-05-16 01:04:34","servicenow-incidents-000001"
"2026-05-17 12:34:44","servicenow-incidents-000001"
"2026-05-15 02:04:28","servicenow-incidents-000001"
"2026-05-18 00:35:33","servicenow-incidents-000001"
"2026-05-15 03:54:26","servicenow-incidents-000001"
"2026-05-18 00:15:36","servicenow-incidents-000001"
"2026-05-18 01:45:16","servicenow-incidents-000001"
"2026-05-17 05:05:00","servicenow-incidents-000001"
"2026-05-18 00:19:49","servicenow-incidents-000001"
"2026-05-18 01:28:50","servicenow-incidents-000001"
"2026-05-18 01:50:35","servicenow-incidents-000001"
"2026-05-18 00:45:00","servicenow-incidents-000001"
"2026-05-18 00:52:38","servicenow-incidents-000001"
"2026-05-15 08:00:10","servicenow-incidents-000001"
"2026-05-18 00:07:16","servicenow-incidents-000001"
"2026-05-15 15:07:04","servicenow-incidents-000001"
"2026-05-15 02:09:23","servicenow-incidents-000001"
"2026-05-18 00:05:56","servicenow-incidents-000001"
"2026-05-17 04:42:01","servicenow-incidents-000001"
"2026-05-18 00:53:30","servicenow-incidents-000001"
"2026-05-17 01:49:46","servicenow-incidents-000001"
"2026-05-18 01:48:32","servicenow-incidents-000001"
"2026-05-15 06:29:22","servicenow-incidents-000001"
"2026-05-15 06:29:21","servicenow-incidents-000001"
"2026-05-16 04:04:37","servicenow-incidents-000001"
"2026-05-12 16:05:28","servicenow-incidents-000001"
"2026-05-17 23:33:12","servicenow-incidents-000001"
"2026-05-12 15:59:01","servicenow-incidents-000001"
"2026-05-14 07:29:50","servicenow-incidents-000001"
"2026-05-17 23:45:55","servicenow-incidents-000001"
"2026-05-11 20:40:04","servicenow-incidents-000001"
"2026-05-15 23:04:30","servicenow-incidents-000001"
"2026-05-17 23:23:11","servicenow-incidents-000001"
"2026-05-17 23:47:30","servicenow-incidents-000001"
"2026-05-17 19:18:23","servicenow-incidents-000001"
"2026-05-15 22:01:41","servicenow-incidents-000001"
"2026-05-17 20:33:04","servicenow-incidents-000001"
"2026-05-16 20:59:03","servicenow-incidents-000001"
"2026-05-16 06:24:40","servicenow-incidents-000001"
"2026-05-16 21:19:54","servicenow-incidents-000001"
"2026-05-13 10:56:44","servicenow-incidents-000001"
"2026-05-17 20:15:51","servicenow-incidents-000001"
"2026-05-13 06:43:21","servicenow-incidents-000001"
"2026-05-17 17:55:20","servicenow-incidents-000001"
"2026-05-17 17:57:05","servicenow-incidents-000001"
"2026-05-15 10:41:47","servicenow-incidents-000001"
"2026-05-10 15:14:50","servicenow-incidents-000001"
"2026-05-17 15:59:22","servicenow-incidents-000001"
"2026-05-17 18:06:02","servicenow-incidents-000001"
"2026-05-17 14:17:30","servicenow-incidents-000001"
"2026-05-16 23:49:52","servicenow-incidents-000001"
"2026-05-17 00:32:07","servicenow-incidents-000001"
"2026-05-17 01:17:06","servicenow-incidents-000001"
"2026-05-17 11:10:37","servicenow-incidents-000001"
"2026-05-17 12:51:14","servicenow-incidents-000001"
"2026-05-16 13:20:56","servicenow-incidents-000001"
"2026-05-17 13:34:18","servicenow-incidents-000001"
"2026-05-17 06:39:36","servicenow-incidents-000001"
"2026-05-16 20:09:40","servicenow-incidents-000001"
"2026-05-15 17:42:11","servicenow-incidents-000001"
"2026-05-17 02:04:49","servicenow-incidents-000001"
"2026-04-30 02:46:33","servicenow-incidents-000001"
"2026-05-17 09:28:03","servicenow-incidents-000001"
"2026-05-13 00:50:21","servicenow-incidents-000001"
"2026-05-17 09:07:02","servicenow-incidents-000001"
"2026-05-17 11:04:53","servicenow-incidents-000001"
"2026-05-17 11:04:59","servicenow-incidents-000001"
"2026-05-17 11:04:49","servicenow-incidents-000001"
"2026-05-17 10:16:47","servicenow-incidents-000001"
"2026-05-17 09:40:11","servicenow-incidents-000001"
"2026-05-17 04:52:55","servicenow-incidents-000001"
"2026-05-17 07:27:55","servicenow-incidents-000001"
"2026-05-16 07:11:03","servicenow-incidents-000001"
"2026-05-16 07:15:56","servicenow-incidents-000001"
"2026-05-13 01:24:19","servicenow-incidents-000001"
"2026-05-16 07:46:02","servicenow-incidents-000001"
"2026-05-16 05:32:17","servicenow-incidents-000001"
"2026-05-16 05:31:58","servicenow-incidents-000001"
"2026-05-16 05:31:58","servicenow-incidents-000001"
"2026-05-16 05:31:59","servicenow-incidents-000001"
"2026-05-16 05:31:50","servicenow-incidents-000001"
"2026-05-17 05:06:47","servicenow-incidents-000001"
"2026-05-16 03:41:48","servicenow-incidents-000001"
"2026-05-16 05:06:52","servicenow-incidents-000001"
"2026-05-16 22:24:23","servicenow-incidents-000001"
"2026-05-15 02:41:48","servicenow-incidents-000001"
"2026-05-17 01:47:29","servicenow-incidents-000001"
"2026-05-17 04:13:31","servicenow-incidents-000001"
"2026-05-17 01:42:12","servicenow-incidents-000001"
"2026-05-14 13:10:25","servicenow-incidents-000001"
"2026-05-17 00:37:10","servicenow-incidents-000001"
"2026-05-17 00:27:01","servicenow-incidents-000001"
"2026-05-16 22:39:49","servicenow-incidents-000001"
"2026-05-16 14:03:38","servicenow-incidents-000001"
"2026-05-17 00:06:04","servicenow-incidents-000001"
"2026-05-16 23:13:14","servicenow-incidents-000001"
"2026-05-16 23:52:09","servicenow-incidents-000001"
"2026-05-16 23:27:02","servicenow-incidents-000001"
"2026-05-16 23:27:03","servicenow-incidents-000001"
"2026-05-17 00:35:02","servicenow-incidents-000001"
"2026-05-16 21:10:07","servicenow-incidents-000001"
"2026-05-17 00:35:03","servicenow-incidents-000001"
"2026-05-13 21:54:48","servicenow-incidents-000001"
"2026-05-16 21:33:05","servicenow-incidents-000001"
"2026-05-09 22:34:51","servicenow-incidents-000001"
"2026-05-09 20:56:19","servicenow-incidents-000001"
"2026-05-09 20:56:23","servicenow-incidents-000001"
"2026-05-16 21:42:14","servicenow-incidents-000001"
"2026-05-16 21:41:09","servicenow-incidents-000001"
"2026-05-15 15:00:46","servicenow-incidents-000001"
"2026-04-19 16:41:13","servicenow-incidents-000001"
"2026-05-16 21:42:10","servicenow-incidents-000001"
"2026-05-06 13:10:48","servicenow-incidents-000001"
"2026-05-16 18:40:11","servicenow-incidents-000001"
"2026-05-09 20:34:46","servicenow-incidents-000001"
"2026-05-15 19:25:54","servicenow-incidents-000001"
"2026-05-16 19:16:02","servicenow-incidents-000001"
"2026-05-16 21:22:00","servicenow-incidents-000001"
"2026-05-16 22:06:56","servicenow-incidents-000001"
"2026-05-16 22:07:09","servicenow-incidents-000001"
"2026-05-13 18:30:42","servicenow-incidents-000001"
"2026-05-16 18:37:02","servicenow-incidents-000001"
"2026-05-16 22:02:12","servicenow-incidents-000001"
"2026-05-16 21:26:56","servicenow-incidents-000001"
"2026-05-16 21:37:05","servicenow-incidents-000001"
"2026-04-29 18:25:19","servicenow-incidents-000001"
"2026-05-16 16:16:02","servicenow-incidents-000001"
"2026-05-15 21:09:32","servicenow-incidents-000001"
"2026-05-14 19:59:44","servicenow-incidents-000001"
"2026-05-16 16:19:53","servicenow-incidents-000001"
"2026-05-14 22:41:37","servicenow-incidents-000001"
"2026-05-21 07:20:13","servicenow-incidents-000001"
"2026-05-21 08:00:34","servicenow-incidents-000001"
"2026-05-21 05:26:39","servicenow-incidents-000001"
"2026-05-18 17:15:08","servicenow-incidents-000001"
"2026-05-20 03:42:20","servicenow-incidents-000001"
"2026-05-20 00:55:24","servicenow-incidents-000001"
"2026-05-19 03:19:07","servicenow-incidents-000001"
"2026-05-19 03:26:10","servicenow-incidents-000001"
"2026-05-13 08:27:14","servicenow-incidents-000001"
"2026-05-15 06:58:28","servicenow-incidents-000001"
"2026-05-15 16:40:51","servicenow-incidents-000001"
"2026-05-14 10:01:03","servicenow-incidents-000001"
"2026-05-15 16:40:40","servicenow-incidents-000001"
"2026-05-13 13:30:31","servicenow-incidents-000001"
"2026-05-13 13:39:38","servicenow-incidents-000001"
"2026-05-08 09:16:26","servicenow-incidents-000001"
"2026-05-14 14:48:06","servicenow-incidents-000001"
"2026-05-15 15:43:26","servicenow-incidents-000001"
"2026-05-15 15:54:52","servicenow-incidents-000001"
"2026-05-15 15:37:50","servicenow-incidents-000001"
"2026-05-14 17:09:19","servicenow-incidents-000001"
"2026-05-15 15:43:53","servicenow-incidents-000001"
"2026-05-15 16:01:32","servicenow-incidents-000001"
"2026-05-15 15:43:48","servicenow-incidents-000001"
"2026-05-14 15:32:48","servicenow-incidents-000001"
"2026-05-15 11:55:56","servicenow-incidents-000001"
"2026-05-07 10:18:42","servicenow-incidents-000001"
"2026-05-08 08:59:28","servicenow-incidents-000001"
"2026-05-15 14:43:14","servicenow-incidents-000001"
"2026-05-15 15:35:50","servicenow-incidents-000001"
"2026-05-15 09:33:20","servicenow-incidents-000001"
"2026-05-15 14:47:27","servicenow-incidents-000001"
"2026-05-15 14:55:50","servicenow-incidents-000001"
"2026-05-20 13:02:32","servicenow-incidents-000001"
"2026-05-15 09:52:20","servicenow-incidents-000001"
"2026-05-15 14:04:45","servicenow-incidents-000001"
"2026-05-15 14:35:55","servicenow-incidents-000001"
"2026-05-15 13:59:08","servicenow-incidents-000001"
"2026-05-15 12:31:43","servicenow-incidents-000001"
"2026-05-15 12:12:35","servicenow-incidents-000001"
"2026-05-15 14:26:57","servicenow-incidents-000001"
"2026-05-15 14:10:08","servicenow-incidents-000001"
"2026-05-13 05:23:36","servicenow-incidents-000001"
"2026-05-15 12:38:03","servicenow-incidents-000001"
"2026-05-15 13:14:02","servicenow-incidents-000001"
"2026-05-14 13:24:06","servicenow-incidents-000001"
"2026-05-15 14:10:15","servicenow-incidents-000001"
"2026-05-15 12:30:42","servicenow-incidents-000001"
"2026-05-15 13:38:29","servicenow-incidents-000001"
"2026-05-15 13:18:28","servicenow-incidents-000001"
"2026-05-15 14:09:47","servicenow-incidents-000001"
"2026-05-20 07:35:47","servicenow-incidents-000001"
"2026-05-18 07:06:57","servicenow-incidents-000001"
"2026-05-18 08:58:08","servicenow-incidents-000001"
"2026-05-12 10:53:07","servicenow-incidents-000001"
"2026-05-14 12:04:01","servicenow-incidents-000001"
"2026-05-15 13:27:11","servicenow-incidents-000001"
"2026-05-15 09:58:02","servicenow-incidents-000001"
"2026-05-15 13:18:37","servicenow-incidents-000001"
"2026-05-15 11:11:20","servicenow-incidents-000001"
"2026-05-15 12:44:30","servicenow-incidents-000001"
"2026-05-15 12:49:54","servicenow-incidents-000001"
"2026-05-08 09:11:36","servicenow-incidents-000001"
"2026-05-15 07:45:45","servicenow-incidents-000001"
"2026-05-10 09:56:41","servicenow-incidents-000001"
"2026-05-13 14:21:32","servicenow-incidents-000001"
"2026-05-15 10:46:01","servicenow-incidents-000001"
"2026-05-13 12:45:21","servicenow-incidents-000001"
"2026-05-11 12:43:51","servicenow-incidents-000001"
"2026-05-15 12:51:45","servicenow-incidents-000001"
"2026-05-15 11:32:30","servicenow-incidents-000001"
"2026-05-14 00:48:28","servicenow-incidents-000001"
"2026-05-15 09:14:09","servicenow-incidents-000001"
"2026-05-15 12:26:50","servicenow-incidents-000001"
"2026-05-14 20:43:23","servicenow-incidents-000001"
"2026-05-15 12:25:55","servicenow-incidents-000001"
"2026-05-15 01:01:33","servicenow-incidents-000001"
"2026-05-15 11:22:22","servicenow-incidents-000001"
"2026-05-14 15:19:54","servicenow-incidents-000001"
"2026-05-15 10:49:31","servicenow-incidents-000001"
"2026-05-15 10:51:49","servicenow-incidents-000001"
"2026-05-15 09:48:31","servicenow-incidents-000001"
"2026-05-15 10:21:08","servicenow-incidents-000001"
"2026-05-15 10:17:28","servicenow-incidents-000001"
"2026-05-15 09:19:45","servicenow-incidents-000001"
"2026-05-13 09:36:04","servicenow-incidents-000001"
"2026-05-15 10:30:16","servicenow-incidents-000001"
"2026-05-15 10:26:44","servicenow-incidents-000001"
"2026-05-15 09:09:17","servicenow-incidents-000001"
"2026-05-06 15:08:26","servicenow-incidents-000001"
"2026-05-15 12:11:55","servicenow-incidents-000001"
"2026-05-15 11:46:19","servicenow-incidents-000001"
"2026-05-15 10:31:13","servicenow-incidents-000001"
"2026-05-12 17:51:03","servicenow-incidents-000001"
"2026-05-15 12:00:15","servicenow-incidents-000001"
"2026-05-14 05:57:37","servicenow-incidents-000001"
"2026-05-18 11:31:28","servicenow-incidents-000001"
"2026-04-28 12:50:54","servicenow-incidents-000001"
"2026-04-23 10:47:21","servicenow-incidents-000001"
"2026-04-14 16:26:16","servicenow-incidents-000001"
"2026-04-09 07:25:07","servicenow-incidents-000001"
"2026-05-07 14:43:57","servicenow-incidents-000001"
"2026-04-21 12:47:26","servicenow-incidents-000001"
"2026-04-27 04:37:21","servicenow-incidents-000001"
"2026-04-20 13:54:49","servicenow-incidents-000001"
"2026-05-18 15:10:49","servicenow-incidents-000001"
"2026-05-18 09:22:24","servicenow-incidents-000001"
"2026-05-18 03:49:59","servicenow-incidents-000001"
"2026-05-12 13:14:42","servicenow-incidents-000001"
"2026-04-21 11:02:44","servicenow-incidents-000001"
"2026-04-16 10:45:30","servicenow-incidents-000001"
"2026-05-18 12:05:32","servicenow-incidents-000001"
"2026-05-15 12:38:42","servicenow-incidents-000001"
"2026-05-18 10:14:40","servicenow-incidents-000001"
"2026-05-15 10:37:24","servicenow-incidents-000001"
"2026-05-18 11:48:11","servicenow-incidents-000001"
"2026-05-08 06:39:12","servicenow-incidents-000001"
"2026-05-18 10:37:20","servicenow-incidents-000001"
"2026-05-18 10:33:57","servicenow-incidents-000001"
"2026-05-11 08:41:48","servicenow-incidents-000001"
"2026-05-18 12:22:31","servicenow-incidents-000001"
"2026-05-18 10:00:59","servicenow-incidents-000001"
"2026-05-14 14:36:01","servicenow-incidents-000001"
"2026-05-18 12:12:46","servicenow-incidents-000001"
"2026-05-18 12:10:10","servicenow-incidents-000001"
"2026-05-11 12:09:33","servicenow-incidents-000001"
"2026-05-18 12:07:35","servicenow-incidents-000001"
"2026-05-14 10:15:05","servicenow-incidents-000001"
"2026-05-18 08:49:00","servicenow-incidents-000001"
"2026-05-18 08:57:58","servicenow-incidents-000001"
"2026-05-18 08:45:54","servicenow-incidents-000001"
"2026-05-18 09:06:00","servicenow-incidents-000001"
"2026-05-15 16:24:28","servicenow-incidents-000001"
"2026-05-18 09:12:11","servicenow-incidents-000001"
"2026-05-18 09:50:44","servicenow-incidents-000001"
"2026-05-18 08:46:34","servicenow-incidents-000001"
"2026-05-18 08:44:35","servicenow-incidents-000001"
"2026-05-18 10:10:16","servicenow-incidents-000001"
"2026-05-18 09:19:06","servicenow-incidents-000001"
"2026-05-18 09:27:50","servicenow-incidents-000001"
"2026-05-18 09:39:32","servicenow-incidents-000001"
"2026-05-18 08:54:29","servicenow-incidents-000001"
"2026-05-18 09:23:55","servicenow-incidents-000001"
"2026-05-18 08:49:19","servicenow-incidents-000001"
"2026-05-18 08:39:17","servicenow-incidents-000001"
"2026-05-18 09:07:07","servicenow-incidents-000001"
"2026-05-18 08:52:43","servicenow-incidents-000001"
"2026-05-18 09:09:09","servicenow-incidents-000001"
"2026-05-18 08:55:55","servicenow-incidents-000001"
"2026-05-18 09:08:38","servicenow-incidents-000001"
"2026-05-18 09:04:58","servicenow-incidents-000001"
"2026-05-18 08:58:26","servicenow-incidents-000001"
"2026-05-18 09:01:00","servicenow-incidents-000001"
"2026-05-18 09:28:41","servicenow-incidents-000001"
"2026-05-18 09:04:49","servicenow-incidents-000001"
"2026-05-18 08:54:23","servicenow-incidents-000001"
"2026-05-18 09:07:23","servicenow-incidents-000001"
"2026-05-18 09:48:50","servicenow-incidents-000001"
"2026-05-15 15:17:01","servicenow-incidents-000001"
"2026-05-11 10:21:57","servicenow-incidents-000001"
"2026-05-15 14:41:55","servicenow-incidents-000001"
"2026-05-13 12:29:43","servicenow-incidents-000001"
"2026-05-15 13:16:04","servicenow-incidents-000001"
"2026-05-18 11:32:29","servicenow-incidents-000001"
"2026-05-04 14:47:11","servicenow-incidents-000001"
"2026-05-18 09:07:41","servicenow-incidents-000001"
"2026-04-16 11:21:58","servicenow-incidents-000001"
"2026-05-18 11:09:11","servicenow-incidents-000001"
"2026-05-14 08:11:32","servicenow-incidents-000001"
"2026-05-15 10:02:18","servicenow-incidents-000001"
"2026-05-18 10:14:24","servicenow-incidents-000001"
"2026-05-14 14:25:59","servicenow-incidents-000001"
"2026-05-08 11:45:39","servicenow-incidents-000001"
"2026-05-18 11:00:54","servicenow-incidents-000001"
"2026-05-18 09:21:06","servicenow-incidents-000001"
"2026-05-12 08:59:45","servicenow-incidents-000001"
"2026-05-18 03:37:20","servicenow-incidents-000001"
"2026-05-12 14:27:31","servicenow-incidents-000001"
"2026-05-18 08:42:18","servicenow-incidents-000001"
"2026-05-08 17:53:03","servicenow-incidents-000001"
"2026-05-15 10:25:56","servicenow-incidents-000001"
"2026-04-27 13:09:03","servicenow-incidents-000001"
"2026-05-11 09:58:28","servicenow-incidents-000001"
"2026-05-14 10:22:20","servicenow-incidents-000001"
"2026-05-11 09:33:35","servicenow-incidents-000001"
"2026-05-14 02:43:27","servicenow-incidents-000001"
"2026-05-14 11:23:20","servicenow-incidents-000001"
"2026-05-18 10:27:24","servicenow-incidents-000001"
"2026-05-13 10:08:48","servicenow-incidents-000001"
"2026-05-13 11:29:17","servicenow-incidents-000001"
"2026-05-18 08:12:45","servicenow-incidents-000001"
"2026-05-13 09:58:13","servicenow-incidents-000001"
"2026-05-15 11:02:30","servicenow-incidents-000001"
"2026-05-15 13:15:30","servicenow-incidents-000001"
"2026-05-08 15:43:52","servicenow-incidents-000001"
"2026-05-18 09:54:49","servicenow-incidents-000001"
"2026-05-18 09:06:39","servicenow-incidents-000001"
"2026-05-14 16:25:20","servicenow-incidents-000001"
"2026-05-14 11:11:58","servicenow-incidents-000001"
"2026-05-18 09:40:16","servicenow-incidents-000001"
"2026-05-18 08:56:01","servicenow-incidents-000001"
"2026-05-13 11:02:36","servicenow-incidents-000001"
"2026-05-13 09:01:21","servicenow-incidents-000001"
"2026-04-27 11:19:44","servicenow-incidents-000001"
"2026-05-11 12:51:38","servicenow-incidents-000001"
"2026-05-12 12:12:54","servicenow-incidents-000001"
"2026-05-14 13:39:37","servicenow-incidents-000001"
"2026-05-15 14:35:14","servicenow-incidents-000001"
"2026-05-17 16:44:54","servicenow-incidents-000001"
"2026-05-11 14:17:48","servicenow-incidents-000001"
"2026-04-21 21:49:07","servicenow-incidents-000001"
"2026-05-08 23:11:54","servicenow-incidents-000001"
"2026-04-01 11:48:34","servicenow-incidents-000001"
"2026-04-08 06:05:26","servicenow-incidents-000001"
"2026-05-14 15:29:22","servicenow-incidents-000001"
"2026-05-17 22:17:33","servicenow-incidents-000001"
"2026-05-13 08:39:22","servicenow-incidents-000001"
"2026-05-16 22:17:28","servicenow-incidents-000001"
"2026-05-11 14:12:41","servicenow-incidents-000001"
"2026-05-13 09:54:26","servicenow-incidents-000001"
"2026-04-27 15:08:39","servicenow-incidents-000001"
"2026-05-14 07:16:34","servicenow-incidents-000001"
"2026-05-18 03:57:05","servicenow-incidents-000001"
"2026-05-18 02:58:24","servicenow-incidents-000001"
"2026-05-16 04:44:50","servicenow-incidents-000001"
"2026-05-18 06:07:04","servicenow-incidents-000001"
"2026-05-14 02:20:46","servicenow-incidents-000001"
"2026-05-17 22:48:38","servicenow-incidents-000001"
"2026-05-12 08:30:47","servicenow-incidents-000001"
"2026-05-18 04:42:38","servicenow-incidents-000001"
"2026-05-18 05:28:24","servicenow-incidents-000001"
"2026-05-17 23:59:01","servicenow-incidents-000001"
"2026-05-17 22:48:00","servicenow-incidents-000001"
"2026-05-16 01:37:28","servicenow-incidents-000001"
"2026-05-15 19:48:49","servicenow-incidents-000001"
"2026-05-17 20:38:27","servicenow-incidents-000001"
"2026-03-31 10:08:13","servicenow-incidents-000001"
"2026-05-12 08:37:06","servicenow-incidents-000001"
"2026-05-15 02:08:17","servicenow-incidents-000001"
"2026-05-16 05:34:08","servicenow-incidents-000001"
"2026-05-07 05:27:32","servicenow-incidents-000001"
"2026-05-16 02:28:51","servicenow-incidents-000001"
"2026-05-05 00:24:52","servicenow-incidents-000001"
"2026-05-04 00:02:05","servicenow-incidents-000001"
"2026-05-03 23:58:23","servicenow-incidents-000001"
"2026-04-28 13:12:46","servicenow-incidents-000001"
"2026-04-28 12:38:20","servicenow-incidents-000001"
"2026-05-14 08:05:39","servicenow-incidents-000001"
"2026-05-13 07:48:07","servicenow-incidents-000001"
"2026-05-17 23:30:30","servicenow-incidents-000001"
"2026-05-15 16:44:35","servicenow-incidents-000001"
"2026-05-12 03:36:33","servicenow-incidents-000001"
"2026-05-14 15:07:37","servicenow-incidents-000001"
"2026-05-12 03:20:52","servicenow-incidents-000001"
"2026-05-13 05:18:52","servicenow-incidents-000001"
"2026-05-15 14:01:27","servicenow-incidents-000001"
"2026-05-15 14:30:25","servicenow-incidents-000001"
"2026-05-06 14:03:31","servicenow-incidents-000001"
"2026-05-14 09:36:50","servicenow-incidents-000001"
"2026-05-13 07:27:07","servicenow-incidents-000001"
"2026-05-14 10:06:00","servicenow-incidents-000001"
"2026-05-16 21:45:31","servicenow-incidents-000001"
"2026-05-16 03:27:49","servicenow-incidents-000001"
"2026-05-13 01:05:20","servicenow-incidents-000001"
"2026-05-17 04:59:48","servicenow-incidents-000001"
"2026-05-15 00:03:06","servicenow-incidents-000001"
"2026-05-15 08:45:14","servicenow-incidents-000001"
"2026-05-17 22:12:26","servicenow-incidents-000001"
"2026-05-12 08:59:09","servicenow-incidents-000001"
"2026-05-15 04:26:03","servicenow-incidents-000001"
"2026-05-15 01:29:31","servicenow-incidents-000001"
"2026-05-18 00:35:41","servicenow-incidents-000001"
"2026-05-14 18:38:42","servicenow-incidents-000001"
"2026-05-14 23:56:09","servicenow-incidents-000001"
"2026-05-18 00:29:53","servicenow-incidents-000001"
"2026-05-13 20:53:47","servicenow-incidents-000001"
"2026-04-29 15:17:45","servicenow-incidents-000001"
"2026-05-12 03:39:23","servicenow-incidents-000001"
"2026-05-12 08:25:17","servicenow-incidents-000001"
"2026-05-17 23:48:23","servicenow-incidents-000001"
"2026-05-17 23:43:07","servicenow-incidents-000001"
"2026-05-13 01:59:44","servicenow-incidents-000001"
"2026-05-17 23:21:03","servicenow-incidents-000001"
"2026-05-17 23:23:10","servicenow-incidents-000001"
"2026-05-17 23:23:08","servicenow-incidents-000001"
"2026-05-17 23:13:06","servicenow-incidents-000001"
"2026-05-15 13:36:33","servicenow-incidents-000001"
"2026-05-14 08:07:30","servicenow-incidents-000001"
"2026-05-17 04:20:48","servicenow-incidents-000001"
"2026-05-17 04:20:49","servicenow-incidents-000001"
"2026-05-17 21:07:48","servicenow-incidents-000001"
"2026-04-21 05:28:32","servicenow-incidents-000001"
"2026-05-15 23:32:08","servicenow-incidents-000001"
"2026-05-16 09:30:36","servicenow-incidents-000001"
"2026-05-08 11:24:17","servicenow-incidents-000001"
"2026-05-15 05:22:50","servicenow-incidents-000001"
"2026-05-15 05:26:46","servicenow-incidents-000001"
"2026-05-15 00:44:15","servicenow-incidents-000001"
"2026-05-15 05:29:15","servicenow-incidents-000001"
"2026-05-08 22:09:33","servicenow-incidents-000001"
"2026-05-16 11:25:53","servicenow-incidents-000001"
"2026-05-17 08:46:50","servicenow-incidents-000001"
"2026-05-17 04:03:53","servicenow-incidents-000001"
"2026-05-15 21:51:01","servicenow-incidents-000001"
"2026-05-16 04:15:36","servicenow-incidents-000001"
"2026-05-16 05:45:17","servicenow-incidents-000001"
"2026-05-15 21:40:32","servicenow-incidents-000001"
"2026-05-13 08:39:25","servicenow-incidents-000001"
"2026-05-16 10:41:44","servicenow-incidents-000001"
"2026-05-13 08:39:25","servicenow-incidents-000001"
"2026-05-15 14:25:28","servicenow-incidents-000001"
"2026-05-15 08:29:22","servicenow-incidents-000001"
"2026-05-15 11:00:08","servicenow-incidents-000001"
"2026-04-30 14:22:38","servicenow-incidents-000001"
"2026-05-12 15:09:30","servicenow-incidents-000001"
"2026-05-12 07:49:58","servicenow-incidents-000001"
"2026-05-14 15:55:03","servicenow-incidents-000001"
"2026-05-13 12:15:59","servicenow-incidents-000001"
"2026-05-14 09:47:42","servicenow-incidents-000001"
"2026-05-14 10:02:29","servicenow-incidents-000001"
"2026-05-15 08:20:16","servicenow-incidents-000001"
"2026-05-15 01:00:06","servicenow-incidents-000001"
"2026-04-15 12:47:19","servicenow-incidents-000001"
"2026-05-12 04:50:31","servicenow-incidents-000001"
"2026-05-14 05:04:28","servicenow-incidents-000001"
"2026-05-12 04:28:46","servicenow-incidents-000001"
"2026-05-15 19:32:53","servicenow-incidents-000001"
"2026-05-14 19:10:06","servicenow-incidents-000001"
"2026-05-14 05:18:38","servicenow-incidents-000001"
"2026-05-15 17:21:29","servicenow-incidents-000001"
"2026-04-13 06:32:08","servicenow-incidents-000001"
"2026-05-14 12:13:22","servicenow-incidents-000001"
"2026-04-13 11:44:33","servicenow-incidents-000001"
"2026-05-14 10:02:21","servicenow-incidents-000001"
"2026-05-13 08:39:24","servicenow-incidents-000001"
"2026-05-15 13:00:02","servicenow-incidents-000001"
"2026-05-15 09:34:06","servicenow-incidents-000001"
"2026-05-15 13:56:38","servicenow-incidents-000001"
"2026-05-15 12:13:25","servicenow-incidents-000001"
"2026-05-15 10:25:45","servicenow-incidents-000001"
"2026-05-12 09:52:36","servicenow-incidents-000001"
"2026-05-01 08:00:47","servicenow-incidents-000001"
"2026-05-14 20:15:03","servicenow-incidents-000001"
"2026-04-07 14:34:39","servicenow-incidents-000001"
"2026-05-14 08:39:32","servicenow-incidents-000001"
"2026-05-11 12:04:12","servicenow-incidents-000001"
"2026-05-12 09:51:25","servicenow-incidents-000001"
"2026-05-13 08:57:37","servicenow-incidents-000001"
"2026-04-28 15:29:13","servicenow-incidents-000001"
"2026-05-08 01:05:40","servicenow-incidents-000001"
"2026-05-15 06:53:06","servicenow-incidents-000001"
"2026-05-15 11:09:43","servicenow-incidents-000001"
"2026-05-01 08:07:25","servicenow-incidents-000001"
"2026-05-15 11:40:13","servicenow-incidents-000001"
"2026-05-14 10:39:14","servicenow-incidents-000001"
"2026-05-14 15:36:38","servicenow-incidents-000001"
"2026-05-13 10:08:33","servicenow-incidents-000001"
"2026-05-14 11:43:43","servicenow-incidents-000001"
"2026-04-14 08:54:25","servicenow-incidents-000001"
"2026-05-08 06:20:05","servicenow-incidents-000001"
"2026-04-23 09:33:02","servicenow-incidents-000001"
"2026-05-15 07:00:58","servicenow-incidents-000001"
"2026-05-12 08:06:31","servicenow-incidents-000001"
"2026-05-11 08:54:06","servicenow-incidents-000001"
"2026-04-23 08:13:04","servicenow-incidents-000001"
"2026-05-15 07:34:51","servicenow-incidents-000001"
"2026-05-15 11:11:51","servicenow-incidents-000001"
"2026-04-27 07:32:44","servicenow-incidents-000001"
"2026-04-23 20:27:02","servicenow-incidents-000001"
"2026-04-27 06:34:03","servicenow-incidents-000001"
"2026-04-24 16:59:19","servicenow-incidents-000001"
"2026-04-27 05:13:30","servicenow-incidents-000001"
"2026-04-24 14:44:24","servicenow-incidents-000001"
"2026-05-14 10:52:51","servicenow-incidents-000001"
"2026-05-13 08:39:22","servicenow-incidents-000001"
"2026-04-27 18:30:19","servicenow-incidents-000001"
"2026-04-10 13:53:02","servicenow-incidents-000001"
"2026-04-09 12:54:10","servicenow-incidents-000001"
"2026-05-12 18:00:15","servicenow-incidents-000001"
"2026-04-28 10:14:52","servicenow-incidents-000001"
"2026-04-27 14:40:29","servicenow-incidents-000001"
"2026-04-24 11:35:57","servicenow-incidents-000001"
"2026-04-24 10:15:52","servicenow-incidents-000001"
"2026-04-28 15:58:51","servicenow-incidents-000001"
"2026-04-21 21:23:37","servicenow-incidents-000001"
"2026-05-13 08:39:21","servicenow-incidents-000001"
"2026-04-14 11:24:32","servicenow-incidents-000001"
"2026-04-20 12:17:01","servicenow-incidents-000001"
"2026-04-13 14:40:09","servicenow-incidents-000001"
"2026-04-15 04:17:45","servicenow-incidents-000001"
"2026-04-20 08:46:54","servicenow-incidents-000001"
"2026-04-20 13:22:35","servicenow-incidents-000001"
"2026-04-22 07:54:06","servicenow-incidents-000001"
"2026-04-16 17:21:19","servicenow-incidents-000001"
"2026-04-27 16:17:36","servicenow-incidents-000001"
"2026-04-16 10:25:08","servicenow-incidents-000001"
"2026-05-13 17:15:48","servicenow-incidents-000001"
"2026-04-14 03:17:40","servicenow-incidents-000001"
"2026-04-07 15:53:13","servicenow-incidents-000001"
"2026-04-27 11:15:08","servicenow-incidents-000001"
"2026-04-03 08:34:40","servicenow-incidents-000001"
"2026-04-07 11:28:59","servicenow-incidents-000001"
"2026-04-24 18:24:11","servicenow-incidents-000001"
"2026-04-24 07:45:02","servicenow-incidents-000001"
"2026-04-14 12:32:18","servicenow-incidents-000001"
"2026-03-19 04:29:49","servicenow-incidents-000001"
"2026-04-20 09:39:42","servicenow-incidents-000001"
"2026-04-22 06:28:21","servicenow-incidents-000001"
"2026-04-28 10:49:26","servicenow-incidents-000001"
"2026-04-23 15:23:43","servicenow-incidents-000001"
"2026-04-14 16:07:39","servicenow-incidents-000001"
"2026-04-21 13:05:36","servicenow-incidents-000001"
"2026-04-28 08:38:23","servicenow-incidents-000001"
"2026-04-22 10:24:57","servicenow-incidents-000001"
"2026-04-20 03:23:27","servicenow-incidents-000001"
"2026-04-10 08:44:50","servicenow-incidents-000001"
"2026-04-01 13:37:52","servicenow-incidents-000001"
"2026-04-27 15:49:31","servicenow-incidents-000001"
"2026-03-20 09:34:16","servicenow-incidents-000001"
"2026-04-28 15:11:08","servicenow-incidents-000001"
"2026-04-15 08:43:06","servicenow-incidents-000001"
"2026-04-28 16:14:46","servicenow-incidents-000001"
"2026-04-23 10:31:56","servicenow-incidents-000001"
"2026-04-23 15:05:22","servicenow-incidents-000001"
"2026-04-28 03:37:17","servicenow-incidents-000001"
"2026-04-22 01:37:29","servicenow-incidents-000001"
"2026-04-22 15:18:37","servicenow-incidents-000001"
"2026-04-27 03:12:03","servicenow-incidents-000001"
"2026-04-23 20:54:56","servicenow-incidents-000001"
"2026-04-27 19:47:17","servicenow-incidents-000001"
"2026-04-02 08:31:10","servicenow-incidents-000001"
"2026-04-07 14:16:41","servicenow-incidents-000001"
"2026-04-23 12:39:15","servicenow-incidents-000001"
"2026-04-27 09:09:16","servicenow-incidents-000001"
"2026-03-16 15:17:30","servicenow-incidents-000001"
"2026-04-27 12:00:42","servicenow-incidents-000001"
"2026-04-22 14:48:34","servicenow-incidents-000001"
"2026-04-21 12:36:25","servicenow-incidents-000001"
"2026-04-27 10:16:34","servicenow-incidents-000001"
"2026-04-28 15:04:25","servicenow-incidents-000001"
"2026-04-27 07:11:14","servicenow-incidents-000001"
"2026-04-28 11:06:22","servicenow-incidents-000001"
"2026-04-25 13:11:15","servicenow-incidents-000001"
"2026-04-27 05:40:24","servicenow-incidents-000001"
"2026-04-27 09:40:00","servicenow-incidents-000001"
"2026-04-24 09:28:16","servicenow-incidents-000001"
"2026-04-24 11:20:44","servicenow-incidents-000001"
"2026-04-28 08:27:37","servicenow-incidents-000001"
"2026-04-28 08:20:47","servicenow-incidents-000001"
"2026-04-27 19:46:37","servicenow-incidents-000001"
"2026-04-27 23:56:58","servicenow-incidents-000001"
"2026-05-11 13:25:11","servicenow-incidents-000001"
"2026-05-11 09:04:19","servicenow-incidents-000001"
"2026-05-11 13:25:11","servicenow-incidents-000001"
"2026-05-11 08:15:10","servicenow-incidents-000001"
"2026-05-11 13:05:24","servicenow-incidents-000001"
"2026-04-13 06:51:14","servicenow-incidents-000001"
"2026-04-23 12:21:31","servicenow-incidents-000001"
"2026-04-16 14:32:17","servicenow-incidents-000001"
"2026-04-14 14:13:08","servicenow-incidents-000001"
"2026-04-23 10:47:23","servicenow-incidents-000001"
"2026-04-23 17:20:24","servicenow-incidents-000001"
"2026-04-16 09:12:34","servicenow-incidents-000001"
"2026-04-16 09:14:32","servicenow-incidents-000001"
"2026-04-27 14:13:20","servicenow-incidents-000001"
"2026-04-16 19:00:33","servicenow-incidents-000001"
"2026-04-08 10:35:12","servicenow-incidents-000001"
"2026-04-28 04:34:19","servicenow-incidents-000001"
"2026-04-20 09:46:52","servicenow-incidents-000001"
"2026-04-21 08:55:53","servicenow-incidents-000001"
"2026-04-28 10:48:39","servicenow-incidents-000001"
"2026-04-28 12:48:54","servicenow-incidents-000001"
"2026-04-16 11:52:40","servicenow-incidents-000001"
"2026-04-28 08:54:57","servicenow-incidents-000001"
"2026-04-27 10:51:03","servicenow-incidents-000001"
"2026-04-28 14:35:48","servicenow-incidents-000001"
"2026-04-09 07:51:44","servicenow-incidents-000001"
"2026-04-27 10:14:31","servicenow-incidents-000001"
"2026-04-28 13:55:44","servicenow-incidents-000001"
"2026-04-22 21:45:36","servicenow-incidents-000001"
"2026-04-28 02:15:15","servicenow-incidents-000001"
"2026-04-22 10:57:15","servicenow-incidents-000001"
"2026-04-22 14:26:40","servicenow-incidents-000001"
"2026-04-19 20:01:14","servicenow-incidents-000001"
"2026-04-20 04:14:57","servicenow-incidents-000001"
"2026-04-20 13:56:13","servicenow-incidents-000001"
"2026-04-28 09:24:46","servicenow-incidents-000001"
"2026-04-02 13:37:02","servicenow-incidents-000001"
"2026-04-27 07:29:47","servicenow-incidents-000001"
"2026-04-26 22:30:27","servicenow-incidents-000001"
"2026-04-17 13:47:48","servicenow-incidents-000001"
"2026-04-23 13:50:25","servicenow-incidents-000001"
"2026-04-27 08:26:13","servicenow-incidents-000001"
"2026-04-16 08:09:44","servicenow-incidents-000001"
"2026-04-28 17:04:29","servicenow-incidents-000001"
"2026-04-13 07:34:18","servicenow-incidents-000001"
"2026-04-16 02:54:12","servicenow-incidents-000001"
"2026-04-23 10:27:01","servicenow-incidents-000001"
"2026-04-15 14:10:54","servicenow-incidents-000001"
"2026-04-28 10:53:41","servicenow-incidents-000001"
"2026-05-08 22:35:09","servicenow-incidents-000001"
"2026-05-08 22:05:04","servicenow-incidents-000001"
"2026-04-14 14:53:15","servicenow-incidents-000001"
"2026-04-15 16:39:21","servicenow-incidents-000001"
"2026-04-28 13:24:13","servicenow-incidents-000001"
"2026-05-11 00:09:55","servicenow-incidents-000001"
"2026-04-01 15:40:24","servicenow-incidents-000001"
"2026-04-28 14:02:59","servicenow-incidents-000001"
"2026-04-20 14:34:16","servicenow-incidents-000001"
"2026-04-28 00:21:05","servicenow-incidents-000001"
"2026-04-16 03:08:44","servicenow-incidents-000001"
"2026-04-22 13:25:30","servicenow-incidents-000001"
"2026-04-28 13:59:22","servicenow-incidents-000001"
"2026-04-28 12:25:15","servicenow-incidents-000001"
"2026-04-27 11:49:23","servicenow-incidents-000001"
"2026-04-28 12:26:36","servicenow-incidents-000001"
"2026-04-28 11:59:01","servicenow-incidents-000001"
"2026-02-25 10:35:44","servicenow-incidents-000001"
"2026-04-01 11:03:43","servicenow-incidents-000001"
"2026-04-07 13:33:55","servicenow-incidents-000001"
"2026-04-07 11:20:46","servicenow-incidents-000001"
"2026-04-06 11:40:28","servicenow-incidents-000001"
"2026-04-14 10:28:29","servicenow-incidents-000001"
"2026-04-16 16:51:59","servicenow-incidents-000001"
"2026-04-23 09:06:27","servicenow-incidents-000001"
"2026-04-27 15:05:04","servicenow-incidents-000001"
"2026-04-21 07:40:05","servicenow-incidents-000001"
"2026-04-27 06:30:43","servicenow-incidents-000001"
"2026-04-20 09:09:33","servicenow-incidents-000001"
"2026-04-28 08:04:18","servicenow-incidents-000001"
"2026-04-27 05:47:32","servicenow-incidents-000001"
"2026-04-26 20:59:09","servicenow-incidents-000001"
"2026-04-27 09:32:07","servicenow-incidents-000001"
"2026-04-23 12:16:31","servicenow-incidents-000001"
"2026-04-27 01:37:08","servicenow-incidents-000001"
"2026-04-24 07:27:11","servicenow-incidents-000001"
"2026-04-14 09:25:22","servicenow-incidents-000001"
"2026-04-23 11:53:24","servicenow-incidents-000001"
"2026-04-28 07:59:18","servicenow-incidents-000001"
"2026-03-26 22:24:38","servicenow-incidents-000001"
"2026-04-23 01:19:33","servicenow-incidents-000001"
"2026-04-17 16:35:31","servicenow-incidents-000001"
"2026-04-20 10:03:10","servicenow-incidents-000001"
"2026-04-27 09:24:54","servicenow-incidents-000001"
"2026-04-28 20:52:38","servicenow-incidents-000001"
"2026-04-17 08:56:20","servicenow-incidents-000001"
"2026-04-26 21:34:34","servicenow-incidents-000001"
"2026-03-23 13:21:45","servicenow-incidents-000001"
"2026-04-23 20:24:13","servicenow-incidents-000001"
"2026-04-15 07:37:27","servicenow-incidents-000001"
"2026-04-28 17:12:52","servicenow-incidents-000001"
"2026-04-17 15:11:18","servicenow-incidents-000001"
"2026-01-07 04:08:39","servicenow-incidents-000001"
"2026-01-07 04:08:39","servicenow-incidents-000001"
"2026-01-28 11:45:53","servicenow-incidents-000001"
"2026-04-28 14:22:53","servicenow-incidents-000001"
"2026-04-28 13:39:34","servicenow-incidents-000001"
"2026-01-09 23:33:42","servicenow-incidents-000001"
"2026-01-07 21:18:20","servicenow-incidents-000001"
"2026-04-17 16:54:08","servicenow-incidents-000001"
"2026-04-21 10:48:41","servicenow-incidents-000001"
"2026-04-21 16:12:34","servicenow-incidents-000001"
"2026-04-27 14:08:46","servicenow-incidents-000001"
"2026-04-21 15:40:39","servicenow-incidents-000001"
"2026-04-28 08:15:17","servicenow-incidents-000001"
"2026-04-24 09:19:58","servicenow-incidents-000001"
"2026-04-15 08:59:55","servicenow-incidents-000001"
"2026-04-27 22:04:19","servicenow-incidents-000001"
"2026-04-27 22:04:19","servicenow-incidents-000001"
"2026-04-20 11:01:45","servicenow-incidents-000001"
"2026-04-21 07:41:13","servicenow-incidents-000001"
"2026-04-15 07:57:41","servicenow-incidents-000001"
"2026-04-24 07:09:13","servicenow-incidents-000001"
"2026-04-22 06:27:07","servicenow-incidents-000001"
"2026-04-27 14:41:09","servicenow-incidents-000001"
"2026-04-17 10:45:09","servicenow-incidents-000001"
"2026-04-17 13:30:40","servicenow-incidents-000001"
"2026-04-06 08:13:05","servicenow-incidents-000001"
"2026-04-27 14:13:19","servicenow-incidents-000001"
"2026-04-21 16:18:46","servicenow-incidents-000001"
"2026-04-24 12:31:17","servicenow-incidents-000001"
"2026-04-21 07:44:11","servicenow-incidents-000001"
"2026-04-17 07:51:45","servicenow-incidents-000001"
"2026-04-27 18:11:27","servicenow-incidents-000001"
"2026-04-20 13:15:21","servicenow-incidents-000001"
"2026-04-28 09:12:43","servicenow-incidents-000001"
"2026-04-28 09:21:03","servicenow-incidents-000001"
"2026-04-16 13:47:12","servicenow-incidents-000001"
"2026-04-20 14:52:01","servicenow-incidents-000001"
"2026-04-25 06:49:52","servicenow-incidents-000001"
"2026-04-13 12:19:41","servicenow-incidents-000001"
"2026-04-28 14:40:23","servicenow-incidents-000001"
"2026-04-28 15:03:29","servicenow-incidents-000001"
"2026-04-28 12:58:05","servicenow-incidents-000001"
"2026-04-20 10:37:05","servicenow-incidents-000001"
"2026-04-28 09:32:43","servicenow-incidents-000001"
"2026-04-27 08:05:13","servicenow-incidents-000001"
"2026-04-27 11:57:48","servicenow-incidents-000001"
"2026-04-17 10:55:32","servicenow-incidents-000001"
"2026-04-22 11:11:09","servicenow-incidents-000001"
"2026-04-09 10:18:26","servicenow-incidents-000001"
"2026-04-28 11:33:12","servicenow-incidents-000001"
"2026-04-22 08:47:28","servicenow-incidents-000001"
"2026-04-27 08:56:51","servicenow-incidents-000001"
"2026-04-22 20:06:19","servicenow-incidents-000001"
"2026-04-24 16:58:38","servicenow-incidents-000001"
"2026-04-23 22:10:45","servicenow-incidents-000001"
"2026-04-28 06:29:37","servicenow-incidents-000001"
"2026-04-28 06:29:35","servicenow-incidents-000001"
"2026-04-25 06:49:52","servicenow-incidents-000001"
"2026-04-24 19:11:07","servicenow-incidents-000001"
"2026-04-22 09:51:07","servicenow-incidents-000001"
"2026-04-27 15:02:45","servicenow-incidents-000001"
"2026-04-28 11:32:47","servicenow-incidents-000001"
"2026-04-10 22:00:45","servicenow-incidents-000001"
"2026-03-31 06:01:09","servicenow-incidents-000001"
"2026-03-30 05:35:41","servicenow-incidents-000001"
"2026-04-28 04:38:50","servicenow-incidents-000001"
"2026-04-27 04:13:49","servicenow-incidents-000001"
"2026-04-27 00:09:31","servicenow-incidents-000001"
"2026-04-08 11:27:06","servicenow-incidents-000001"
"2026-04-21 23:34:03","servicenow-incidents-000001"
"2026-04-22 06:19:18","servicenow-incidents-000001"
"2026-03-31 14:02:37","servicenow-incidents-000001"
"2026-04-22 19:42:49","servicenow-incidents-000001"
"2026-04-24 07:28:01","servicenow-incidents-000001"
"2026-04-27 11:38:15","servicenow-incidents-000001"
"2026-04-28 13:21:21","servicenow-incidents-000001"
"2026-04-27 07:29:58","servicenow-incidents-000001"
"2026-04-23 11:54:15","servicenow-incidents-000001"
"2026-04-13 12:43:05","servicenow-incidents-000001"
"2026-04-22 13:40:36","servicenow-incidents-000001"
"2026-04-21 03:55:04","servicenow-incidents-000001"
"2026-04-23 00:12:00","servicenow-incidents-000001"
"2026-04-28 00:39:49","servicenow-incidents-000001"
"2026-04-27 13:40:58","servicenow-incidents-000001"
"2026-04-21 12:09:16","servicenow-incidents-000001"
"2026-04-20 13:15:16","servicenow-incidents-000001"
"2026-04-27 12:57:12","servicenow-incidents-000001"
"2026-04-28 05:49:36","servicenow-incidents-000001"
"2026-04-27 17:25:38","servicenow-incidents-000001"
"2026-04-09 12:06:28","servicenow-incidents-000001"
"2026-04-27 15:18:50","servicenow-incidents-000001"
"2026-04-03 00:42:27","servicenow-incidents-000001"
"2026-04-27 09:57:27","servicenow-incidents-000001"
"2026-04-27 11:52:37","servicenow-incidents-000001"
"2026-04-17 11:53:38","servicenow-incidents-000001"
"2026-04-27 11:57:23","servicenow-incidents-000001"
"2026-04-27 09:50:28","servicenow-incidents-000001"
"2026-04-01 12:35:10","servicenow-incidents-000001"
"2026-04-28 17:32:57","servicenow-incidents-000001"
"2026-04-14 15:10:46","servicenow-incidents-000001"
"2026-04-28 16:19:32","servicenow-incidents-000001"
"2026-04-28 15:18:39","servicenow-incidents-000001"
"2026-04-28 14:23:37","servicenow-incidents-000001"
"2026-04-28 08:39:12","servicenow-incidents-000001"
"2026-04-12 14:50:18","servicenow-incidents-000001"
"2026-04-28 13:11:58","servicenow-incidents-000001"
"2026-04-27 10:35:30","servicenow-incidents-000001"
"2026-04-24 13:49:08","servicenow-incidents-000001"
"2026-04-27 12:53:28","servicenow-incidents-000001"
"2026-04-28 11:01:45","servicenow-incidents-000001"
"2026-04-21 08:48:27","servicenow-incidents-000001"
"2026-04-28 13:24:47","servicenow-incidents-000001"
"2026-04-20 00:32:14","servicenow-incidents-000001"
"2026-04-28 00:33:33","servicenow-incidents-000001"
"2026-04-09 10:50:15","servicenow-incidents-000001"
"2026-04-23 18:44:13","servicenow-incidents-000001"
"2026-04-06 13:04:17","servicenow-incidents-000001"
"2026-04-27 15:57:30","servicenow-incidents-000001"
"2026-04-28 12:19:24","servicenow-incidents-000001"
"2026-04-27 20:21:45","servicenow-incidents-000001"
"2026-04-28 08:03:56","servicenow-incidents-000001"
"2026-04-14 10:50:48","servicenow-incidents-000001"
"2026-04-28 15:27:00","servicenow-incidents-000001"
"2026-04-23 10:42:50","servicenow-incidents-000001"
"2026-04-28 06:27:07","servicenow-incidents-000001"
"2026-04-21 03:39:47","servicenow-incidents-000001"
"2026-04-22 13:09:03","servicenow-incidents-000001"
"2026-04-20 14:41:28","servicenow-incidents-000001"
"2026-04-23 16:40:13","servicenow-incidents-000001"
"2026-04-27 10:04:27","servicenow-incidents-000001"
"2026-04-23 15:58:04","servicenow-incidents-000001"
"2026-04-24 13:44:02","servicenow-incidents-000001"
"2026-04-27 08:31:54","servicenow-incidents-000001"
"2026-04-28 09:48:26","servicenow-incidents-000001"
"2026-04-27 09:12:05","servicenow-incidents-000001"
"2026-04-27 18:04:03","servicenow-incidents-000001"
"2026-04-20 09:44:15","servicenow-incidents-000001"
"2026-04-28 16:41:44","servicenow-incidents-000001"
"2026-04-28 05:01:50","servicenow-incidents-000001"
"2026-04-27 18:35:40","servicenow-incidents-000001"
"2026-04-27 17:21:14","servicenow-incidents-000001"
"2026-04-21 19:35:03","servicenow-incidents-000001"
"2026-04-24 04:10:35","servicenow-incidents-000001"
"2026-04-15 10:02:56","servicenow-incidents-000001"
"2026-04-23 13:57:01","servicenow-incidents-000001"
"2026-04-27 13:48:41","servicenow-incidents-000001"
"2026-04-14 08:26:49","servicenow-incidents-000001"
"2026-04-17 04:37:10","servicenow-incidents-000001"
"2026-04-28 15:19:30","servicenow-incidents-000001"
"2026-04-24 11:21:18","servicenow-incidents-000001"
"2026-04-28 12:32:25","servicenow-incidents-000001"
"2026-04-28 10:35:32","servicenow-incidents-000001"
"2026-04-24 07:32:26","servicenow-incidents-000001"
"2026-03-17 12:12:47","servicenow-incidents-000001"
"2026-04-24 02:04:42","servicenow-incidents-000001"
"2026-04-28 02:34:35","servicenow-incidents-000001"
"2026-04-28 10:34:32","servicenow-incidents-000001"
"2026-04-22 17:05:37","servicenow-incidents-000001"
"2026-04-27 11:28:53","servicenow-incidents-000001"
"2026-04-25 11:42:18","servicenow-incidents-000001"
"2026-04-28 15:25:37","servicenow-incidents-000001"
"2026-04-01 09:39:00","servicenow-incidents-000001"
"2026-04-23 12:37:46","servicenow-incidents-000001"
"2026-04-28 15:20:36","servicenow-incidents-000001"
"2026-04-27 14:12:51","servicenow-incidents-000001"
"2026-04-28 14:25:58","servicenow-incidents-000001"
"2026-04-20 09:11:26","servicenow-incidents-000001"
"2026-04-28 15:37:38","servicenow-incidents-000001"
"2026-04-23 04:46:21","servicenow-incidents-000001"
"2026-04-16 07:57:50","servicenow-incidents-000001"
"2026-04-24 08:54:45","servicenow-incidents-000001"
"2026-04-21 15:35:16","servicenow-incidents-000001"
"2026-03-31 13:49:25","servicenow-incidents-000001"
"2026-04-28 09:49:21","servicenow-incidents-000001"
"2026-04-28 09:10:01","servicenow-incidents-000001"
"2026-04-20 07:27:25","servicenow-incidents-000001"
"2026-04-20 07:33:30","servicenow-incidents-000001"
"2026-04-27 04:51:06","servicenow-incidents-000001"
"2026-04-28 09:40:38","servicenow-incidents-000001"
"2026-04-21 12:36:31","servicenow-incidents-000001"
"2026-04-28 11:32:10","servicenow-incidents-000001"
"2026-04-24 15:29:26","servicenow-incidents-000001"
"2026-04-27 05:14:43","servicenow-incidents-000001"
"2026-04-15 14:31:11","servicenow-incidents-000001"
"2026-04-24 13:49:29","servicenow-incidents-000001"
"2026-04-27 13:38:34","servicenow-incidents-000001"
"2026-04-28 11:59:36","servicenow-incidents-000001"
"2026-04-27 09:10:51","servicenow-incidents-000001"
"2026-04-28 16:32:09","servicenow-incidents-000001"
"2026-04-27 15:03:39","servicenow-incidents-000001"
"2026-04-27 08:44:50","servicenow-incidents-000001"
"2026-04-28 09:54:07","servicenow-incidents-000001"
"2026-04-28 11:55:04","servicenow-incidents-000001"
"2026-04-27 08:15:42","servicenow-incidents-000001"
"2026-04-27 08:15:30","servicenow-incidents-000001"
"2026-04-14 07:22:41","servicenow-incidents-000001"
"2026-04-28 08:58:06","servicenow-incidents-000001"
"2026-04-27 06:15:36","servicenow-incidents-000001"
"2026-04-27 12:21:30","servicenow-incidents-000001"
"2026-04-27 07:25:28","servicenow-incidents-000001"
"2026-04-27 14:20:31","servicenow-incidents-000001"
"2026-04-27 07:25:27","servicenow-incidents-000001"
"2026-04-20 21:38:03","servicenow-incidents-000001"
"2026-04-28 05:18:44","servicenow-incidents-000001"
"2026-04-27 14:24:22","servicenow-incidents-000001"
"2026-04-27 07:33:32","servicenow-incidents-000001"
"2026-04-28 20:11:03","servicenow-incidents-000001"
"2026-04-22 15:09:47","servicenow-incidents-000001"
"2026-04-24 06:49:44","servicenow-incidents-000001"
"2026-04-27 14:00:43","servicenow-incidents-000001"
"2026-04-27 06:03:29","servicenow-incidents-000001"
"2026-04-22 05:46:27","servicenow-incidents-000001"
"2026-04-24 17:00:30","servicenow-incidents-000001"
"2026-04-27 17:14:02","servicenow-incidents-000001"
"2026-04-23 10:20:15","servicenow-incidents-000001"
"2026-04-21 02:25:26","servicenow-incidents-000001"
"2026-04-19 20:49:12","servicenow-incidents-000001"
"2026-04-28 05:18:44","servicenow-incidents-000001"
"2026-04-27 21:22:29","servicenow-incidents-000001"
"2026-04-21 08:52:36","servicenow-incidents-000001"
"2026-04-27 14:17:52","servicenow-incidents-000001"
"2026-04-17 03:35:21","servicenow-incidents-000001"
"2026-04-28 10:19:20","servicenow-incidents-000001"
"2026-04-28 09:10:58","servicenow-incidents-000001"
"2026-04-20 14:23:08","servicenow-incidents-000001"
"2026-04-23 10:13:32","servicenow-incidents-000001"
"2026-04-22 21:07:44","servicenow-incidents-000001"
"2026-04-10 04:27:39","servicenow-incidents-000001"
"2026-04-28 07:47:07","servicenow-incidents-000001"
"2026-04-24 00:48:15","servicenow-incidents-000001"
"2026-04-28 08:22:49","servicenow-incidents-000001"
"2026-04-27 05:26:04","servicenow-incidents-000001"
"2026-04-27 22:25:58","servicenow-incidents-000001"
"2026-04-10 07:28:19","servicenow-incidents-000001"
"2026-04-25 00:14:48","servicenow-incidents-000001"
"2026-04-27 09:20:52","servicenow-incidents-000001"
"2026-01-07 04:08:39","servicenow-incidents-000001"
"2026-04-22 22:18:04","servicenow-incidents-000001"
"2026-04-28 08:48:16","servicenow-incidents-000001"
"2026-04-22 20:27:25","servicenow-incidents-000001"
"2026-04-28 03:10:50","servicenow-incidents-000001"
"2026-04-23 10:42:43","servicenow-incidents-000001"
"2026-04-28 16:41:19","servicenow-incidents-000001"
"2026-04-28 06:25:51","servicenow-incidents-000001"
"2026-04-28 14:17:58","servicenow-incidents-000001"
"2026-04-22 13:36:12","servicenow-incidents-000001"
"2026-04-28 21:20:16","servicenow-incidents-000001"
"2026-04-27 12:34:17","servicenow-incidents-000001"
"2026-04-28 11:11:46","servicenow-incidents-000001"
"2026-04-07 11:01:07","servicenow-incidents-000001"
"2026-04-26 18:53:45","servicenow-incidents-000001"
"2026-04-22 15:29:38","servicenow-incidents-000001"
"2026-04-27 02:58:08","servicenow-incidents-000001"
"2026-04-24 01:40:43","servicenow-incidents-000001"
"2026-04-27 22:25:40","servicenow-incidents-000001"
"2026-04-27 22:25:40","servicenow-incidents-000001"
"2026-04-28 06:22:53","servicenow-incidents-000001"
"2026-04-20 14:26:01","servicenow-incidents-000001"
"2026-04-27 19:47:20","servicenow-incidents-000001"
"2026-04-20 11:57:49","servicenow-incidents-000001"
"2026-04-27 22:25:58","servicenow-incidents-000001"
"2026-04-28 12:52:42","servicenow-incidents-000001"
"2026-04-28 05:18:44","servicenow-incidents-000001"
"2026-04-21 15:01:13","servicenow-incidents-000001"
"2026-04-21 04:11:30","servicenow-incidents-000001"
"2026-04-24 12:05:47","servicenow-incidents-000001"
"2026-04-26 20:01:27","servicenow-incidents-000001"
"2026-04-09 20:12:51","servicenow-incidents-000001"
"2026-04-23 15:35:27","servicenow-incidents-000001"
"2026-04-24 09:38:12","servicenow-incidents-000001"
"2026-04-28 10:34:54","servicenow-incidents-000001"
"2026-04-28 16:05:08","servicenow-incidents-000001"
"2026-04-15 23:37:33","servicenow-incidents-000001"
"2026-04-27 08:40:10","servicenow-incidents-000001"
"2026-04-24 08:23:12","servicenow-incidents-000001"
"2026-04-25 05:25:51","servicenow-incidents-000001"
"2026-04-24 09:48:07","servicenow-incidents-000001"
"2026-04-24 10:18:20","servicenow-incidents-000001"
"2026-04-23 06:32:43","servicenow-incidents-000001"
"2026-04-20 07:25:42","servicenow-incidents-000001"
"2026-04-23 05:58:49","servicenow-incidents-000001"
"2026-04-28 06:26:56","servicenow-incidents-000001"
"2026-04-22 09:34:59","servicenow-incidents-000001"
"2026-04-28 19:14:01","servicenow-incidents-000001"
"2026-04-23 15:31:53","servicenow-incidents-000001"
"2026-04-23 09:05:58","servicenow-incidents-000001"
"2026-04-28 13:11:47","servicenow-incidents-000001"
"2026-04-28 04:06:58","servicenow-incidents-000001"
"2026-04-27 18:18:58","servicenow-incidents-000001"
"2026-04-27 13:28:51","servicenow-incidents-000001"
"2026-04-28 18:52:06","servicenow-incidents-000001"
"2026-04-22 18:05:38","servicenow-incidents-000001"
"2026-04-27 12:00:29","servicenow-incidents-000001"
"2026-04-27 14:35:37","servicenow-incidents-000001"
"2026-04-27 14:35:48","servicenow-incidents-000001"
"2026-04-21 19:41:33","servicenow-incidents-000001"
"2026-04-21 19:37:31","servicenow-incidents-000001"
"2026-04-16 11:01:26","servicenow-incidents-000001"
"2026-04-21 11:18:25","servicenow-incidents-000001"
"2026-04-24 03:22:29","servicenow-incidents-000001"
"2026-04-27 15:48:34","servicenow-incidents-000001"
"2026-04-22 12:51:49","servicenow-incidents-000001"
"2026-04-28 13:24:27","servicenow-incidents-000001"
"2026-04-28 13:12:29","servicenow-incidents-000001"
"2026-04-28 11:23:01","servicenow-incidents-000001"
"2026-04-28 03:10:51","servicenow-incidents-000001"
"2026-04-28 03:10:47","servicenow-incidents-000001"
"2026-04-28 12:57:31","servicenow-incidents-000001"
"2026-04-27 06:15:35","servicenow-incidents-000001"
"2026-04-27 08:15:42","servicenow-incidents-000001"
"2026-04-28 08:58:08","servicenow-incidents-000001"
"2026-04-27 09:53:27","servicenow-incidents-000001"
"2026-04-28 03:10:47","servicenow-incidents-000001"
"2026-04-21 02:54:58","servicenow-incidents-000001"
"2026-04-20 03:27:56","servicenow-incidents-000001"
"2026-04-27 12:51:35","servicenow-incidents-000001"
"2026-04-28 20:41:27","servicenow-incidents-000001"
"2026-04-28 12:50:49","servicenow-incidents-000001"
"2026-04-27 09:34:08","servicenow-incidents-000001"
"2026-04-27 12:34:17","servicenow-incidents-000001"
"2026-04-27 21:57:57","servicenow-incidents-000001"
"2026-04-17 14:26:25","servicenow-incidents-000001"
"2026-04-21 11:02:34","servicenow-incidents-000001"
"2026-04-27 09:50:27","servicenow-incidents-000001"
"2026-04-27 14:59:00","servicenow-incidents-000001"
"2026-04-24 06:54:06","servicenow-incidents-000001"
"2026-04-24 13:10:31","servicenow-incidents-000001"
"2026-04-27 19:27:53","servicenow-incidents-000001"
"2026-04-28 14:04:31","servicenow-incidents-000001"
"2026-04-28 09:14:04","servicenow-incidents-000001"
"2026-04-22 19:19:13","servicenow-incidents-000001"
"2026-04-27 16:17:30","servicenow-incidents-000001"
"2026-04-24 09:11:42","servicenow-incidents-000001"
"2026-04-21 16:47:44","servicenow-incidents-000001"
"2026-04-23 14:59:26","servicenow-incidents-000001"
"2026-04-27 11:00:56","servicenow-incidents-000001"
"2026-04-27 10:43:53","servicenow-incidents-000001"
"2026-04-03 15:45:32","servicenow-incidents-000001"
"2026-04-13 15:05:12","servicenow-incidents-000001"
"2026-04-28 10:54:41","servicenow-incidents-000001"
"2026-04-27 13:44:37","servicenow-incidents-000001"
"2026-04-28 10:30:40","servicenow-incidents-000001"
"2026-04-27 14:37:48","servicenow-incidents-000001"
"2026-04-23 11:46:58","servicenow-incidents-000001"
"2026-04-24 17:52:22","servicenow-incidents-000001"
"2026-04-27 17:07:55","servicenow-incidents-000001"
"2026-04-22 13:50:30","servicenow-incidents-000001"
"2026-04-27 07:33:37","servicenow-incidents-000001"
"2026-04-27 07:33:46","servicenow-incidents-000001"
"2026-04-27 14:28:40","servicenow-incidents-000001"
"2026-04-28 09:39:24","servicenow-incidents-000001"
"2026-04-28 16:34:50","servicenow-incidents-000001"
"2026-04-23 14:44:31","servicenow-incidents-000001"
"2026-04-21 08:54:46","servicenow-incidents-000001"
"2026-04-22 08:48:55","servicenow-incidents-000001"
"2026-04-27 11:43:38","servicenow-incidents-000001"
"2026-04-27 11:58:37","servicenow-incidents-000001"
"2026-04-27 23:53:43","servicenow-incidents-000001"
"2026-04-27 05:28:36","servicenow-incidents-000001"
"2026-04-27 05:25:35","servicenow-incidents-000001"
"2026-04-23 15:57:12","servicenow-incidents-000001"
"2026-04-28 12:20:14","servicenow-incidents-000001"
"2026-04-27 07:39:57","servicenow-incidents-000001"
"2026-04-24 14:43:31","servicenow-incidents-000001"
"2026-04-27 11:03:39","servicenow-incidents-000001"
"2026-04-27 08:29:52","servicenow-incidents-000001"
"2026-04-28 13:22:58","servicenow-incidents-000001"
"2026-04-27 23:38:35","servicenow-incidents-000001"
"2026-04-27 05:28:32","servicenow-incidents-000001"
"2026-04-27 11:03:54","servicenow-incidents-000001"
"2026-04-27 05:28:45","servicenow-incidents-000001"
"2026-04-27 14:28:38","servicenow-incidents-000001"
"2026-04-27 23:44:14","servicenow-incidents-000001"
"2026-04-27 23:43:56","servicenow-incidents-000001"
"2026-04-28 13:22:56","servicenow-incidents-000001"
"2026-04-28 13:22:57","servicenow-incidents-000001"
"2026-04-27 23:53:43","servicenow-incidents-000001"
"2026-04-27 14:20:31","servicenow-incidents-000001"
"2026-04-27 05:40:26","servicenow-incidents-000001"
"2026-04-27 05:25:43","servicenow-incidents-000001"
"2026-04-27 11:50:55","servicenow-incidents-000001"
"2026-04-27 05:25:26","servicenow-incidents-000001"
"2026-04-28 03:50:46","servicenow-incidents-000001"
"2026-04-28 03:50:48","servicenow-incidents-000001"
"2026-04-22 10:58:14","servicenow-incidents-000001"
"2026-04-27 14:00:46","servicenow-incidents-000001"
"2026-04-27 15:38:34","servicenow-incidents-000001"
"2026-04-22 12:30:09","servicenow-incidents-000001"
"2026-04-27 23:44:15","servicenow-incidents-000001"
"2026-04-22 21:29:10","servicenow-incidents-000001"
"2026-04-28 20:20:55","servicenow-incidents-000001"
"2026-04-24 07:18:58","servicenow-incidents-000001"
"2026-04-20 12:25:40","servicenow-incidents-000001"
"2026-04-28 13:28:44","servicenow-incidents-000001"
"2026-04-22 18:49:58","servicenow-incidents-000001"
"2026-04-23 11:52:14","servicenow-incidents-000001"
"2026-04-22 11:33:45","servicenow-incidents-000001"
"2026-04-24 18:50:14","servicenow-incidents-000001"
"2026-04-27 15:15:34","servicenow-incidents-000001"
"2026-04-26 10:25:57","servicenow-incidents-000001"
"2026-04-25 13:20:04","servicenow-incidents-000001"
"2026-04-27 11:50:54","servicenow-incidents-000001"
"2026-04-25 14:00:41","servicenow-incidents-000001"
"2026-04-22 16:35:21","servicenow-incidents-000001"
"2026-04-28 09:46:30","servicenow-incidents-000001"
"2026-04-23 13:46:02","servicenow-incidents-000001"
"2026-04-27 16:48:25","servicenow-incidents-000001"
"2026-04-28 15:59:38","servicenow-incidents-000001"
"2026-04-15 13:02:54","servicenow-incidents-000001"
"2026-04-17 08:09:47","servicenow-incidents-000001"
"2026-04-28 13:22:57","servicenow-incidents-000001"
"2026-04-13 10:59:41","servicenow-incidents-000001"
"2026-04-27 08:28:49","servicenow-incidents-000001"
"2026-04-28 03:09:35","servicenow-incidents-000001"
"2026-04-28 18:46:54","servicenow-incidents-000001"
"2026-04-28 12:24:10","servicenow-incidents-000001"
"2026-04-27 10:49:30","servicenow-incidents-000001"
"2026-04-24 07:54:03","servicenow-incidents-000001"
"2026-04-27 07:13:36","servicenow-incidents-000001"
"2026-04-27 07:13:26","servicenow-incidents-000001"
"2026-04-27 05:25:49","servicenow-incidents-000001"
"2026-04-27 05:25:34","servicenow-incidents-000001"
"2026-04-28 14:51:42","servicenow-incidents-000001"
"2026-04-28 10:33:51","servicenow-incidents-000001"
"2026-04-28 09:17:48","servicenow-incidents-000001"
"2026-04-21 12:41:06","servicenow-incidents-000001"
"2026-04-23 22:03:00","servicenow-incidents-000001"
"2026-04-27 09:07:47","servicenow-incidents-000001"
"2026-04-27 08:52:16","servicenow-incidents-000001"
"2026-04-28 04:35:25","servicenow-incidents-000001"
"2026-04-27 14:35:49","servicenow-incidents-000001"
"2026-04-27 14:35:36","servicenow-incidents-000001"
"2026-04-28 18:22:06","servicenow-incidents-000001"
"2026-04-16 20:54:16","servicenow-incidents-000001"
"2026-04-23 09:03:02","servicenow-incidents-000001"
"2026-04-24 15:13:56","servicenow-incidents-000001"
"2026-04-28 01:14:01","servicenow-incidents-000001"
"2026-04-23 10:37:55","servicenow-incidents-000001"
"2026-04-22 04:23:03","servicenow-incidents-000001"
"2026-04-28 02:33:17","servicenow-incidents-000001"
"2026-04-23 20:46:41","servicenow-incidents-000001"
"2026-04-27 20:37:57","servicenow-incidents-000001"
"2026-04-26 04:11:15","servicenow-incidents-000001"
"2026-04-26 01:24:18","servicenow-incidents-000001"
"2026-04-26 05:05:24","servicenow-incidents-000001"
"2026-04-28 04:24:49","servicenow-incidents-000001"
"2026-04-23 15:18:48","servicenow-incidents-000001"
"2026-04-23 02:58:41","servicenow-incidents-000001"
"2026-04-28 05:05:44","servicenow-incidents-000001"
"2026-04-28 09:37:39","servicenow-incidents-000001"
"2026-04-27 22:10:54","servicenow-incidents-000001"
"2026-04-28 18:57:34","servicenow-incidents-000001"
"2026-04-27 22:04:19","servicenow-incidents-000001"
"2026-04-28 06:34:56","servicenow-incidents-000001"
"2026-04-28 06:44:35","servicenow-incidents-000001"
"2026-04-28 11:23:12","servicenow-incidents-000001"
"2026-04-22 06:10:39","servicenow-incidents-000001"
"2026-04-25 07:59:01","servicenow-incidents-000001"
"2026-04-21 14:53:22","servicenow-incidents-000001"
"2026-04-28 10:47:35","servicenow-incidents-000001"
"2026-04-28 12:29:23","servicenow-incidents-000001"
"2026-04-27 07:09:31","servicenow-incidents-000001"
"2026-04-28 13:14:35","servicenow-incidents-000001"
"2026-04-28 17:11:55","servicenow-incidents-000001"
"2026-04-28 21:40:53","servicenow-incidents-000001"
"2026-04-28 08:52:40","servicenow-incidents-000001"
"2026-04-24 12:06:09","servicenow-incidents-000001"
"2026-04-28 18:04:37","servicenow-incidents-000001"
"2026-04-27 16:05:05","servicenow-incidents-000001"
"2026-04-28 07:51:44","servicenow-incidents-000001"
"2026-04-24 13:16:13","servicenow-incidents-000001"
"2026-04-24 01:36:24","servicenow-incidents-000001"
"2026-04-28 08:47:47","servicenow-incidents-000001"
"2026-04-24 15:03:16","servicenow-incidents-000001"
"2026-04-27 15:56:16","servicenow-incidents-000001"
"2026-04-28 01:04:21","servicenow-incidents-000001"
"2026-04-25 00:00:49","servicenow-incidents-000001"
"2026-04-28 11:25:46","servicenow-incidents-000001"
"2026-04-26 23:05:38","servicenow-incidents-000001"
"2026-04-28 21:09:35","servicenow-incidents-000001"
"2026-04-27 02:17:32","servicenow-incidents-000001"
"2026-04-13 14:10:36","servicenow-incidents-000001"
"2026-04-28 21:35:00","servicenow-incidents-000001"
"2026-04-28 21:14:44","servicenow-incidents-000001"
"2026-04-22 13:05:19","servicenow-incidents-000001"
"2026-04-27 08:15:30","servicenow-incidents-000001"
"2026-04-27 07:13:36","servicenow-incidents-000001"
"2026-04-27 07:13:33","servicenow-incidents-000001"
"2026-04-28 19:44:18","servicenow-incidents-000001"
"2026-04-27 07:13:33","servicenow-incidents-000001"
"2026-04-25 06:29:49","servicenow-incidents-000001"
"2026-04-24 02:25:31","servicenow-incidents-000001"
"2026-04-27 23:38:36","servicenow-incidents-000001"
"2026-04-27 23:38:40","servicenow-incidents-000001"
"2026-04-27 23:38:35","servicenow-incidents-000001"
"2026-04-27 23:38:40","servicenow-incidents-000001"
"2026-04-27 23:43:36","servicenow-incidents-000001"
"2026-04-27 23:43:36","servicenow-incidents-000001"
"2026-04-27 23:43:56","servicenow-incidents-000001"
"2026-04-27 23:44:14","servicenow-incidents-000001"
"2026-04-27 23:43:56","servicenow-incidents-000001"
"2026-04-27 05:18:26","servicenow-incidents-000001"
"2026-04-27 05:25:35","servicenow-incidents-000001"
"2026-04-27 05:25:49","servicenow-incidents-000001"
"2026-04-27 23:43:49","servicenow-incidents-000001"
"2026-04-27 23:53:43","servicenow-incidents-000001"
"2026-04-28 18:18:12","servicenow-incidents-000001"
"2026-04-28 18:17:53","servicenow-incidents-000001"
"2026-04-28 18:17:53","servicenow-incidents-000001"
"2026-04-28 16:38:09","servicenow-incidents-000001"
"2026-04-28 18:18:11","servicenow-incidents-000001"
"2026-04-28 18:17:53","servicenow-incidents-000001"
"2026-04-27 17:53:40","servicenow-incidents-000001"
"2026-04-28 16:37:59","servicenow-incidents-000001"
"2026-04-27 17:53:34","servicenow-incidents-000001"
"2026-04-27 05:18:26","servicenow-incidents-000001"
"2026-04-27 05:18:42","servicenow-incidents-000001"
"2026-04-27 23:43:37","servicenow-incidents-000001"
"2026-04-27 23:53:43","servicenow-incidents-000001"
"2026-04-27 23:53:43","servicenow-incidents-000001"
"2026-04-26 00:33:23","servicenow-incidents-000001"
"2026-04-28 18:06:15","servicenow-incidents-000001"
"2026-04-28 18:00:53","servicenow-incidents-000001"
"2026-04-28 20:37:58","servicenow-incidents-000001"
"2026-04-28 17:49:11","servicenow-incidents-000001"
"2026-04-28 18:24:54","servicenow-incidents-000001"
"2026-04-27 05:18:26","servicenow-incidents-000001"
"2026-04-18 16:17:47","servicenow-incidents-000001"
"2026-04-28 18:24:54","servicenow-incidents-000001"
"2026-04-28 17:57:44","servicenow-incidents-000001"
"2026-04-28 17:53:26","servicenow-incidents-000001"
"2026-04-28 18:03:17","servicenow-incidents-000001"
"2026-04-28 18:17:53","servicenow-incidents-000001"
"2026-04-28 17:12:30","servicenow-incidents-000001"
"2026-04-28 18:17:53","servicenow-incidents-000001"
"2026-04-28 17:10:04","servicenow-incidents-000001"
"2026-04-28 15:52:19","servicenow-incidents-000001"
"2026-04-28 17:16:10","servicenow-incidents-000001"
"2026-04-28 18:14:58","servicenow-incidents-000001"
"2026-04-27 17:53:34","servicenow-incidents-000001"
"2026-04-28 17:46:46","servicenow-incidents-000001"
"2026-04-28 16:34:53","servicenow-incidents-000001"
"2026-04-28 15:57:46","servicenow-incidents-000001"
"2026-04-28 18:12:57","servicenow-incidents-000001"
"2026-04-27 17:53:40","servicenow-incidents-000001"
"2026-04-27 17:53:40","servicenow-incidents-000001"
"2026-04-28 17:36:05","servicenow-incidents-000001"
"2026-04-26 07:10:23","servicenow-incidents-000001"
"2026-04-28 18:29:59","servicenow-incidents-000001"
"2026-04-28 17:11:04","servicenow-incidents-000001"
"2026-04-26 14:28:23","servicenow-incidents-000001"
"2026-04-28 18:27:15","servicenow-incidents-000001"
"2026-04-28 18:00:52","servicenow-incidents-000001"
"2026-04-28 18:18:11","servicenow-incidents-000001"
"2026-04-28 17:05:52","servicenow-incidents-000001"
"2026-04-28 18:17:53","servicenow-incidents-000001"
"2026-04-28 17:49:39","servicenow-incidents-000001"
"2026-04-28 18:24:54","servicenow-incidents-000001"
"2026-04-28 15:49:24","servicenow-incidents-000001"
"2026-04-28 16:46:56","servicenow-incidents-000001"
"2026-04-28 19:19:51","servicenow-incidents-000001"
"2026-04-28 18:14:58","servicenow-incidents-000001"
"2026-04-28 17:12:56","servicenow-incidents-000001"
"2026-04-28 16:14:13","servicenow-incidents-000001"
"2026-04-28 17:31:23","servicenow-incidents-000001"
"2026-04-28 17:23:32","servicenow-incidents-000001"
"2026-04-28 13:58:39","servicenow-incidents-000001"
"2026-04-28 09:46:28","servicenow-incidents-000001"
"2026-04-24 02:34:36","servicenow-incidents-000001"
"2026-04-27 05:26:04","servicenow-incidents-000001"
"2026-04-28 04:41:17","servicenow-incidents-000001"
"2026-04-22 09:50:38","servicenow-incidents-000001"
"2026-04-27 12:38:32","servicenow-incidents-000001"
"2026-04-28 12:01:16","servicenow-incidents-000001"
"2026-04-20 22:52:10","servicenow-incidents-000001"
"2026-04-22 11:52:38","servicenow-incidents-000001"
"2026-04-28 07:22:52","servicenow-incidents-000001"
"2026-04-28 10:51:28","servicenow-incidents-000001"
"2026-04-24 14:27:58","servicenow-incidents-000001"
"2026-04-27 07:14:06","servicenow-incidents-000001"
"2026-04-27 22:25:40","servicenow-incidents-000001"
"2026-04-28 11:51:09","servicenow-incidents-000001"
"2026-04-23 06:21:24","servicenow-incidents-000001"
"2026-04-28 06:38:54","servicenow-incidents-000001"
"2026-04-17 15:38:40","servicenow-incidents-000001"
"2026-04-27 04:05:45","servicenow-incidents-000001"
"2026-04-27 03:01:41","servicenow-incidents-000001"
"2026-04-24 09:34:59","servicenow-incidents-000001"
"2026-04-28 15:00:15","servicenow-incidents-000001"
"2026-04-27 05:51:33","servicenow-incidents-000001"
"2026-04-24 07:10:13","servicenow-incidents-000001"
"2026-04-20 04:13:12","servicenow-incidents-000001"
"2026-04-20 09:50:42","servicenow-incidents-000001"
"2026-04-28 05:01:30","servicenow-incidents-000001"
"2026-04-27 09:50:13","servicenow-incidents-000001"
"2026-04-27 00:49:50","servicenow-incidents-000001"
"2026-04-28 02:24:15","servicenow-incidents-000001"
"2026-04-28 15:55:19","servicenow-incidents-000001"
"2026-04-22 12:53:09","servicenow-incidents-000001"
"2026-04-27 13:02:34","servicenow-incidents-000001"
"2026-04-22 18:07:34","servicenow-incidents-000001"
"2026-04-28 08:26:09","servicenow-incidents-000001"
"2026-04-27 18:06:51","servicenow-incidents-000001"
"2026-04-27 07:33:32","servicenow-incidents-000001"
"2026-04-27 07:25:27","servicenow-incidents-000001"
"2026-04-28 16:41:16","servicenow-incidents-000001"
"2026-04-27 07:25:28","servicenow-incidents-000001"
"2026-04-28 16:08:20","servicenow-incidents-000001"
"2026-04-28 16:35:57","servicenow-incidents-000001"
"2026-04-27 07:33:36","servicenow-incidents-000001"
"2026-04-27 07:33:36","servicenow-incidents-000001"
"2026-04-27 07:33:32","servicenow-incidents-000001"
"2026-04-27 14:23:45","servicenow-incidents-000001"
"2026-04-27 07:33:54","servicenow-incidents-000001"
"2026-04-27 14:28:38","servicenow-incidents-000001"
"2026-04-27 14:28:39","servicenow-incidents-000001"
"2026-04-21 19:46:58","servicenow-incidents-000001"
"2026-04-27 09:07:53","servicenow-incidents-000001"
"2026-04-28 16:34:17","servicenow-incidents-000001"
"2026-04-28 16:39:12","servicenow-incidents-000001"
"2026-04-28 15:56:38","servicenow-incidents-000001"
"2026-04-27 09:21:29","servicenow-incidents-000001"
"2026-04-28 16:27:48","servicenow-incidents-000001"
"2026-04-28 16:32:39","servicenow-incidents-000001"
"2026-04-26 13:11:23","servicenow-incidents-000001"
"2026-04-28 15:43:34","servicenow-incidents-000001"
"2026-04-28 16:20:56","servicenow-incidents-000001"
"2026-04-28 16:05:17","servicenow-incidents-000001"
"2026-04-28 16:06:12","servicenow-incidents-000001"
"2026-04-28 15:59:01","servicenow-incidents-000001"
"2026-04-27 07:51:17","servicenow-incidents-000001"
"2026-04-28 07:36:47","servicenow-incidents-000001"
"2026-04-27 15:53:27","servicenow-incidents-000001"
"2026-04-27 15:03:36","servicenow-incidents-000001"
"2026-04-27 15:53:28","servicenow-incidents-000001"
"2026-04-27 15:53:28","servicenow-incidents-000001"
"2026-04-28 16:23:07","servicenow-incidents-000001"
"2026-04-27 15:53:27","servicenow-incidents-000001"
"2026-04-28 14:24:24","servicenow-incidents-000001"
"2026-04-20 14:20:19","servicenow-incidents-000001"
"2026-04-27 05:25:24","servicenow-incidents-000001"
"2026-04-27 05:40:24","servicenow-incidents-000001"
"2026-04-27 05:40:26","servicenow-incidents-000001"
"2026-04-27 05:25:42","servicenow-incidents-000001"
"2026-04-27 05:40:24","servicenow-incidents-000001"
"2026-04-27 05:40:26","servicenow-incidents-000001"
"2026-04-28 15:26:01","servicenow-incidents-000001"
"2026-04-28 15:39:51","servicenow-incidents-000001"
"2026-04-27 07:52:50","servicenow-incidents-000001"
"2026-04-28 13:40:43","servicenow-incidents-000001"
"2026-04-27 05:25:26","servicenow-incidents-000001"
"2026-04-28 11:47:33","servicenow-incidents-000001"
"2026-04-28 17:21:41","servicenow-incidents-000001"
"2026-04-28 13:13:01","servicenow-incidents-000001"
"2026-04-28 14:52:47","servicenow-incidents-000001"
"2026-04-28 15:39:39","servicenow-incidents-000001"
"2026-04-28 14:44:54","servicenow-incidents-000001"
"2026-04-28 15:30:03","servicenow-incidents-000001"
"2026-04-28 15:15:52","servicenow-incidents-000001"
"2026-04-28 15:09:59","servicenow-incidents-000001"
"2026-04-28 13:17:38","servicenow-incidents-000001"
"2026-04-28 06:24:27","servicenow-incidents-000001"
"2026-04-28 14:55:13","servicenow-incidents-000001"
"2026-04-28 14:14:56","servicenow-incidents-000001"
"2026-04-28 14:55:52","servicenow-incidents-000001"
"2026-04-28 07:27:48","servicenow-incidents-000001"
"2026-04-28 07:28:06","servicenow-incidents-000001"
"2026-04-28 07:28:06","servicenow-incidents-000001"
"2026-04-28 07:28:05","servicenow-incidents-000001"
"2026-04-28 07:27:47","servicenow-incidents-000001"
"2026-04-28 07:27:48","servicenow-incidents-000001"
"2026-04-28 07:28:00","servicenow-incidents-000001"
"2026-04-28 07:27:48","servicenow-incidents-000001"
"2026-04-28 07:27:49","servicenow-incidents-000001"
"2026-04-28 07:27:47","servicenow-incidents-000001"
"2026-04-27 14:35:53","servicenow-incidents-000001"
"2026-04-28 13:43:23","servicenow-incidents-000001"
"2026-04-27 13:25:34","servicenow-incidents-000001"
"2026-04-22 07:24:25","servicenow-incidents-000001"
"2026-04-16 08:43:07","servicenow-incidents-000001"
"2026-04-28 12:59:02","servicenow-incidents-000001"
"2026-04-28 13:14:28","servicenow-incidents-000001"
"2026-04-27 13:58:28","servicenow-incidents-000001"
"2026-04-28 13:39:32","servicenow-incidents-000001"
"2026-04-21 12:09:58","servicenow-incidents-000001"
"2026-04-28 13:20:16","servicenow-incidents-000001"
"2026-04-28 09:49:08","servicenow-incidents-000001"
"2026-04-28 15:13:57","servicenow-incidents-000001"
"2026-04-16 08:21:48","servicenow-incidents-000001"
"2026-04-09 09:50:01","servicenow-incidents-000001"
"2026-04-10 11:08:43","servicenow-incidents-000001"
"2026-04-28 14:35:15","servicenow-incidents-000001"
"2026-04-28 14:33:53","servicenow-incidents-000001"
"2026-04-28 14:36:01","servicenow-incidents-000001"
"2026-04-24 12:25:00","servicenow-incidents-000001"
"2026-04-28 14:14:02","servicenow-incidents-000001"
"2026-04-28 12:06:08","servicenow-incidents-000001"
"2026-04-28 14:00:36","servicenow-incidents-000001"
"2026-04-23 14:26:43","servicenow-incidents-000001"
"2026-04-28 14:35:10","servicenow-incidents-000001"
"2026-04-28 13:58:06","servicenow-incidents-000001"
"2026-04-28 13:36:00","servicenow-incidents-000001"
"2026-04-28 12:24:00","servicenow-incidents-000001"
"2026-04-27 05:28:30","servicenow-incidents-000001"
"2026-04-27 05:28:30","servicenow-incidents-000001"
"2026-04-28 12:45:55","servicenow-incidents-000001"
"2026-04-22 16:56:35","servicenow-incidents-000001"
"2026-04-28 12:03:13","servicenow-incidents-000001"
"2026-04-28 12:51:56","servicenow-incidents-000001"
"2026-04-28 14:04:11","servicenow-incidents-000001"
"2026-04-28 09:51:23","servicenow-incidents-000001"
"2026-04-27 18:29:27","servicenow-incidents-000001"
"2026-04-28 13:22:57","servicenow-incidents-000001"
"2026-04-28 13:22:56","servicenow-incidents-000001"
"2026-04-27 11:03:55","servicenow-incidents-000001"
"2026-04-27 11:03:39","servicenow-incidents-000001"
"2026-04-28 13:22:56","servicenow-incidents-000001"
"2026-04-28 13:35:03","servicenow-incidents-000001"
"2026-04-28 13:25:12","servicenow-incidents-000001"
"2026-04-27 11:03:39","servicenow-incidents-000001"
"2026-04-27 11:03:39","servicenow-incidents-000001"
"2026-04-27 11:03:39","servicenow-incidents-000001"
"2026-04-27 11:03:41","servicenow-incidents-000001"
"2026-04-27 11:03:26","servicenow-incidents-000001"
"2026-04-28 09:17:34","servicenow-incidents-000001"
"2026-04-28 13:19:11","servicenow-incidents-000001"
"2026-04-28 13:30:08","servicenow-incidents-000001"
"2026-04-23 13:00:49","servicenow-incidents-000001"
"2026-04-21 09:52:23","servicenow-incidents-000001"
"2026-04-28 11:05:56","servicenow-incidents-000001"
"2026-04-28 12:54:54","servicenow-incidents-000001"
"2026-04-28 13:23:16","servicenow-incidents-000001"
"2026-04-28 13:23:02","servicenow-incidents-000001"
"2026-04-22 09:22:43","servicenow-incidents-000001"
"2026-04-28 10:06:17","servicenow-incidents-000001"
"2026-04-28 13:02:06","servicenow-incidents-000001"
"2026-04-28 12:19:50","servicenow-incidents-000001"
"2026-04-28 13:12:15","servicenow-incidents-000001"
"2026-04-21 13:59:05","servicenow-incidents-000001"
"2026-04-24 11:31:04","servicenow-incidents-000001"
"2026-04-28 12:53:33","servicenow-incidents-000001"
"2026-04-28 12:44:21","servicenow-incidents-000001"
"2026-04-28 11:03:15","servicenow-incidents-000001"
"2026-04-28 10:40:31","servicenow-incidents-000001"
"2026-04-21 09:57:25","servicenow-incidents-000001"
"2026-04-24 16:02:09","servicenow-incidents-000001"
"2026-04-27 13:15:54","servicenow-incidents-000001"
"2026-04-27 12:34:55","servicenow-incidents-000001"
"2026-04-09 10:05:48","servicenow-incidents-000001"
"2026-04-27 07:40:34","servicenow-incidents-000001"
"2026-04-27 07:40:34","servicenow-incidents-000001"
"2026-04-27 07:40:29","servicenow-incidents-000001"
"2026-04-24 09:24:36","servicenow-incidents-000001"
"2026-04-27 11:33:59","servicenow-incidents-000001"
"2026-04-27 06:15:34","servicenow-incidents-000001"
"2026-04-27 06:15:35","servicenow-incidents-000001"
"2026-04-21 10:14:36","servicenow-incidents-000001"
"2026-04-23 13:53:23","servicenow-incidents-000001"
"2026-04-28 09:45:32","servicenow-incidents-000001"
"2026-04-28 12:10:07","servicenow-incidents-000001"
"2026-04-27 07:40:29","servicenow-incidents-000001"
"2026-04-28 10:59:10","servicenow-incidents-000001"
"2026-04-28 11:53:51","servicenow-incidents-000001"
"2026-04-28 06:49:28","servicenow-incidents-000001"
"2026-04-28 11:46:27","servicenow-incidents-000001"
"2026-04-28 11:46:50","servicenow-incidents-000001"
"2026-04-28 11:46:38","servicenow-incidents-000001"
"2026-04-27 07:45:43","servicenow-incidents-000001"
"2026-04-28 10:32:22","servicenow-incidents-000001"
"2026-04-21 16:04:56","servicenow-incidents-000001"
"2026-04-27 10:01:23","servicenow-incidents-000001"
"2026-04-24 10:39:46","servicenow-incidents-000001"
"2026-04-28 10:24:39","servicenow-incidents-000001"
"2026-04-28 11:09:16","servicenow-incidents-000001"
"2026-04-24 08:51:15","servicenow-incidents-000001"
"2026-04-20 09:32:34","servicenow-incidents-000001"
"2026-04-28 11:23:22","servicenow-incidents-000001"
"2026-04-21 11:39:01","servicenow-incidents-000001"
"2026-04-28 10:59:37","servicenow-incidents-000001"
"2026-04-21 12:19:01","servicenow-incidents-000001"
"2026-04-28 11:09:33","servicenow-incidents-000001"
"2026-04-28 08:29:31","servicenow-incidents-000001"
"2026-04-28 11:14:31","servicenow-incidents-000001"
"2026-04-28 10:15:25","servicenow-incidents-000001"
"2026-04-27 17:01:33","servicenow-incidents-000001"
"2026-04-27 09:19:17","servicenow-incidents-000001"
"2026-04-28 10:55:15","servicenow-incidents-000001"
"2026-04-06 16:45:33","servicenow-incidents-000001"
"2026-04-28 10:50:44","servicenow-incidents-000001"
"2026-04-22 11:40:21","servicenow-incidents-000001"
"2026-04-28 10:29:41","servicenow-incidents-000001"
"2026-04-23 14:12:39","servicenow-incidents-000001"
"2026-04-09 09:41:24","servicenow-incidents-000001"
"2026-04-28 10:42:50","servicenow-incidents-000001"
"2026-04-28 04:39:25","servicenow-incidents-000001"
"2026-04-17 02:55:46","servicenow-incidents-000001"
"2026-04-27 09:31:59","servicenow-incidents-000001"
"2026-04-24 08:30:06","servicenow-incidents-000001"
"2026-04-28 10:26:05","servicenow-incidents-000001"
"2026-04-27 15:33:31","servicenow-incidents-000001"
"2026-04-03 12:43:31","servicenow-incidents-000001"
"2026-04-28 08:59:55","servicenow-incidents-000001"
"2026-04-23 11:34:22","servicenow-incidents-000001"
"2026-04-27 13:30:52","servicenow-incidents-000001"
"2026-04-28 10:40:05","servicenow-incidents-000001"
"2026-04-28 10:22:30","servicenow-incidents-000001"
"2026-04-27 12:51:42","servicenow-incidents-000001"
"2026-04-27 14:07:14","servicenow-incidents-000001"
"2026-04-27 11:09:40","servicenow-incidents-000001"
"2026-04-28 10:08:01","servicenow-incidents-000001"
"2026-04-28 09:30:51","servicenow-incidents-000001"
"2026-04-24 04:19:41","servicenow-incidents-000001"
"2026-04-28 08:55:31","servicenow-incidents-000001"
"2026-04-27 12:14:42","servicenow-incidents-000001"
"2026-04-28 09:48:32","servicenow-incidents-000001"
"2026-04-27 14:16:23","servicenow-incidents-000001"
"2026-04-28 09:22:20","servicenow-incidents-000001"
"2026-04-22 10:17:30","servicenow-incidents-000001"
"2026-04-28 05:01:42","servicenow-incidents-000001"
"2026-04-27 08:58:08","servicenow-incidents-000001"
"2026-04-28 08:20:32","servicenow-incidents-000001"
"2026-04-27 13:29:40","servicenow-incidents-000001"
"2026-04-28 05:03:55","servicenow-incidents-000001"
"2026-04-28 09:33:59","servicenow-incidents-000001"
"2026-04-28 10:30:41","servicenow-incidents-000001"
"2026-04-24 14:19:42","servicenow-incidents-000001"
"2026-04-28 09:28:48","servicenow-incidents-000001"
"2026-04-27 06:37:12","servicenow-incidents-000001"
"2026-04-23 09:35:45","servicenow-incidents-000001"
"2026-04-27 10:21:02","servicenow-incidents-000001"
"2026-04-27 13:49:01","servicenow-incidents-000001"
"2026-04-27 10:40:02","servicenow-incidents-000001"
"2026-04-27 09:13:26","servicenow-incidents-000001"
"2026-04-28 09:05:32","servicenow-incidents-000001"
"2026-04-21 09:11:01","servicenow-incidents-000001"
"2026-04-28 09:13:08","servicenow-incidents-000001"
"2026-04-28 09:34:20","servicenow-incidents-000001"
"2026-04-28 05:40:51","servicenow-incidents-000001"
"2026-04-28 09:05:47","servicenow-incidents-000001"
"2026-04-20 23:36:29","servicenow-incidents-000001"
"2026-04-28 09:29:56","servicenow-incidents-000001"
"2026-04-28 08:14:05","servicenow-incidents-000001"
"2026-04-27 01:53:36","servicenow-incidents-000001"
"2026-04-22 06:43:32","servicenow-incidents-000001"
"2026-04-24 10:01:38","servicenow-incidents-000001"
"2026-04-28 08:57:52","servicenow-incidents-000001"
"2026-04-28 08:57:50","servicenow-incidents-000001"
"2026-04-28 08:58:02","servicenow-incidents-000001"
"2026-04-28 08:58:01","servicenow-incidents-000001"
"2026-04-28 08:58:02","servicenow-incidents-000001"
"2026-04-28 08:57:50","servicenow-incidents-000001"
"2026-04-23 10:36:25","servicenow-incidents-000001"
"2026-04-24 14:36:38","servicenow-incidents-000001"
"2026-04-28 08:57:50","servicenow-incidents-000001"
"2026-04-28 08:57:50","servicenow-incidents-000001"
"2026-04-27 10:44:09","servicenow-incidents-000001"
"2026-04-28 09:08:50","servicenow-incidents-000001"
"2026-04-27 15:26:12","servicenow-incidents-000001"
"2026-04-28 08:53:37","servicenow-incidents-000001"
"2026-04-28 08:05:16","servicenow-incidents-000001"
"2026-04-21 07:46:30","servicenow-incidents-000001"
"2026-04-28 08:53:31","servicenow-incidents-000001"
"2026-04-27 17:00:48","servicenow-incidents-000001"
"2026-04-27 14:24:04","servicenow-incidents-000001"
"2026-04-27 13:54:27","servicenow-incidents-000001"
"2026-04-27 14:23:32","servicenow-incidents-000001"
"2026-04-27 14:00:56","servicenow-incidents-000001"
"2026-04-27 14:00:56","servicenow-incidents-000001"
"2026-04-27 12:10:53","servicenow-incidents-000001"
"2026-04-27 08:15:31","servicenow-incidents-000001"
"2026-04-27 08:15:31","servicenow-incidents-000001"
"2026-04-27 08:58:34","servicenow-incidents-000001"
"2026-04-27 11:40:39","servicenow-incidents-000001"
"2026-04-27 11:43:54","servicenow-incidents-000001"
"2026-04-27 08:58:26","servicenow-incidents-000001"
"2026-04-27 13:36:12","servicenow-incidents-000001"
"2026-04-27 13:16:12","servicenow-incidents-000001"
"2026-04-27 11:29:23","servicenow-incidents-000001"
"2026-04-27 11:40:40","servicenow-incidents-000001"
"2026-04-27 11:58:37","servicenow-incidents-000001"
"2026-04-27 11:43:50","servicenow-incidents-000001"
"2026-04-27 11:58:26","servicenow-incidents-000001"
"2026-04-27 11:40:57","servicenow-incidents-000001"
"2026-04-27 11:50:25","servicenow-incidents-000001"
"2026-04-27 10:34:10","servicenow-incidents-000001"
"2026-04-27 11:40:56","servicenow-incidents-000001"
"2026-04-27 10:34:10","servicenow-incidents-000001"
"2026-04-01 15:30:47","servicenow-incidents-000001"
"2026-04-27 10:33:44","servicenow-incidents-000001"
"2026-04-27 10:00:25","servicenow-incidents-000001"
"2026-04-27 10:10:28","servicenow-incidents-000001"
"2026-04-27 08:41:34","servicenow-incidents-000001"
"2026-04-27 09:33:11","servicenow-incidents-000001"
"2026-04-25 06:54:07","servicenow-incidents-000001"
"2026-04-27 05:04:21","servicenow-incidents-000001"
"2026-04-17 16:04:24","servicenow-incidents-000001"
"2026-04-27 08:33:31","servicenow-incidents-000001"
"2026-04-27 08:28:51","servicenow-incidents-000001"
"2026-04-27 08:28:51","servicenow-incidents-000001"
"2026-04-27 08:15:30","servicenow-incidents-000001"
"2026-04-27 07:48:37","servicenow-incidents-000001"
"2026-04-27 06:03:30","servicenow-incidents-000001"
"2026-04-28 05:49:11","servicenow-incidents-000001"
"2026-04-27 19:08:47","servicenow-incidents-000001"
"2026-04-27 19:08:48","servicenow-incidents-000001"
"2026-04-27 19:08:48","servicenow-incidents-000001"
"2026-04-28 01:14:27","servicenow-incidents-000001"
"2026-04-21 07:38:47","servicenow-incidents-000001"
"2026-04-28 01:34:25","servicenow-incidents-000001"
"2026-04-26 21:46:58","servicenow-incidents-000001"
"2026-04-22 03:53:41","servicenow-incidents-000001"
"2026-04-28 05:07:16","servicenow-incidents-000001"
"2026-04-07 09:33:22","servicenow-incidents-000001"
"2026-04-28 05:18:44","servicenow-incidents-000001"
"2026-04-23 11:00:02","servicenow-incidents-000001"
"2026-04-27 08:15:45","servicenow-incidents-000001"
"2026-04-28 03:09:25","servicenow-incidents-000001"
"2026-04-28 05:18:44","servicenow-incidents-000001"
"2026-04-27 11:40:27","servicenow-incidents-000001"
"2026-04-28 03:49:33","servicenow-incidents-000001"
"2026-04-27 11:40:41","servicenow-incidents-000001"
"2026-04-27 11:40:28","servicenow-incidents-000001"
"2026-04-27 11:40:55","servicenow-incidents-000001"
"2026-04-28 05:05:44","servicenow-incidents-000001"
"2026-04-28 02:35:10","servicenow-incidents-000001"
"2026-04-28 02:56:01","servicenow-incidents-000001"
"2026-04-28 05:12:03","servicenow-incidents-000001"
"2026-04-28 05:08:24","servicenow-incidents-000001"
"2026-04-27 12:48:34","servicenow-incidents-000001"
"2026-04-28 04:15:10","servicenow-incidents-000001"
"2026-04-28 04:35:17","servicenow-incidents-000001"
"2026-04-23 10:18:52","servicenow-incidents-000001"
"2026-04-28 01:40:39","servicenow-incidents-000001"
"2026-04-23 00:19:52","servicenow-incidents-000001"
"2026-04-24 02:37:41","servicenow-incidents-000001"
"2026-04-27 22:57:30","servicenow-incidents-000001"
"2026-04-24 13:13:10","servicenow-incidents-000001"
"2026-04-24 23:44:06","servicenow-incidents-000001"
"2026-04-24 02:34:56","servicenow-incidents-000001"
"2026-04-28 03:12:08","servicenow-incidents-000001"
"2026-04-27 02:31:43","servicenow-incidents-000001"
"2026-04-28 04:10:45","servicenow-incidents-000001"
"2026-04-27 05:23:20","servicenow-incidents-000001"
"2026-04-24 01:39:45","servicenow-incidents-000001"
"2026-04-28 00:52:36","servicenow-incidents-000001"
"2026-04-27 13:09:15","servicenow-incidents-000001"
"2026-04-27 09:24:56","servicenow-incidents-000001"
"2026-04-24 08:46:03","servicenow-incidents-000001"
"2026-04-26 22:34:51","servicenow-incidents-000001"
"2026-04-27 23:57:54","servicenow-incidents-000001"
"2026-04-28 02:34:54","servicenow-incidents-000001"
"2026-04-28 03:50:48","servicenow-incidents-000001"
"2026-04-22 04:20:44","servicenow-incidents-000001"
"2026-04-27 04:12:35","servicenow-incidents-000001"
"2026-04-27 05:36:02","servicenow-incidents-000001"
"2026-04-28 01:43:30","servicenow-incidents-000001"
"2026-04-28 03:40:52","servicenow-incidents-000001"
"2026-04-20 05:52:07","servicenow-incidents-000001"
"2026-04-27 17:37:08","servicenow-incidents-000001"
"2026-04-28 00:39:25","servicenow-incidents-000001"
"2026-04-28 02:32:01","servicenow-incidents-000001"
"2026-04-28 00:55:34","servicenow-incidents-000001"
"2026-04-27 11:46:41","servicenow-incidents-000001"
"2026-04-28 03:54:24","servicenow-incidents-000001"
"2026-04-02 14:31:02","servicenow-incidents-000001"
"2026-04-27 07:03:31","servicenow-incidents-000001"
"2026-04-28 00:39:01","servicenow-incidents-000001"
"2026-04-27 07:03:48","servicenow-incidents-000001"
"2026-04-27 07:03:31","servicenow-incidents-000001"
"2026-04-27 07:03:33","servicenow-incidents-000001"
"2026-04-27 07:03:33","servicenow-incidents-000001"
"2026-04-26 19:52:42","servicenow-incidents-000001"
"2026-04-27 19:33:39","servicenow-incidents-000001"
"2026-04-27 03:34:28","servicenow-incidents-000001"
"2026-04-28 02:11:15","servicenow-incidents-000001"
"2026-04-26 02:11:21","servicenow-incidents-000001"
"2026-04-24 07:23:14","servicenow-incidents-000001"
"2026-04-27 01:43:38","servicenow-incidents-000001"
"2026-04-24 07:06:29","servicenow-incidents-000001"
"2026-04-26 22:48:47","servicenow-incidents-000001"
"2026-04-28 03:50:46","servicenow-incidents-000001"
"2026-04-27 19:34:21","servicenow-incidents-000001"
"2026-04-28 01:15:38","servicenow-incidents-000001"
"2026-04-28 03:50:48","servicenow-incidents-000001"
"2026-04-22 15:32:40","servicenow-incidents-000001"
"2026-04-27 00:35:25","servicenow-incidents-000001"
"2026-04-26 10:05:29","servicenow-incidents-000001"
"2026-04-26 21:19:27","servicenow-incidents-000001"
"2026-04-23 19:07:37","servicenow-incidents-000001"
"2026-04-22 09:14:44","servicenow-incidents-000001"
"2026-04-24 12:56:15","servicenow-incidents-000001"
"2026-04-23 22:05:43","servicenow-incidents-000001"
"2026-04-21 02:04:22","servicenow-incidents-000001"
"2026-04-24 06:35:06","servicenow-incidents-000001"
"2026-04-24 04:38:30","servicenow-incidents-000001"
"2026-04-22 12:59:52","servicenow-incidents-000001"
"2026-04-24 09:03:43","servicenow-incidents-000001"
"2026-04-27 10:23:28","servicenow-incidents-000001"
"2026-04-27 23:04:27","servicenow-incidents-000001"
"2026-04-27 07:33:46","servicenow-incidents-000001"
"2026-04-27 13:56:15","servicenow-incidents-000001"
"2026-04-27 13:56:05","servicenow-incidents-000001"
"2026-04-27 13:53:53","servicenow-incidents-000001"
"2026-04-27 13:53:37","servicenow-incidents-000001"
"2026-04-15 11:23:20","servicenow-incidents-000001"
"2026-04-27 22:24:19","servicenow-incidents-000001"
"2026-04-27 23:21:56","servicenow-incidents-000001"
"2026-04-28 00:05:49","servicenow-incidents-000001"
"2026-04-27 23:51:10","servicenow-incidents-000001"
"2026-04-27 23:51:06","servicenow-incidents-000001"
"2026-04-27 05:26:04","servicenow-incidents-000001"
"2026-04-27 14:20:31","servicenow-incidents-000001"
"2026-04-28 00:05:49","servicenow-incidents-000001"
"2026-04-27 23:51:10","servicenow-incidents-000001"
"2026-04-28 00:05:44","servicenow-incidents-000001"
"2026-04-24 11:11:53","servicenow-incidents-000001"
"2026-04-27 23:59:10","servicenow-incidents-000001"
"2026-04-25 02:04:47","servicenow-incidents-000001"
"2026-04-27 23:51:10","servicenow-incidents-000001"
"2026-04-27 23:51:25","servicenow-incidents-000001"
"2026-04-27 23:51:06","servicenow-incidents-000001"
"2026-04-27 23:51:06","servicenow-incidents-000001"
"2026-04-27 23:50:57","servicenow-incidents-000001"
"2026-04-27 23:50:47","servicenow-incidents-000001"
"2026-04-24 15:37:18","servicenow-incidents-000001"
"2026-04-27 23:50:46","servicenow-incidents-000001"
"2026-04-27 23:50:56","servicenow-incidents-000001"
"2026-04-27 22:13:49","servicenow-incidents-000001"
"2026-04-27 08:58:39","servicenow-incidents-000001"
"2026-04-27 08:58:35","servicenow-incidents-000001"
"2026-04-27 08:58:26","servicenow-incidents-000001"
"2026-04-27 08:23:03","servicenow-incidents-000001"
"2026-04-11 23:33:58","servicenow-incidents-000001"
"2026-04-10 22:51:26","servicenow-incidents-000001"
"2026-04-27 23:51:25","servicenow-incidents-000001"
"2026-04-27 23:51:25","servicenow-incidents-000001"
"2026-04-27 23:08:36","servicenow-incidents-000001"
"2026-04-02 07:31:22","servicenow-incidents-000001"
"2026-04-27 11:44:11","servicenow-incidents-000001"
"2026-04-27 11:44:04","servicenow-incidents-000001"
"2026-04-27 22:10:39","servicenow-incidents-000001"
"2026-04-27 22:10:36","servicenow-incidents-000001"
"2026-04-24 08:33:43","servicenow-incidents-000001"
"2026-04-27 23:30:42","servicenow-incidents-000001"
"2026-04-27 22:10:39","servicenow-incidents-000001"
"2026-04-28 00:35:35","servicenow-incidents-000001"
"2026-04-27 22:10:36","servicenow-incidents-000001"
"2026-04-27 23:50:56","servicenow-incidents-000001"
"2026-04-27 23:50:46","servicenow-incidents-000001"
"2026-04-27 20:19:55","servicenow-incidents-000001"
"2026-04-27 22:20:42","servicenow-incidents-000001"
"2026-04-27 22:20:44","servicenow-incidents-000001"
"2026-04-27 22:18:43","servicenow-incidents-000001"
"2026-04-27 22:18:43","servicenow-incidents-000001"
"2026-04-27 22:20:43","servicenow-incidents-000001"
"2026-04-27 23:23:42","servicenow-incidents-000001"
"2026-04-27 22:18:43","servicenow-incidents-000001"
"2026-04-27 22:20:42","servicenow-incidents-000001"
"2026-04-27 22:10:39","servicenow-incidents-000001"
"2026-04-27 06:28:27","servicenow-incidents-000001"
"2026-04-27 13:55:48","servicenow-incidents-000001"
"2026-04-27 13:55:35","servicenow-incidents-000001"
"2026-04-27 13:45:51","servicenow-incidents-000001"
"2026-04-27 13:55:35","servicenow-incidents-000001"
"2026-04-27 13:55:39","servicenow-incidents-000001"
"2026-04-27 13:45:44","servicenow-incidents-000001"
"2026-04-27 13:55:49","servicenow-incidents-000001"
"2026-04-27 13:45:44","servicenow-incidents-000001"
"2026-04-27 13:55:35","servicenow-incidents-000001"
"2026-04-27 13:55:40","servicenow-incidents-000001"
"2026-04-27 13:45:46","servicenow-incidents-000001"
"2026-04-24 10:09:48","servicenow-incidents-000001"
"2026-04-27 17:35:37","servicenow-incidents-000001"
"2026-04-27 17:50:39","servicenow-incidents-000001"
"2026-04-27 17:35:35","servicenow-incidents-000001"
"2026-04-27 17:50:39","servicenow-incidents-000001"
"2026-04-27 08:15:31","servicenow-incidents-000001"
"2026-04-27 17:50:40","servicenow-incidents-000001"
"2026-04-27 17:35:37","servicenow-incidents-000001"
"2026-04-22 23:35:23","servicenow-incidents-000001"
"2026-04-27 17:50:39","servicenow-incidents-000001"
"2026-04-17 07:37:51","servicenow-incidents-000001"
"2026-04-27 14:50:58","servicenow-incidents-000001"
"2026-04-27 10:25:34","servicenow-incidents-000001"
"2026-04-27 14:50:49","servicenow-incidents-000001"
"2026-04-27 10:25:30","servicenow-incidents-000001"
"2026-04-27 10:25:30","servicenow-incidents-000001"
"2026-04-27 10:25:30","servicenow-incidents-000001"
"2026-04-27 14:48:36","servicenow-incidents-000001"
"2026-04-27 14:48:36","servicenow-incidents-000001"
"2026-04-27 10:33:43","servicenow-incidents-000001"
"2026-04-27 12:21:31","servicenow-incidents-000001"
"2026-04-27 10:33:57","servicenow-incidents-000001"
"2026-04-27 10:33:59","servicenow-incidents-000001"
"2026-04-27 10:33:44","servicenow-incidents-000001"
"2026-04-27 10:04:17","servicenow-incidents-000001"
"2026-04-27 17:21:26","servicenow-incidents-000001"
"2026-04-27 14:50:40","servicenow-incidents-000001"
"2026-04-27 10:10:32","servicenow-incidents-000001"
"2026-04-27 09:25:31","servicenow-incidents-000001"
"2026-04-27 09:25:36","servicenow-incidents-000001"
"2026-04-27 14:50:57","servicenow-incidents-000001"
"2026-04-27 09:25:36","servicenow-incidents-000001"
"2026-04-27 09:25:31","servicenow-incidents-000001"
"2026-04-27 14:48:36","servicenow-incidents-000001"
"2026-04-27 18:45:42","servicenow-incidents-000001"
"2026-04-27 14:51:15","servicenow-incidents-000001"
"2026-04-27 14:50:40","servicenow-incidents-000001"
"2026-04-27 14:50:39","servicenow-incidents-000001"
"2026-04-27 10:10:38","servicenow-incidents-000001"
"2026-04-27 10:10:43","servicenow-incidents-000001"
"2026-04-27 10:10:40","servicenow-incidents-000001"
"2026-04-27 21:33:06","servicenow-incidents-000001"
"2026-04-27 10:35:33","servicenow-incidents-000001"
"2026-04-27 10:35:33","servicenow-incidents-000001"
"2026-04-27 14:00:56","servicenow-incidents-000001"
"2026-04-27 10:33:59","servicenow-incidents-000001"
"2026-04-27 14:00:43","servicenow-incidents-000001"
"2026-04-27 14:00:43","servicenow-incidents-000001"
"2026-04-27 14:01:03","servicenow-incidents-000001"
"2026-04-27 10:33:59","servicenow-incidents-000001"
"2026-04-27 14:01:09","servicenow-incidents-000001"
"2026-04-27 15:23:35","servicenow-incidents-000001"
"2026-04-27 15:23:35","servicenow-incidents-000001"
"2026-04-27 15:23:35","servicenow-incidents-000001"
"2026-04-27 15:23:40","servicenow-incidents-000001"
"2026-04-27 15:23:40","servicenow-incidents-000001"
"2026-04-27 10:10:43","servicenow-incidents-000001"
"2026-04-27 10:10:33","servicenow-incidents-000001"
"2026-04-27 14:53:59","servicenow-incidents-000001"
"2026-04-27 10:10:50","servicenow-incidents-000001"
"2026-04-27 14:53:53","servicenow-incidents-000001"
"2026-04-27 14:54:38","servicenow-incidents-000001"
"2026-04-27 14:53:53","servicenow-incidents-000001"
"2026-04-27 12:10:36","servicenow-incidents-000001"
"2026-04-27 12:10:37","servicenow-incidents-000001"
"2026-04-27 12:10:34","servicenow-incidents-000001"
"2026-04-27 12:10:34","servicenow-incidents-000001"
"2026-04-27 12:10:35","servicenow-incidents-000001"
"2026-04-27 12:10:37","servicenow-incidents-000001"
"2026-04-27 07:48:34","servicenow-incidents-000001"
"2026-04-27 07:48:37","servicenow-incidents-000001"
"2026-04-27 07:48:34","servicenow-incidents-000001"
"2026-04-27 07:48:34","servicenow-incidents-000001"
"2026-04-27 08:30:32","servicenow-incidents-000001"
"2026-04-27 09:04:52","servicenow-incidents-000001"
"2026-04-21 16:35:59","servicenow-incidents-000001"
"2026-04-28 08:22:48","servicenow-incidents-000001"
"2026-04-27 10:00:33","servicenow-incidents-000001"
"2026-04-27 10:00:23","servicenow-incidents-000001"
"2026-04-27 10:10:32","servicenow-incidents-000001"
"2026-04-27 10:00:33","servicenow-incidents-000001"
"2026-04-28 08:30:18","servicenow-incidents-000001"
"2026-04-28 08:22:49","servicenow-incidents-000001"
"2026-04-28 08:22:49","servicenow-incidents-000001"
"2026-04-28 08:22:48","servicenow-incidents-000001"
"2026-04-27 07:52:23","servicenow-incidents-000001"
"2026-04-27 14:41:44","servicenow-incidents-000001"
"2026-04-28 07:46:23","servicenow-incidents-000001"
"2026-04-28 08:17:12","servicenow-incidents-000001"
"2026-04-28 08:32:59","servicenow-incidents-000001"
"2026-04-23 23:22:56","servicenow-incidents-000001"
"2026-04-27 08:50:04","servicenow-incidents-000001"
"2026-04-27 18:04:24","servicenow-incidents-000001"
"2026-04-27 12:38:07","servicenow-incidents-000001"
"2026-04-22 19:20:32","servicenow-incidents-000001"
"2026-04-27 13:45:51","servicenow-incidents-000001"
"2026-04-27 14:50:58","servicenow-incidents-000001"
"2026-04-27 19:35:41","servicenow-incidents-000001"
"2026-04-25 08:21:11","servicenow-incidents-000001"
"2026-04-27 08:28:51","servicenow-incidents-000001"
"2026-04-22 07:32:18","servicenow-incidents-000001"
"2026-04-27 11:58:37","servicenow-incidents-000001"
"2026-04-28 07:59:51","servicenow-incidents-000001"
"2026-04-26 19:06:29","servicenow-incidents-000001"
"2026-04-26 19:06:29","servicenow-incidents-000001"
"2026-04-27 11:50:25","servicenow-incidents-000001"
"2026-04-27 11:50:21","servicenow-incidents-000001"
"2026-04-27 11:50:21","servicenow-incidents-000001"
"2026-04-27 18:30:31","servicenow-incidents-000001"
"2026-04-27 18:45:41","servicenow-incidents-000001"
"2026-04-27 14:24:24","servicenow-incidents-000001"
"2026-04-27 06:53:23","servicenow-incidents-000001"
"2026-04-27 17:53:59","servicenow-incidents-000001"
"2026-04-27 06:53:23","servicenow-incidents-000001"
"2026-04-27 11:40:39","servicenow-incidents-000001"
"2026-04-27 17:54:30","servicenow-incidents-000001"
"2026-04-27 11:40:43","servicenow-incidents-000001"
"2026-04-27 11:40:27","servicenow-incidents-000001"
"2026-04-27 14:23:45","servicenow-incidents-000001"
"2026-04-28 07:47:33","servicenow-incidents-000001"
"2026-04-27 14:23:47","servicenow-incidents-000001"
"2026-04-27 14:23:49","servicenow-incidents-000001"
"2026-04-27 17:53:59","servicenow-incidents-000001"
"2026-04-27 17:42:38","servicenow-incidents-000001"
"2026-04-28 06:52:49","servicenow-incidents-000001"
"2026-04-27 08:58:08","servicenow-incidents-000001"
"2026-04-27 13:28:30","servicenow-incidents-000001"
"2026-04-28 07:05:55","servicenow-incidents-000001"
"2026-04-27 14:00:46","servicenow-incidents-000001"
"2026-04-27 08:28:25","servicenow-incidents-000001"
"2026-04-22 10:05:26","servicenow-incidents-000001"
"2026-04-27 10:10:28","servicenow-incidents-000001"
"2026-04-27 10:10:28","servicenow-incidents-000001"
"2026-04-27 14:35:54","servicenow-incidents-000001"
"2026-04-28 03:10:50","servicenow-incidents-000001"
"2026-04-27 14:35:37","servicenow-incidents-000001"
"2026-04-27 14:35:34","servicenow-incidents-000001"
"2026-04-27 17:43:30","servicenow-incidents-000001"
"2026-04-27 17:43:28","servicenow-incidents-000001"
"2026-04-27 17:43:28","servicenow-incidents-000001"
"2026-04-27 15:15:35","servicenow-incidents-000001"
"2026-04-27 17:53:37","servicenow-incidents-000001"
"2026-04-27 17:09:09","servicenow-incidents-000001"
"2026-04-27 17:07:18","servicenow-incidents-000001"
"2026-04-20 13:31:55","servicenow-incidents-000001"
"2026-04-28 06:18:51","servicenow-incidents-000001"
"2026-04-28 01:19:13","servicenow-incidents-000001"
"2026-04-20 06:05:06","servicenow-incidents-000001"
"2026-04-28 06:39:59","servicenow-incidents-000001"
"2026-04-28 06:21:13","servicenow-incidents-000001"
"2026-04-24 11:49:04","servicenow-incidents-000001"
"2026-04-24 14:54:44","servicenow-incidents-000001"
"2026-04-28 07:18:20","servicenow-incidents-000001"
"2026-04-27 17:26:09","servicenow-incidents-000001"
"2026-04-27 04:23:27","servicenow-incidents-000001"
"2026-04-28 07:07:50","servicenow-incidents-000001"
"2026-04-27 06:15:27","servicenow-incidents-000001"
"2026-04-27 06:15:36","servicenow-incidents-000001"
"2026-04-27 06:15:49","servicenow-incidents-000001"
"2026-04-27 05:25:40","servicenow-incidents-000001"
"2026-04-27 05:25:50","servicenow-incidents-000001"
"2026-04-27 06:15:47","servicenow-incidents-000001"
"2026-04-27 06:15:50","servicenow-incidents-000001"
"2026-04-27 06:15:36","servicenow-incidents-000001"
"2026-04-27 06:15:47","servicenow-incidents-000001"
"2026-04-27 06:15:47","servicenow-incidents-000001"
"2026-04-27 06:15:26","servicenow-incidents-000001"
"2026-04-28 06:34:09","servicenow-incidents-000001"
"2026-04-27 06:15:50","servicenow-incidents-000001"
"2026-04-22 09:34:16","servicenow-incidents-000001"
"2026-04-28 06:55:24","servicenow-incidents-000001"
"2026-04-25 02:40:04","servicenow-incidents-000001"
"2026-04-27 16:15:21","servicenow-incidents-000001"
"2026-04-22 09:20:08","servicenow-incidents-000001"
"2026-04-27 08:57:39","servicenow-incidents-000001"
"2026-04-23 01:49:50","servicenow-incidents-000001"
"2026-04-22 14:51:48","servicenow-incidents-000001"
"2026-04-28 06:52:27","servicenow-incidents-000001"
"2026-04-27 14:19:55","servicenow-incidents-000001"
"2026-04-28 03:36:49","servicenow-incidents-000001"
"2026-04-28 03:04:27","servicenow-incidents-000001"
"2026-04-28 03:20:53","servicenow-incidents-000001"
"2026-04-28 03:20:54","servicenow-incidents-000001"
"2026-04-27 09:44:17","servicenow-incidents-000001"
"2026-04-24 03:35:55","servicenow-incidents-000001"
"2026-04-24 04:28:00","servicenow-incidents-000001"
"2026-04-27 19:08:48","servicenow-incidents-000001"
"2026-04-28 06:20:55","servicenow-incidents-000001"
"2026-04-28 03:25:48","servicenow-incidents-000001"
"2026-04-27 08:28:34","servicenow-incidents-000001"
"2026-04-27 08:18:26","servicenow-incidents-000001"
"2026-04-27 08:28:34","servicenow-incidents-000001"
"2026-04-27 08:28:35","servicenow-incidents-000001"
"2026-04-27 08:18:41","servicenow-incidents-000001"
"2026-04-27 08:18:40","servicenow-incidents-000001"
"2026-04-27 08:18:31","servicenow-incidents-000001"
"2026-04-22 10:35:27","servicenow-incidents-000001"
"2026-04-28 06:19:45","servicenow-incidents-000001"
"2026-04-27 12:20:17","servicenow-incidents-000001"
"2026-04-25 18:04:54","servicenow-incidents-000001"
"2026-04-25 19:05:03","servicenow-incidents-000001"
"2026-04-27 23:35:40","servicenow-incidents-000001"
"2026-04-28 05:20:58","servicenow-incidents-000001"
"2026-04-27 23:50:42","servicenow-incidents-000001"
"2026-04-28 00:09:23","servicenow-incidents-000001"
"2026-04-28 05:34:22","servicenow-incidents-000001"
"2026-04-10 12:43:57","servicenow-incidents-000001"
"2026-04-28 06:05:53","servicenow-incidents-000001"
"2026-04-28 03:20:53","servicenow-incidents-000001"
"2026-04-28 06:05:53","servicenow-incidents-000001"
"2026-04-27 23:50:42","servicenow-incidents-000001"
"2026-04-28 05:44:47","servicenow-incidents-000001"
"2026-04-28 02:14:25","servicenow-incidents-000001"
"2026-04-28 06:13:02","servicenow-incidents-000001"
"2026-04-27 14:00:46","servicenow-incidents-000001"
"2026-04-27 22:50:38","servicenow-incidents-000001"
"2026-04-28 06:05:52","servicenow-incidents-000001"
"2026-04-27 14:01:03","servicenow-incidents-000001"
"2026-04-27 06:03:32","servicenow-incidents-000001"
"2026-04-28 02:24:29","servicenow-incidents-000001"
"2026-04-10 07:11:36","servicenow-incidents-000001"
"2026-04-27 06:03:31","servicenow-incidents-000001"
"2026-04-27 06:03:29","servicenow-incidents-000001"
"2026-04-27 23:50:42","servicenow-incidents-000001"
"2026-04-28 05:50:49","servicenow-incidents-000001"
"2026-04-28 05:29:37","servicenow-incidents-000001"
"2026-04-28 05:48:03","servicenow-incidents-000001"
"2026-04-27 14:25:30","servicenow-incidents-000001"
"2026-04-27 23:35:40","servicenow-incidents-000001"
"2026-04-28 05:26:58","servicenow-incidents-000001"
"2026-04-28 05:32:17","servicenow-incidents-000001"
"2026-04-28 00:05:44","servicenow-incidents-000001"
"2026-04-16 14:11:35","servicenow-incidents-000001"
"2026-04-16 13:15:01","servicenow-incidents-000001"
"2026-04-28 14:04:10","servicenow-incidents-000001"
"2026-04-17 16:56:13","servicenow-incidents-000001"
"2026-04-27 19:37:07","servicenow-incidents-000001"
"2026-04-23 13:15:16","servicenow-incidents-000001"
"2026-04-28 15:37:14","servicenow-incidents-000001"
"2026-04-24 15:08:00","servicenow-incidents-000001"
"2026-04-28 15:09:03","servicenow-incidents-000001"
"2026-04-26 17:01:35","servicenow-incidents-000001"
"2026-04-24 09:19:28","servicenow-incidents-000001"
"2026-04-28 11:19:02","servicenow-incidents-000001"
"2026-04-28 02:51:00","servicenow-incidents-000001"
"2026-04-28 03:11:50","servicenow-incidents-000001"
"2026-04-27 10:34:18","servicenow-incidents-000001"
"2026-04-27 10:33:43","servicenow-incidents-000001"
"2026-04-27 10:33:57","servicenow-incidents-000001"
"2026-04-27 10:33:33","servicenow-incidents-000001"
"2026-04-27 10:33:46","servicenow-incidents-000001"
"2026-04-27 10:33:59","servicenow-incidents-000001"
"2026-04-27 08:11:02","servicenow-incidents-000001"
"2026-04-27 12:58:49","servicenow-incidents-000001"
"2026-04-23 11:00:46","servicenow-incidents-000001"
"2026-04-27 13:20:36","servicenow-incidents-000001"
"2026-04-16 09:56:31","servicenow-incidents-000001"
"2026-04-27 06:48:02","servicenow-incidents-000001"
"2026-04-27 15:48:36","servicenow-incidents-000001"
"2026-04-27 15:48:35","servicenow-incidents-000001"
"2026-04-27 15:48:34","servicenow-incidents-000001"
"2026-04-27 15:43:38","servicenow-incidents-000001"
"2026-04-27 15:48:34","servicenow-incidents-000001"
"2026-04-27 13:12:21","servicenow-incidents-000001"
"2026-04-20 10:24:10","servicenow-incidents-000001"
"2026-04-27 15:45:55","servicenow-incidents-000001"
"2026-04-27 15:45:39","servicenow-incidents-000001"
"2026-04-27 15:45:39","servicenow-incidents-000001"
"2026-04-27 15:45:38","servicenow-incidents-000001"
"2026-04-24 13:07:58","servicenow-incidents-000001"
"2026-04-27 15:45:39","servicenow-incidents-000001"
"2026-04-27 15:45:39","servicenow-incidents-000001"
"2026-04-27 15:45:56","servicenow-incidents-000001"
"2026-04-27 15:43:50","servicenow-incidents-000001"
"2026-04-27 15:45:38","servicenow-incidents-000001"
"2026-04-27 15:43:48","servicenow-incidents-000001"
"2026-04-27 15:45:20","servicenow-incidents-000001"
"2026-04-22 07:12:41","servicenow-incidents-000001"
"2026-04-01 14:00:36","servicenow-incidents-000001"
"2026-04-27 13:59:27","servicenow-incidents-000001"
"2026-04-27 06:55:33","servicenow-incidents-000001"
"2026-04-27 08:55:28","servicenow-incidents-000001"
"2026-04-27 06:55:51","servicenow-incidents-000001"
"2026-04-27 11:45:25","servicenow-incidents-000001"
"2026-04-27 11:43:55","servicenow-incidents-000001"
"2026-04-27 06:58:56","servicenow-incidents-000001"
"2026-04-27 09:15:41","servicenow-incidents-000001"
"2026-04-27 11:45:25","servicenow-incidents-000001"
"2026-04-27 11:43:50","servicenow-incidents-000001"
"2026-04-27 11:43:39","servicenow-incidents-000001"
"2026-04-27 11:43:55","servicenow-incidents-000001"
"2026-04-27 11:43:38","servicenow-incidents-000001"
"2026-04-27 11:43:36","servicenow-incidents-000001"
"2026-04-27 12:43:49","servicenow-incidents-000001"
"2026-04-27 09:28:30","servicenow-incidents-000001"
"2026-04-27 06:56:05","servicenow-incidents-000001"
"2026-04-27 06:56:00","servicenow-incidents-000001"
"2026-04-27 09:26:32","servicenow-incidents-000001"
"2026-04-27 08:18:26","servicenow-incidents-000001"
"2026-04-27 09:28:29","servicenow-incidents-000001"
"2026-04-27 09:28:45","servicenow-incidents-000001"
"2026-04-27 09:28:29","servicenow-incidents-000001"
"2026-04-27 08:55:28","servicenow-incidents-000001"
"2026-04-27 08:55:28","servicenow-incidents-000001"
"2026-04-27 09:28:44","servicenow-incidents-000001"
"2026-04-27 14:55:46","servicenow-incidents-000001"
"2026-04-27 14:55:46","servicenow-incidents-000001"
"2026-04-27 14:55:42","servicenow-incidents-000001"
"2026-04-27 14:53:35","servicenow-incidents-000001"
"2026-04-27 14:55:42","servicenow-incidents-000001"
"2026-04-27 14:55:46","servicenow-incidents-000001"
"2026-04-27 14:53:39","servicenow-incidents-000001"
"2026-04-27 15:12:45","servicenow-incidents-000001"
"2026-04-27 11:43:27","servicenow-incidents-000001"
"2026-04-27 11:43:50","servicenow-incidents-000001"
"2026-04-27 11:43:36","servicenow-incidents-000001"
"2026-04-27 11:43:36","servicenow-incidents-000001"
"2026-04-27 15:34:53","servicenow-incidents-000001"
"2026-04-27 15:30:45","servicenow-incidents-000001"
"2026-04-21 09:50:32","servicenow-incidents-000001"
"2026-04-27 14:50:16","servicenow-incidents-000001"
"2026-04-27 14:58:32","servicenow-incidents-000001"
"2026-04-27 14:54:06","servicenow-incidents-000001"
"2026-04-27 14:58:30","servicenow-incidents-000001"
"2026-04-27 14:54:38","servicenow-incidents-000001"
"2026-04-27 14:54:06","servicenow-incidents-000001"
"2026-04-27 14:53:52","servicenow-incidents-000001"
"2026-04-27 14:53:59","servicenow-incidents-000001"
"2026-04-27 14:54:19","servicenow-incidents-000001"
"2026-04-27 14:54:19","servicenow-incidents-000001"
"2026-04-27 14:53:53","servicenow-incidents-000001"
"2026-04-27 14:53:52","servicenow-incidents-000001"
"2026-04-27 14:53:39","servicenow-incidents-000001"
"2026-04-27 14:54:19","servicenow-incidents-000001"
"2026-04-27 14:53:35","servicenow-incidents-000001"
"2026-04-27 14:03:53","servicenow-incidents-000001"
"2026-04-27 14:58:39","servicenow-incidents-000001"
"2026-04-27 14:54:09","servicenow-incidents-000001"
"2026-04-27 14:53:52","servicenow-incidents-000001"
"2026-04-27 11:05:24","servicenow-incidents-000001"
"2026-04-27 14:53:59","servicenow-incidents-000001"
"2026-04-27 14:53:35","servicenow-incidents-000001"
"2026-04-27 14:59:03","servicenow-incidents-000001"
"2026-04-27 14:46:32","servicenow-incidents-000001"
"2026-04-27 15:00:04","servicenow-incidents-000001"
"2026-04-27 10:16:45","servicenow-incidents-000001"
"2026-04-27 09:28:31","servicenow-incidents-000001"
"2026-04-27 09:28:48","servicenow-incidents-000001"
"2026-04-27 09:28:47","servicenow-incidents-000001"
"2026-04-27 09:28:30","servicenow-incidents-000001"
"2026-04-27 09:28:31","servicenow-incidents-000001"
"2026-04-27 09:28:48","servicenow-incidents-000001"
"2026-04-27 14:47:01","servicenow-incidents-000001"
"2026-04-27 14:53:39","servicenow-incidents-000001"
"2026-04-27 14:58:39","servicenow-incidents-000001"
"2026-04-27 09:53:55","servicenow-incidents-000001"
"2026-04-27 06:58:41","servicenow-incidents-000001"
"2026-04-27 08:18:47","servicenow-incidents-000001"
"2026-04-27 08:18:30","servicenow-incidents-000001"
"2026-04-27 08:18:26","servicenow-incidents-000001"
"2026-04-27 14:47:29","servicenow-incidents-000001"
"2026-04-27 08:18:31","servicenow-incidents-000001"
"2026-04-27 14:46:35","servicenow-incidents-000001"
"2026-04-27 09:53:53","servicenow-incidents-000001"
"2026-04-27 14:46:18","servicenow-incidents-000001"
"2026-04-27 09:53:55","servicenow-incidents-000001"
"2026-04-27 06:55:38","servicenow-incidents-000001"
"2026-04-27 06:56:04","servicenow-incidents-000001"
"2026-04-27 06:55:47","servicenow-incidents-000001"
"2026-04-27 14:58:08","servicenow-incidents-000001"
"2026-04-27 06:55:51","servicenow-incidents-000001"
"2026-04-23 15:56:45","servicenow-incidents-000001"
"2026-04-27 14:58:50","servicenow-incidents-000001"
"2026-04-27 06:55:37","servicenow-incidents-000001"
"2026-04-27 09:53:41","servicenow-incidents-000001"
"2026-04-27 09:53:39","servicenow-incidents-000001"
"2026-04-27 09:53:24","servicenow-incidents-000001"
"2026-04-27 09:53:56","servicenow-incidents-000001"
"2026-04-27 10:18:33","servicenow-incidents-000001"
"2026-04-27 14:58:53","servicenow-incidents-000001"
"2026-04-27 14:58:53","servicenow-incidents-000001"
"2026-04-27 14:58:42","servicenow-incidents-000001"
"2026-04-27 09:53:39","servicenow-incidents-000001"
"2026-04-27 09:53:37","servicenow-incidents-000001"
"2026-04-27 14:58:30","servicenow-incidents-000001"
"2026-04-27 14:39:37","servicenow-incidents-000001"
"2026-04-28 05:55:18","servicenow-incidents-000001"
"2026-04-23 10:38:19","servicenow-incidents-000001"
"2026-04-24 11:23:48","servicenow-incidents-000001"
"2026-04-17 14:27:41","servicenow-incidents-000001"
"2026-04-27 14:24:04","servicenow-incidents-000001"
"2026-04-27 14:23:48","servicenow-incidents-000001"
"2026-04-27 13:56:06","servicenow-incidents-000001"
"2026-04-27 13:54:10","servicenow-incidents-000001"
"2026-04-27 13:56:13","servicenow-incidents-000001"
"2026-04-27 13:50:40","servicenow-incidents-000001"
"2026-04-27 13:53:54","servicenow-incidents-000001"
"2026-04-27 13:50:40","servicenow-incidents-000001"
"2026-04-27 13:50:40","servicenow-incidents-000001"
"2026-04-27 13:45:55","servicenow-incidents-000001"
"2026-04-27 13:45:55","servicenow-incidents-000001"
"2026-04-27 13:45:46","servicenow-incidents-000001"
"2026-04-27 11:58:30","servicenow-incidents-000001"
"2026-04-27 13:54:10","servicenow-incidents-000001"
"2026-04-27 11:58:37","servicenow-incidents-000001"
"2026-04-27 13:53:36","servicenow-incidents-000001"
"2026-04-27 13:53:37","servicenow-incidents-000001"
"2026-04-27 13:53:54","servicenow-incidents-000001"
"2026-04-27 13:54:09","servicenow-incidents-000001"
"2026-04-27 05:10:46","servicenow-incidents-000001"
"2026-04-27 05:10:48","servicenow-incidents-000001"
"2026-04-27 05:10:33","servicenow-incidents-000001"
"2026-04-27 05:10:46","servicenow-incidents-000001"
"2026-04-27 05:10:48","servicenow-incidents-000001"
"2026-04-27 05:10:31","servicenow-incidents-000001"
"2026-04-27 05:10:32","servicenow-incidents-000001"
"2026-04-27 13:56:14","servicenow-incidents-000001"
"2026-04-27 06:58:42","servicenow-incidents-000001"
"2026-04-27 05:10:46","servicenow-incidents-000001"
"2026-04-27 12:18:50","servicenow-incidents-000001"
"2026-04-27 12:18:50","servicenow-incidents-000001"
"2026-04-27 12:18:55","servicenow-incidents-000001"
"2026-04-27 12:18:36","servicenow-incidents-000001"
"2026-04-27 12:18:39","servicenow-incidents-000001"
"2026-04-27 12:18:50","servicenow-incidents-000001"
"2026-04-27 12:19:03","servicenow-incidents-000001"
"2026-04-27 12:18:55","servicenow-incidents-000001"
"2026-04-27 12:19:12","servicenow-incidents-000001"
"2026-04-27 12:04:23","servicenow-incidents-000001"
"2026-04-27 12:18:36","servicenow-incidents-000001"
"2026-04-27 13:56:14","servicenow-incidents-000001"
"2026-04-27 13:56:05","servicenow-incidents-000001"
"2026-04-27 13:56:13","servicenow-incidents-000001"
"2026-04-27 12:03:56","servicenow-incidents-000001"
"2026-04-27 12:03:55","servicenow-incidents-000001"
"2026-04-27 13:54:26","servicenow-incidents-000001"
"2026-04-27 13:54:26","servicenow-incidents-000001"
"2026-04-27 09:27:45","servicenow-incidents-000001"
"2026-04-27 13:36:04","servicenow-incidents-000001"
"2026-04-27 13:31:27","servicenow-incidents-000001"
"2026-04-18 07:13:43","servicenow-incidents-000001"
"2026-04-27 08:55:28","servicenow-incidents-000001"
"2026-04-27 06:58:41","servicenow-incidents-000001"
"2026-04-27 06:55:24","servicenow-incidents-000001"
"2026-04-27 06:55:24","servicenow-incidents-000001"
"2026-04-27 08:55:28","servicenow-incidents-000001"
"2026-04-27 13:15:32","servicenow-incidents-000001"
"2026-04-27 12:18:55","servicenow-incidents-000001"
"2026-04-27 12:18:28","servicenow-incidents-000001"
"2026-04-27 12:18:36","servicenow-incidents-000001"
"2026-04-27 12:18:38","servicenow-incidents-000001"
"2026-04-27 11:58:28","servicenow-incidents-000001"
"2026-04-27 06:55:25","servicenow-incidents-000001"
"2026-04-27 12:18:39","servicenow-incidents-000001"
"2026-04-27 11:58:30","servicenow-incidents-000001"
"2026-04-27 06:55:25","servicenow-incidents-000001"
"2026-04-27 05:10:32","servicenow-incidents-000001"
"2026-04-27 05:10:33","servicenow-incidents-000001"
"2026-04-22 09:07:23","servicenow-incidents-000001"
"2026-04-22 15:16:49","servicenow-incidents-000001"
"2026-04-27 14:38:55","servicenow-incidents-000001"
"2026-04-27 14:38:53","servicenow-incidents-000001"
"2026-04-27 14:38:53","servicenow-incidents-000001"
"2026-04-27 14:35:48","servicenow-incidents-000001"
"2026-04-27 14:35:34","servicenow-incidents-000001"
"2026-04-27 12:10:03","servicenow-incidents-000001"
"2026-04-27 14:35:54","servicenow-incidents-000001"
"2026-04-27 14:24:05","servicenow-incidents-000001"
"2026-04-27 14:24:22","servicenow-incidents-000001"
"2026-04-27 14:36:02","servicenow-incidents-000001"
"2026-04-27 14:23:31","servicenow-incidents-000001"
"2026-04-27 14:36:10","servicenow-incidents-000001"
"2026-04-27 14:24:05","servicenow-incidents-000001"
"2026-04-27 14:23:48","servicenow-incidents-000001"
"2026-04-27 14:36:02","servicenow-incidents-000001"
"2026-04-27 14:36:10","servicenow-incidents-000001"
"2026-04-27 14:23:32","servicenow-incidents-000001"
"2026-04-27 14:35:34","servicenow-incidents-000001"
"2026-04-28 15:12:20","servicenow-incidents-000001"
"2026-04-22 14:11:10","servicenow-incidents-000001"
"2026-04-27 13:30:39","servicenow-incidents-000001"
"2026-04-27 13:33:08","servicenow-incidents-000001"
"2026-04-27 13:25:31","servicenow-incidents-000001"
"2026-04-27 13:25:35","servicenow-incidents-000001"
"2026-04-24 20:05:06","servicenow-incidents-000001"
"2026-04-27 13:25:31","servicenow-incidents-000001"
"2026-04-27 13:18:46","servicenow-incidents-000001"
"2026-04-23 10:22:21","servicenow-incidents-000001"
"2026-04-27 13:11:09","servicenow-incidents-000001"
"2026-04-27 13:25:35","servicenow-incidents-000001"
"2026-04-27 13:06:31","servicenow-incidents-000001"
"2026-04-27 12:26:15","servicenow-incidents-000001"
"2026-04-27 12:20:30","servicenow-incidents-000001"
"2026-04-27 06:21:27","servicenow-incidents-000001"
"2026-04-27 06:21:31","servicenow-incidents-000001"
"2026-04-27 08:47:06","servicenow-incidents-000001"
"2026-04-27 10:16:52","servicenow-incidents-000001"
"2026-04-27 12:58:04","servicenow-incidents-000001"
"2026-04-27 12:49:19","servicenow-incidents-000001"
"2026-04-27 10:57:03","servicenow-incidents-000001"
"2026-04-27 12:34:46","servicenow-incidents-000001"
"2026-04-27 12:11:04","servicenow-incidents-000001"
"2026-04-27 13:08:05","servicenow-incidents-000001"
"2026-04-27 10:56:58","servicenow-incidents-000001"
"2026-04-27 10:28:36","servicenow-incidents-000001"
"2026-04-27 10:28:35","servicenow-incidents-000001"
"2026-04-27 11:44:28","servicenow-incidents-000001"
"2026-04-27 12:35:18","servicenow-incidents-000001"
"2026-04-27 12:28:31","servicenow-incidents-000001"
"2026-04-27 10:25:33","servicenow-incidents-000001"
"2026-04-27 10:25:50","servicenow-incidents-000001"
"2026-04-27 11:09:30","servicenow-incidents-000001"
"2026-04-27 10:25:33","servicenow-incidents-000001"
"2026-04-24 19:12:41","servicenow-incidents-000001"
"2026-04-27 11:05:15","servicenow-incidents-000001"
"2026-04-20 08:35:20","servicenow-incidents-000001"
"2026-04-21 12:39:05","servicenow-incidents-000001"
"2026-04-27 11:02:17","servicenow-incidents-000001"
"2026-04-28 15:25:57","servicenow-incidents-000001"
"2026-04-27 09:43:56","servicenow-incidents-000001"
"2026-04-27 11:41:13","servicenow-incidents-000001"
"2026-04-27 11:48:31","servicenow-incidents-000001"
"2026-04-27 11:40:52","servicenow-incidents-000001"
"2026-04-27 11:48:31","servicenow-incidents-000001"
"2026-04-23 19:12:49","servicenow-incidents-000001"
"2026-04-27 11:48:34","servicenow-incidents-000001"
"2026-04-24 12:07:38","servicenow-incidents-000001"
"2026-04-27 11:04:27","servicenow-incidents-000001"
"2026-04-27 04:38:23","servicenow-incidents-000001"
"2026-04-27 11:40:52","servicenow-incidents-000001"
"2026-04-27 08:02:44","servicenow-incidents-000001"
"2026-04-24 08:27:31","servicenow-incidents-000001"
"2026-04-23 15:22:10","servicenow-incidents-000001"
"2026-04-27 11:35:36","servicenow-incidents-000001"
"2026-04-27 12:07:41","servicenow-incidents-000001"
"2026-04-27 11:50:10","servicenow-incidents-000001"
"2026-04-21 09:23:49","servicenow-incidents-000001"
"2026-04-27 11:53:30","servicenow-incidents-000001"
"2026-04-27 11:58:40","servicenow-incidents-000001"
"2026-04-27 07:35:19","servicenow-incidents-000001"
"2026-04-27 11:50:38","servicenow-incidents-000001"
"2026-04-27 11:48:34","servicenow-incidents-000001"
"2026-04-27 11:50:37","servicenow-incidents-000001"
"2026-04-09 13:57:51","servicenow-incidents-000001"
"2026-04-27 11:58:54","servicenow-incidents-000001"
"2026-04-27 11:48:35","servicenow-incidents-000001"
"2026-04-27 11:58:49","servicenow-incidents-000001"
"2026-04-24 13:29:14","servicenow-incidents-000001"
"2026-04-27 11:58:49","servicenow-incidents-000001"
"2026-04-27 11:58:42","servicenow-incidents-000001"
"2026-04-24 18:11:01","servicenow-incidents-000001"
"2026-04-27 09:50:53","servicenow-incidents-000001"
"2026-04-27 07:23:26","servicenow-incidents-000001"
"2026-04-27 07:23:28","servicenow-incidents-000001"
"2026-04-27 07:23:26","servicenow-incidents-000001"
"2026-04-27 07:23:25","servicenow-incidents-000001"
"2026-04-27 11:41:11","servicenow-incidents-000001"
"2026-04-23 19:12:49","servicenow-incidents-000001"
"2026-04-27 08:48:48","servicenow-incidents-000001"
"2026-04-07 11:07:42","servicenow-incidents-000001"
"2026-04-24 14:07:23","servicenow-incidents-000001"
"2026-04-27 11:12:50","servicenow-incidents-000001"
"2026-04-27 11:47:36","servicenow-incidents-000001"
"2026-04-27 11:50:37","servicenow-incidents-000001"
"2026-04-27 11:40:55","servicenow-incidents-000001"
"2026-04-24 13:51:00","servicenow-incidents-000001"
"2026-04-27 11:40:43","servicenow-incidents-000001"
"2026-04-27 11:41:13","servicenow-incidents-000001"
"2026-04-27 11:48:31","servicenow-incidents-000001"
"2026-04-27 11:39:30","servicenow-incidents-000001"
"2026-04-27 11:40:56","servicenow-incidents-000001"
"2026-04-27 11:35:35","servicenow-incidents-000001"
"2026-04-27 10:10:39","servicenow-incidents-000001"
"2026-04-27 12:42:17","servicenow-incidents-000001"
"2026-04-27 11:35:32","servicenow-incidents-000001"
"2026-04-27 10:55:31","servicenow-incidents-000001"
"2026-04-27 10:56:45","servicenow-incidents-000001"
"2026-04-27 11:58:51","servicenow-incidents-000001"
"2026-04-27 07:23:27","servicenow-incidents-000001"
"2026-04-21 09:46:21","servicenow-incidents-000001"
"2026-04-17 09:30:34","servicenow-incidents-000001"
"2026-04-21 10:49:53","servicenow-incidents-000001"
"2026-04-23 02:34:50","servicenow-incidents-000001"
"2026-04-23 16:17:30","servicenow-incidents-000001"
"2026-04-13 12:51:33","servicenow-incidents-000001"
"2026-04-28 11:56:16","servicenow-incidents-000001"
"2026-04-23 13:13:42","servicenow-incidents-000001"
"2026-04-25 16:36:43","servicenow-incidents-000001"
"2026-04-24 10:07:26","servicenow-incidents-000001"
"2026-04-21 08:36:46","servicenow-incidents-000001"
"2026-04-27 08:13:10","servicenow-incidents-000001"
"2026-04-23 02:12:41","servicenow-incidents-000001"
"2026-04-27 09:29:23","servicenow-incidents-000001"
"2026-04-27 08:21:37","servicenow-incidents-000001"
"2026-04-27 08:21:22","servicenow-incidents-000001"
"2026-04-27 08:21:22","servicenow-incidents-000001"
"2026-04-27 08:21:24","servicenow-incidents-000001"
"2026-04-27 10:58:29","servicenow-incidents-000001"
"2026-04-27 10:58:33","servicenow-incidents-000001"
"2026-04-27 11:00:30","servicenow-incidents-000001"
"2026-04-27 04:24:22","servicenow-incidents-000001"
"2026-04-24 12:58:57","servicenow-incidents-000001"
"2026-04-27 11:00:30","servicenow-incidents-000001"
"2026-04-27 10:25:12","servicenow-incidents-000001"
"2026-04-27 09:54:36","servicenow-incidents-000001"
"2026-04-23 02:04:26","servicenow-incidents-000001"
"2026-04-20 14:38:37","servicenow-incidents-000001"
"2026-04-22 11:14:39","servicenow-incidents-000001"
"2026-04-23 15:49:36","servicenow-incidents-000001"
"2026-04-23 08:26:58","servicenow-incidents-000001"
"2026-04-23 10:21:37","servicenow-incidents-000001"
"2026-04-27 10:56:13","servicenow-incidents-000001"
"2026-04-14 16:15:12","servicenow-incidents-000001"
"2026-04-27 10:37:51","servicenow-incidents-000001"
"2026-04-22 16:48:23","servicenow-incidents-000001"
"2026-04-21 12:24:12","servicenow-incidents-000001"
"2026-04-20 14:54:31","servicenow-incidents-000001"
"2026-04-24 14:23:21","servicenow-incidents-000001"
"2026-04-27 10:49:29","servicenow-incidents-000001"
"2026-04-14 16:11:43","servicenow-incidents-000001"
"2026-04-27 11:06:07","servicenow-incidents-000001"
"2026-04-27 11:00:30","servicenow-incidents-000001"
"2026-04-23 11:57:41","servicenow-incidents-000001"
"2026-04-27 10:57:24","servicenow-incidents-000001"
"2026-04-24 10:09:53","servicenow-incidents-000001"
"2026-04-24 12:31:26","servicenow-incidents-000001"
"2026-04-20 13:08:01","servicenow-incidents-000001"
"2026-04-28 08:18:34","servicenow-incidents-000001"
"2026-03-25 13:16:43","servicenow-incidents-000001"
"2026-04-27 10:40:59","servicenow-incidents-000001"
"2026-04-27 09:43:32","servicenow-incidents-000001"
"2026-04-27 10:25:40","servicenow-incidents-000001"
"2026-04-24 18:49:30","servicenow-incidents-000001"
"2026-04-27 10:18:44","servicenow-incidents-000001"
"2026-04-24 06:09:49","servicenow-incidents-000001"
"2026-04-27 10:18:47","servicenow-incidents-000001"
"2026-04-27 10:18:44","servicenow-incidents-000001"
"2026-04-27 10:18:44","servicenow-incidents-000001"
"2026-04-27 10:18:31","servicenow-incidents-000001"
"2026-04-27 10:18:31","servicenow-incidents-000001"
"2026-04-27 09:44:29","servicenow-incidents-000001"
"2026-04-27 10:18:33","servicenow-incidents-000001"
"2026-04-22 11:49:43","servicenow-incidents-000001"
"2026-04-27 10:18:33","servicenow-incidents-000001"
"2026-04-27 10:18:47","servicenow-incidents-000001"
"2026-04-27 10:18:33","servicenow-incidents-000001"
"2026-04-27 10:11:39","servicenow-incidents-000001"
"2026-04-27 10:15:49","servicenow-incidents-000001"
"2026-04-27 10:15:35","servicenow-incidents-000001"
"2026-04-27 10:15:35","servicenow-incidents-000001"
"2026-04-27 10:15:49","servicenow-incidents-000001"
"2026-04-27 10:12:52","servicenow-incidents-000001"
"2026-04-27 10:05:29","servicenow-incidents-000001"
"2026-04-21 09:11:53","servicenow-incidents-000001"
"2026-04-27 10:19:27","servicenow-incidents-000001"
"2026-04-23 07:26:27","servicenow-incidents-000001"
"2026-04-27 10:03:33","servicenow-incidents-000001"
"2026-04-27 08:07:11","servicenow-incidents-000001"
"2026-04-27 10:15:35","servicenow-incidents-000001"
"2026-04-27 10:19:01","servicenow-incidents-000001"
"2026-04-27 10:18:47","servicenow-incidents-000001"
"2026-04-27 10:18:57","servicenow-incidents-000001"
"2026-04-27 09:53:52","servicenow-incidents-000001"
"2026-04-27 10:18:31","servicenow-incidents-000001"
"2026-04-27 09:53:39","servicenow-incidents-000001"
"2026-04-27 10:05:42","servicenow-incidents-000001"
"2026-04-27 07:09:11","servicenow-incidents-000001"
"2026-04-24 15:42:09","servicenow-incidents-000001"
"2026-04-27 08:50:24","servicenow-incidents-000001"
"2026-04-27 10:10:00","servicenow-incidents-000001"
"2026-04-25 00:14:47","servicenow-incidents-000001"
"2026-04-27 09:53:40","servicenow-incidents-000001"
"2026-04-27 09:45:52","servicenow-incidents-000001"
"2026-04-27 09:45:45","servicenow-incidents-000001"
"2026-04-27 09:45:31","servicenow-incidents-000001"
"2026-04-27 09:48:31","servicenow-incidents-000001"
"2026-04-27 09:48:30","servicenow-incidents-000001"
"2026-04-27 09:45:52","servicenow-incidents-000001"
"2026-04-27 09:45:35","servicenow-incidents-000001"
"2026-04-27 09:45:44","servicenow-incidents-000001"
"2026-04-27 09:45:52","servicenow-incidents-000001"
"2026-04-27 09:46:09","servicenow-incidents-000001"
"2026-04-27 09:45:45","servicenow-incidents-000001"
"2026-04-27 09:45:35","servicenow-incidents-000001"
"2026-04-27 09:45:57","servicenow-incidents-000001"
"2026-04-27 09:45:57","servicenow-incidents-000001"
"2026-04-27 09:45:35","servicenow-incidents-000001"
"2026-04-27 09:45:31","servicenow-incidents-000001"
"2026-04-27 09:46:08","servicenow-incidents-000001"
"2026-04-27 09:45:32","servicenow-incidents-000001"
"2026-04-27 09:44:09","servicenow-incidents-000001"
"2026-04-09 15:01:36","servicenow-incidents-000001"
"2026-04-22 12:55:13","servicenow-incidents-000001"
"2026-04-27 09:43:41","servicenow-incidents-000001"
"2026-04-24 08:46:32","servicenow-incidents-000001"
"2026-04-27 09:53:37","servicenow-incidents-000001"
"2026-04-14 14:47:06","servicenow-incidents-000001"
"2026-04-27 09:48:31","servicenow-incidents-000001"
"2026-04-20 14:22:55","servicenow-incidents-000001"
"2026-04-20 16:03:54","servicenow-incidents-000001"
"2026-04-13 11:22:56","servicenow-incidents-000001"
"2026-04-24 07:21:44","servicenow-incidents-000001"
"2026-04-21 16:12:58","servicenow-incidents-000001"
"2026-04-25 22:05:43","servicenow-incidents-000001"
"2026-04-27 06:43:13","servicenow-incidents-000001"
"2026-04-27 09:26:31","servicenow-incidents-000001"
"2026-04-27 09:15:11","servicenow-incidents-000001"
"2026-04-26 00:20:41","servicenow-incidents-000001"
"2026-04-23 13:04:34","servicenow-incidents-000001"
"2026-04-24 12:52:49","servicenow-incidents-000001"
"2026-04-26 20:17:01","servicenow-incidents-000001"
"2026-04-27 09:29:11","servicenow-incidents-000001"
"2026-04-24 19:41:58","servicenow-incidents-000001"
"2026-04-27 09:21:07","servicenow-incidents-000001"
"2026-04-26 21:24:16","servicenow-incidents-000001"
"2026-04-27 09:22:15","servicenow-incidents-000001"
"2026-04-27 07:00:32","servicenow-incidents-000001"
"2026-04-22 14:14:20","servicenow-incidents-000001"
"2026-04-22 13:57:27","servicenow-incidents-000001"
"2026-04-22 10:23:52","servicenow-incidents-000001"
"2026-04-20 09:12:16","servicenow-incidents-000001"
"2026-04-27 09:14:34","servicenow-incidents-000001"
"2026-04-22 09:27:09","servicenow-incidents-000001"
"2026-04-27 09:06:29","servicenow-incidents-000001"
"2026-04-22 03:18:30","servicenow-incidents-000001"
"2026-04-27 09:06:31","servicenow-incidents-000001"
"2026-04-26 20:35:41","servicenow-incidents-000001"
"2026-04-27 01:27:07","servicenow-incidents-000001"
"2026-04-27 09:14:27","servicenow-incidents-000001"
"2026-04-27 00:24:19","servicenow-incidents-000001"
"2026-04-22 11:31:08","servicenow-incidents-000001"
"2026-04-27 09:14:55","servicenow-incidents-000001"
"2026-04-23 13:12:56","servicenow-incidents-000001"
"2026-04-22 11:20:47","servicenow-incidents-000001"
"2026-04-27 06:53:27","servicenow-incidents-000001"
"2026-04-27 06:53:27","servicenow-incidents-000001"
"2026-04-22 15:35:42","servicenow-incidents-000001"
"2026-04-27 08:53:13","servicenow-incidents-000001"
"2026-04-21 17:55:17","servicenow-incidents-000001"
"2026-04-22 08:17:31","servicenow-incidents-000001"
"2026-04-27 08:40:57","servicenow-incidents-000001"
"2026-04-27 07:48:26","servicenow-incidents-000001"
"2026-04-23 09:59:42","servicenow-incidents-000001"
"2026-04-23 09:22:19","servicenow-incidents-000001"
"2026-04-24 11:12:49","servicenow-incidents-000001"
"2026-04-23 08:32:56","servicenow-incidents-000001"
"2026-04-16 08:18:55","servicenow-incidents-000001"
"2026-04-15 08:01:46","servicenow-incidents-000001"
"2026-04-27 05:17:53","servicenow-incidents-000001"
"2026-04-22 13:25:01","servicenow-incidents-000001"
"2026-04-22 17:07:29","servicenow-incidents-000001"
"2026-04-25 11:30:02","servicenow-incidents-000001"
"2026-04-27 02:05:09","servicenow-incidents-000001"
"2026-04-23 15:14:40","servicenow-incidents-000001"
"2026-04-24 12:12:57","servicenow-incidents-000001"
"2026-04-28 13:10:27","servicenow-incidents-000001"
"2026-04-08 14:30:23","servicenow-incidents-000001"
"2026-04-25 17:07:13","servicenow-incidents-000001"
"2026-04-19 20:31:09","servicenow-incidents-000001"
"2026-04-24 18:51:00","servicenow-incidents-000001"
"2026-04-24 20:22:02","servicenow-incidents-000001"
"2026-04-18 20:34:40","servicenow-incidents-000001"
"2026-04-25 16:41:09","servicenow-incidents-000001"
"2026-04-18 20:34:41","servicenow-incidents-000001"
"2026-04-18 20:34:40","servicenow-incidents-000001"
"2026-04-18 20:34:39","servicenow-incidents-000001"
"2026-04-25 19:14:17","servicenow-incidents-000001"
"2026-04-25 14:22:11","servicenow-incidents-000001"
"2026-04-18 20:34:39","servicenow-incidents-000001"
"2026-04-23 13:10:45","servicenow-incidents-000001"
"2026-04-25 14:14:11","servicenow-incidents-000001"
"2026-04-25 14:15:00","servicenow-incidents-000001"
"2026-04-25 14:14:10","servicenow-incidents-000001"
"2026-04-25 14:14:21","servicenow-incidents-000001"
"2026-04-24 23:09:09","servicenow-incidents-000001"
"2026-04-25 14:14:21","servicenow-incidents-000001"
"2026-04-24 23:33:58","servicenow-incidents-000001"
"2026-04-24 23:39:04","servicenow-incidents-000001"
"2026-04-24 23:39:04","servicenow-incidents-000001"
"2026-04-25 14:14:43","servicenow-incidents-000001"
"2026-04-24 23:14:11","servicenow-incidents-000001"
"2026-04-25 14:14:20","servicenow-incidents-000001"
"2026-04-24 23:44:11","servicenow-incidents-000001"
"2026-04-25 13:49:24","servicenow-incidents-000001"
"2026-04-25 13:21:10","servicenow-incidents-000001"
"2026-04-25 13:49:15","servicenow-incidents-000001"
"2026-04-25 13:49:32","servicenow-incidents-000001"
"2026-04-25 13:49:31","servicenow-incidents-000001"
"2026-04-25 13:49:11","servicenow-incidents-000001"
"2026-04-25 14:14:28","servicenow-incidents-000001"
"2026-04-24 23:14:20","servicenow-incidents-000001"
"2026-04-24 22:44:04","servicenow-incidents-000001"
"2026-04-24 23:19:06","servicenow-incidents-000001"
"2026-04-24 22:44:19","servicenow-incidents-000001"
"2026-04-24 23:13:57","servicenow-incidents-000001"
"2026-04-24 22:44:19","servicenow-incidents-000001"
"2026-04-24 22:44:18","servicenow-incidents-000001"
"2026-04-24 22:44:18","servicenow-incidents-000001"
"2026-04-25 13:49:23","servicenow-incidents-000001"
"2026-04-25 13:49:15","servicenow-incidents-000001"
"2026-04-24 23:14:08","servicenow-incidents-000001"
"2026-04-24 23:14:08","servicenow-incidents-000001"
"2026-04-24 22:49:01","servicenow-incidents-000001"
"2026-04-24 23:14:07","servicenow-incidents-000001"
"2026-04-24 23:09:22","servicenow-incidents-000001"
"2026-04-24 22:40:59","servicenow-incidents-000001"
"2026-04-25 13:49:14","servicenow-incidents-000001"
"2026-04-24 18:41:08","servicenow-incidents-000001"
"2026-04-21 09:46:25","servicenow-incidents-000001"
"2026-04-24 18:51:00","servicenow-incidents-000001"
"2026-04-25 10:22:13","servicenow-incidents-000001"
"2026-04-25 11:56:49","servicenow-incidents-000001"
"2026-04-19 20:31:09","servicenow-incidents-000001"
"2026-04-25 18:34:18","servicenow-incidents-000001"
"2026-04-25 18:09:42","servicenow-incidents-000001"
"2026-04-25 20:42:17","servicenow-incidents-000001"
"2026-04-25 18:35:46","servicenow-incidents-000001"
"2026-04-25 20:37:08","servicenow-incidents-000001"
"2026-04-25 19:35:15","servicenow-incidents-000001"
"2026-04-25 17:45:11","servicenow-incidents-000001"
"2026-04-25 19:19:16","servicenow-incidents-000001"
"2026-04-06 10:26:55","servicenow-incidents-000001"
"2026-04-12 23:48:43","servicenow-incidents-000001"
"2026-04-25 11:32:37","servicenow-incidents-000001"
"2026-04-25 09:19:51","servicenow-incidents-000001"
"2026-04-25 09:19:50","servicenow-incidents-000001"
"2026-04-25 08:24:09","servicenow-incidents-000001"
"2026-04-25 08:29:04","servicenow-incidents-000001"
"2026-04-25 07:50:02","servicenow-incidents-000001"
"2026-04-18 08:04:27","servicenow-incidents-000001"
"2026-04-25 07:50:02","servicenow-incidents-000001"
"2026-04-25 07:44:10","servicenow-incidents-000001"
"2026-04-25 07:44:09","servicenow-incidents-000001"
"2026-04-25 07:20:08","servicenow-incidents-000001"
"2026-04-25 07:20:10","servicenow-incidents-000001"
"2026-04-25 07:05:07","servicenow-incidents-000001"
"2026-04-25 07:04:05","servicenow-incidents-000001"
"2026-04-25 07:04:00","servicenow-incidents-000001"
"2026-04-25 06:26:31","servicenow-incidents-000001"
"2026-04-25 06:54:07","servicenow-incidents-000001"
"2026-04-25 06:50:03","servicenow-incidents-000001"
"2026-04-25 10:25:08","servicenow-incidents-000001"
"2026-04-22 04:04:48","servicenow-incidents-000001"
"2026-04-25 06:31:01","servicenow-incidents-000001"
"2026-04-23 22:04:44","servicenow-incidents-000001"
"2026-04-25 05:39:51","servicenow-incidents-000001"
"2026-04-25 05:37:09","servicenow-incidents-000001"
"2026-04-25 06:04:03","servicenow-incidents-000001"
"2026-04-25 06:44:01","servicenow-incidents-000001"
"2026-04-25 06:24:03","servicenow-incidents-000001"
"2026-04-25 06:44:00","servicenow-incidents-000001"
"2026-04-25 01:21:00","servicenow-incidents-000001"
"2026-04-24 19:04:46","servicenow-incidents-000001"
"2026-04-25 01:04:51","servicenow-incidents-000001"
"2026-04-24 23:46:57","servicenow-incidents-000001"
"2026-04-24 23:46:57","servicenow-incidents-000001"
"2026-04-24 23:46:57","servicenow-incidents-000001"
"2026-04-24 23:46:57","servicenow-incidents-000001"
"2026-04-24 23:46:57","servicenow-incidents-000001"
"2026-04-25 05:14:15","servicenow-incidents-000001"
"2026-04-25 05:04:18","servicenow-incidents-000001"
"2026-04-25 05:04:13","servicenow-incidents-000001"
"2026-04-24 23:28:59","servicenow-incidents-000001"
"2026-04-25 01:34:45","servicenow-incidents-000001"
"2026-04-25 03:10:59","servicenow-incidents-000001"
"2026-04-25 02:17:00","servicenow-incidents-000001"
"2026-04-25 03:14:05","servicenow-incidents-000001"
"2026-04-25 02:50:06","servicenow-incidents-000001"
"2026-04-25 03:11:12","servicenow-incidents-000001"
"2026-04-25 03:14:05","servicenow-incidents-000001"
"2026-04-25 01:53:59","servicenow-incidents-000001"
"2026-04-24 18:51:05","servicenow-incidents-000001"
"2026-04-25 02:24:04","servicenow-incidents-000001"
"2026-04-25 01:38:01","servicenow-incidents-000001"
"2026-04-25 03:04:59","servicenow-incidents-000001"
"2026-04-24 21:51:07","servicenow-incidents-000001"
"2026-04-25 02:53:58","servicenow-incidents-000001"
"2026-04-24 21:49:02","servicenow-incidents-000001"
"2026-04-24 13:43:56","servicenow-incidents-000001"
"2026-04-25 02:54:09","servicenow-incidents-000001"
"2026-04-24 23:59:35","servicenow-incidents-000001"
"2026-04-24 21:54:05","servicenow-incidents-000001"
"2026-04-25 02:04:05","servicenow-incidents-000001"
"2026-04-24 21:54:03","servicenow-incidents-000001"
"2026-04-25 02:54:08","servicenow-incidents-000001"
"2026-04-25 02:04:08","servicenow-incidents-000001"
"2026-04-25 01:58:57","servicenow-incidents-000001"
"2026-04-25 02:03:02","servicenow-incidents-000001"
"2026-04-21 02:05:38","servicenow-incidents-000001"
"2026-04-24 23:01:00","servicenow-incidents-000001"
"2026-04-24 20:40:47","servicenow-incidents-000001"
"2026-04-24 23:14:51","servicenow-incidents-000001"
"2026-04-25 03:03:20","servicenow-incidents-000001"
"2026-04-25 02:29:43","servicenow-incidents-000001"
"2026-04-20 15:19:20","servicenow-incidents-000001"
"2026-04-21 01:25:43","servicenow-incidents-000001"
"2026-04-20 13:42:34","servicenow-incidents-000001"
"2026-04-27 08:34:26","servicenow-incidents-000001"
"2026-04-23 15:57:52","servicenow-incidents-000001"
"2026-04-25 00:24:52","servicenow-incidents-000001"
"2026-04-22 12:16:32","servicenow-incidents-000001"
"2026-04-24 22:42:12","servicenow-incidents-000001"
"2026-04-24 23:54:49","servicenow-incidents-000001"
"2026-04-24 23:04:04","servicenow-incidents-000001"
"2026-04-24 23:04:02","servicenow-incidents-000001"
"2026-04-23 17:20:48","servicenow-incidents-000001"
"2026-04-24 23:04:02","servicenow-incidents-000001"
"2026-04-25 01:14:55","servicenow-incidents-000001"
"2026-04-24 11:43:50","servicenow-incidents-000001"
"2026-04-25 00:32:02","servicenow-incidents-000001"
"2026-04-22 15:24:25","servicenow-incidents-000001"
"2026-04-02 09:35:41","servicenow-incidents-000001"
"2026-04-25 01:14:56","servicenow-incidents-000001"
"2026-04-24 23:04:04","servicenow-incidents-000001"
"2026-04-24 22:38:05","servicenow-incidents-000001"
"2026-04-17 04:58:19","servicenow-incidents-000001"
"2026-04-21 11:45:28","servicenow-incidents-000001"
"2026-04-24 23:34:49","servicenow-incidents-000001"
"2026-04-24 23:04:58","servicenow-incidents-000001"
"2026-04-24 03:19:41","servicenow-incidents-000001"
"2026-04-24 23:39:04","servicenow-incidents-000001"
"2026-04-24 11:21:07","servicenow-incidents-000001"
"2026-04-27 08:20:16","servicenow-incidents-000001"
"2026-04-18 01:04:27","servicenow-incidents-000001"
"2026-04-25 01:14:59","servicenow-incidents-000001"
"2026-04-22 11:18:40","servicenow-incidents-000001"
"2026-04-24 22:19:12","servicenow-incidents-000001"
"2026-04-15 12:09:00","servicenow-incidents-000001"
"2026-04-22 10:53:43","servicenow-incidents-000001"
"2026-04-27 07:32:11","servicenow-incidents-000001"
"2026-04-27 01:12:08","servicenow-incidents-000001"
"2026-04-24 05:38:50","servicenow-incidents-000001"
"2026-04-16 16:14:08","servicenow-incidents-000001"
"2026-04-26 20:48:19","servicenow-incidents-000001"
"2026-04-27 04:03:30","servicenow-incidents-000001"
"2026-04-24 05:38:55","servicenow-incidents-000001"
"2026-04-20 22:05:24","servicenow-incidents-000001"
"2026-04-26 01:04:56","servicenow-incidents-000001"
"2026-04-21 23:14:47","servicenow-incidents-000001"
"2026-04-20 08:05:00","servicenow-incidents-000001"
"2026-04-25 20:35:03","servicenow-incidents-000001"
"2026-04-23 08:04:46","servicenow-incidents-000001"
"2026-04-23 08:26:23","servicenow-incidents-000001"
"2026-04-20 19:10:18","servicenow-incidents-000001"
"2026-04-25 01:04:50","servicenow-incidents-000001"
"2026-04-26 08:05:07","servicenow-incidents-000001"
"2026-04-21 23:59:52","servicenow-incidents-000001"
"2026-04-24 08:04:47","servicenow-incidents-000001"
"2026-04-25 08:04:51","servicenow-incidents-000001"
"2026-04-24 12:39:01","servicenow-incidents-000001"
"2026-04-21 08:09:47","servicenow-incidents-000001"
"2026-04-26 07:35:04","servicenow-incidents-000001"
"2026-04-27 07:39:39","servicenow-incidents-000001"
"2026-04-21 13:46:16","servicenow-incidents-000001"
"2026-04-21 12:38:48","servicenow-incidents-000001"
"2026-04-22 09:08:05","servicenow-incidents-000001"
"2026-04-23 09:00:55","servicenow-incidents-000001"
"2026-04-27 07:24:07","servicenow-incidents-000001"
"2026-04-23 10:42:23","servicenow-incidents-000001"
"2026-04-26 11:55:03","servicenow-incidents-000001"
"2026-04-25 03:55:08","servicenow-incidents-000001"
"2026-04-27 07:05:30","servicenow-incidents-000001"
"2026-04-21 08:28:03","servicenow-incidents-000001"
"2026-04-27 07:03:31","servicenow-incidents-000001"
"2026-03-24 14:47:45","servicenow-incidents-000001"
"2026-04-27 07:00:33","servicenow-incidents-000001"
"2026-04-23 11:23:17","servicenow-incidents-000001"
"2026-04-23 12:08:12","servicenow-incidents-000001"
"2026-04-22 07:51:28","servicenow-incidents-000001"
"2026-04-23 04:36:41","servicenow-incidents-000001"
"2026-04-20 11:01:49","servicenow-incidents-000001"
"2026-04-27 07:05:39","servicenow-incidents-000001"
"2026-04-27 06:33:05","servicenow-incidents-000001"
"2026-04-27 07:05:30","servicenow-incidents-000001"
"2026-04-27 07:00:50","servicenow-incidents-000001"
"2026-04-27 07:00:34","servicenow-incidents-000001"
"2026-04-27 06:23:30","servicenow-incidents-000001"
"2026-04-27 04:07:57","servicenow-incidents-000001"
"2026-04-23 13:34:12","servicenow-incidents-000001"
"2026-04-24 23:39:04","servicenow-incidents-000001"
"2026-04-24 22:39:08","servicenow-incidents-000001"
"2026-04-23 07:49:33","servicenow-incidents-000001"
"2026-04-23 10:05:55","servicenow-incidents-000001"
